scan_variable,scan_cut,muIsoCut,egmIsoCut,fixed_mu_iso,fixed_egm_iso,dPhiCut,mJJCut,pixelCut,signal_name,sig_A,sig_B,sig_C,sig_D,signalEff,AsimovSig,ACounts,BCounts,CCounts,DCounts,A_Unc,B_Unc,C_Unc,D_Unc,prediction,predictionUnc,closure,closureUnc,closureSignificance,tf_AC,tf_AC_unc,tf_BD,tf_BD_unc,tf_ratio,fixed_value,fixed_variable,scanned_variable
egm,0.0,0.1,0.0,0.1,0.1,2.0,150.0,3,2Mu2E_200GeV_0p25GeV_1p0mm_info,0.3103215767634855,0.062064315352697096,15.764336099585062,3.3204408713692946,0.015948963317384372,,0.0,2.187378730131629,563.0061555134087,5003.89293428883,0.0,1.1521374371022102,210.16196564678265,418.94740450804517,0.2461099199514021,0.1602147832503669,,,-1.5361249128103696,0.0,,0.0004371353981502618,0.00023313883944238136,0.0,0.1,muIsoCut,egmIsoCut
egm,0.01,0.1,0.01,0.1,0.1,2.0,150.0,3,2Mu2E_200GeV_0p25GeV_1p0mm_info,1.2723184647302905,0.3103215767634855,14.802339211618257,3.0721836099585063,0.06539074960127592,0.6256750440102778,3.731968562779276,32.16173668832171,559.2741869506293,4973.9185763306405,3.131520342952504,12.146109803197337,210.1386337275017,418.77288257640356,3.616309527638245,1.950428178057266,0.030991428034671697,0.9665782781509513,0.03135025613085529,0.006672878258743453,0.006134973060925182,0.00646607623240348,0.002501907898370219,1.0319826149440714,0.1,muIsoCut,egmIsoCut
egm,0.02,0.1,0.02,0.1,0.1,2.0,150.0,3,2Mu2E_200GeV_0p25GeV_1p0mm_info,3.444569502074689,0.7447717842323651,12.630088174273858,2.6377334024896264,0.17703349282296652,1.4640073559017268,4.497738308301394,99.58520144623412,558.5084172051073,4906.495111572727,3.2018354188456692,35.91458161367499,210.1375741138887,417.40675364950226,11.335825670263395,5.986155233123006,-1.5203390889463413,2.233923028045468,-1.0072819652337581,0.008053125377785738,0.0064842961283702654,0.02029660667781917,0.0075207012458197615,0.39677200753889913,0.1,muIsoCut,egmIsoCut
egm,0.03,0.1,0.03,0.1,0.1,2.0,150.0,3,2Mu2E_200GeV_0p25GeV_1p0mm_info,4.996177385892116,1.1171576763485478,11.078480290456431,2.265347510373444,0.25677830940988833,1.2517389182068712,14.349381081524188,164.44655712490197,548.6567744318844,4841.633755894059,6.228756496690992,39.15070988918415,210.0696417786834,417.1156639109523,18.635180219639803,8.553915704162034,-0.298674842752199,0.8204533826775067,-0.40502984167274775,0.02615365698597723,0.015137999404415552,0.03396509637365893,0.00859941795097822,0.7700156860517631,0.1,muIsoCut,egmIsoCut
egm,0.04,0.1,0.04,0.1,0.1,2.0,150.0,3,2Mu2E_200GeV_0p25GeV_1p0mm_info,6.796042531120332,1.303350622406639,9.278615145228216,2.0791545643153526,0.34928229665071775,1.3678120908223201,22.521428571246886,231.6317745580697,540.4847269421617,4774.448538460891,9.659648813284122,43.19746119527642,209.93985564757222,416.71601182458085,26.221549025954,11.527766208119218,-0.16429332815197428,0.7151047766920924,-0.2460204913442809,0.04166894539030507,0.02411188926664041,0.04851487510906116,0.00998948539528751,0.8588900887951071,0.1,muIsoCut,egmIsoCut
egm,0.05,0.1,0.05,0.1,0.1,2.0,150.0,3,2Mu2E_200GeV_0p25GeV_1p0mm_info,8.347650414937759,1.582640041493776,7.7270072614107885,1.7998651452282157,0.4290271132376394,1.6397433183221921,23.277255258533934,287.04252247185076,539.7289002548747,4719.0377905471105,9.682671163122182,45.996336668843426,209.93879508958386,416.4163687677851,32.82981655507268,14.111570877166757,-0.41038177355711114,0.843633095819581,-0.5581708483207134,0.043127679928834234,0.024561221719853407,0.06082649370743266,0.011127124325103297,0.7090278807828811,0.1,muIsoCut,egmIsoCut
egm,0.06,0.1,0.06,0.1,0.1,2.0,150.0,3,2Mu2E_200GeV_0p25GeV_1p0mm_info,9.61996887966805,1.7998651452282157,6.4546887966804976,1.582640041493776,0.4944178628389155,1.874699736974821,23.31161940227843,348.5035209277029,539.6945361111302,4657.5767920912585,9.682715775403468,57.29306341792063,209.93879303199824,415.0129637118481,40.38268276747436,17.429408605658328,-0.7322984761636695,1.0376565228405403,-0.8561907999964693,0.043194099333031345,0.024580499752434447,0.07482507245387238,0.013991724635474084,0.577267724794511,0.1,muIsoCut,egmIsoCut
egm,0.07,0.1,0.07,0.1,0.1,2.0,150.0,3,2Mu2E_200GeV_0p25GeV_1p0mm_info,10.612997925311204,1.9239937759336099,5.461659751037344,1.4585114107883816,0.5454545454545454,2.0518579261091565,23.438167220376698,371.757789732489,539.5679882930319,4634.322523286472,9.683200616897775,58.332832257356614,209.9387706697654,414.8680945138306,43.28326346090687,18.567637439481512,-0.8467000023481881,1.0998437652971307,-0.9476713406263207,0.04343876532506179,0.024652088228604416,0.08021836802779399,0.014491572706034914,0.5415064703137711,0.1,muIsoCut,egmIsoCut
egm,0.08,0.1,0.08,0.1,0.1,2.0,150.0,3,2Mu2E_200GeV_0p25GeV_1p0mm_info,11.450866182572614,2.14121887966805,4.623791493775934,1.241286307053942,0.5885167464114833,2.2024299329310955,23.469930116314437,436.665317052622,539.5362253970942,4569.41499596634,9.683244877346759,67.98086925733976,209.93876862829498,413.39673024797634,51.55950097164967,22.106227060616927,-1.196832317613489,1.3071633642962208,-1.1638997923247487,0.04350019333556475,0.024669992568157596,0.09556263054200355,0.017207041409582315,0.45520087809266296,0.1,muIsoCut,egmIsoCut
egm,0.09,0.1,0.09,0.1,0.1,2.0,150.0,3,2Mu2E_200GeV_0p25GeV_1p0mm_info,12.102541493775934,2.265347510373444,3.972116182572614,1.1171576763485478,0.6220095693779905,2.1981862158099417,26.533515118751684,520.6180922163327,536.472640394657,4485.4622208026285,10.155533448358309,82.68986986257526,209.9164522968572,410.7074878630922,62.267242219364306,26.906293620953466,-1.3467392820244535,1.3546432612952632,-1.2425207179680224,0.04945921398569787,0.027071890288879765,0.11606788031829043,0.02127908270251119,0.4261231776617867,0.1,muIsoCut,egmIsoCut
egm,0.1,0.1,0.1,0.1,0.1,2.0,150.0,3,2Mu2E_200GeV_0p25GeV_1p0mm_info,12.630088174273858,2.482572614107884,3.444569502074689,0.8999325726141079,0.6491228070175438,2.288060886794062,26.536116375432577,559.5692313981295,536.4700391379762,4446.511081620832,10.155533781502623,84.06438812713074,209.91645228074,410.42835405648174,67.51183612459063,28.974975742279923,-1.5441490823085857,1.4629688207831963,-1.3345765916682104,0.04946430264413645,0.0270734454410328,0.12584456017911388,0.02218905613065296,0.3930587271609847,0.1,muIsoCut,egmIsoCut
egm,0.11,0.1,0.11,0.1,0.1,2.0,150.0,3,2Mu2E_200GeV_0p25GeV_1p0mm_info,13.06453838174274,2.6377334024896264,3.010119294605809,0.7447717842323651,0.671451355661882,2.037542023606779,36.979110768953674,632.3517273116754,526.027044744455,4373.728585707286,12.906189475357534,91.51206718950101,209.76530236849376,408.83223542598233,76.05275540960918,33.03704840459509,-1.0566410015856933,1.146031433171231,-1.1016427720021749,0.0702988774786631,0.03725375182810672,0.1445795537880676,0.02490821173902267,0.4862297305309915,0.1,muIsoCut,egmIsoCut
egm,0.12,0.1,0.12,0.1,0.1,2.0,150.0,3,2Mu2E_200GeV_0p25GeV_1p0mm_info,13.343827800829876,2.7618620331950208,2.730829875518672,0.620643153526971,0.685805422647528,2.0623440922511556,37.64259979915204,660.4149567158236,525.3635557142566,4345.665356303138,12.923099712834198,92.26562121162205,209.76426125136663,408.66283205979846,79.8400064109537,34.59772149117498,-1.1210013877084077,1.1725974149607887,-1.1425551401342027,0.07165057299792169,0.03772946711260665,0.15197096475869445,0.025593394766213244,0.4714754105278684,0.1,muIsoCut,egmIsoCut
egm,0.13,0.1,0.13,0.1,0.1,2.0,150.0,3,2Mu2E_200GeV_0p25GeV_1p0mm_info,13.592085062240663,2.823926348547718,2.482572614107884,0.5585788381742739,0.6985645933014354,2.023707347218373,40.79852246121344,708.6266835626684,522.2076330521952,4297.453629456292,13.280988694260238,94.01899524969645,209.7419060269606,408.26300799477184,86.10919280301955,37.33079652129261,-1.1105958649576664,1.1442356640387492,-1.1435479809558746,0.07812701285646581,0.04039142003005509,0.16489455027635117,0.026907942714806298,0.47379984799698155,0.1,muIsoCut,egmIsoCut
egm,0.14,0.1,0.14,0.1,0.1,2.0,150.0,3,2Mu2E_200GeV_0p25GeV_1p0mm_info,13.68518153526971,2.885990663900415,2.389476141078838,0.49651452282157676,0.7033492822966507,2.007615766562871,42.120298009516105,758.9640805441978,520.8858575038925,4247.116232474765,13.31383513462919,99.92481833165388,209.73982358752798,406.85782018548883,93.08284357420555,40.42905195975718,-1.2099284186730026,1.1871233578266038,-1.1972917951189708,0.08086281745363254,0.04139420455575964,0.17870103830474984,0.02909653606810118,0.45250334424880184,0.1,muIsoCut,egmIsoCut
egm,0.15,0.1,0.15,0.1,0.1,2.0,150.0,3,2Mu2E_200GeV_0p25GeV_1p0mm_info,13.778278008298756,2.948054979253112,2.2963796680497923,0.4344502074688797,0.7081339712918661,1.056843468956661,165.4371726396603,775.5689103994796,397.5689828737483,4230.5114026194815,116.92825207349036,100.29540266656971,174.63056912109556,406.7666251902339,72.8853118479011,34.10107711913928,0.5594381197105379,0.3734260442952101,0.759871090048201,0.4161219304479706,0.3462774157641751,0.18332746010783865,0.02954259841530774,2.269828699984145,0.1,muIsoCut,egmIsoCut
egm,0.16,0.1,0.16,0.1,0.1,2.0,150.0,3,2Mu2E_200GeV_0p25GeV_1p0mm_info,13.90240663900415,3.0411514522821577,2.1722510373443984,0.341353734439834,0.7145135566188198,1.0662382294728485,165.43717264092805,826.1931841833878,397.5689828724806,4179.887128835573,116.92825207349036,105.85360368938137,174.63056912109556,405.35573235205766,78.583170733481,36.75449681629686,0.5249968947182064,0.4025773270268884,0.7086143164428425,0.4161219304524862,0.34627741576632626,0.19765920914078544,0.031761037278616955,2.105249394962912,0.1,muIsoCut,egmIsoCut
egm,0.17,0.1,0.17,0.1,0.1,2.0,150.0,3,2Mu2E_200GeV_0p25GeV_1p0mm_info,14.026535269709544,3.0721836099585063,2.048122406639004,0.3103215767634855,0.7208931419457736,1.0749466780204746,165.65361084977542,843.7681021900315,397.3525446636332,4162.31221082893,116.92832865741123,106.20751057690444,174.63051784239735,405.26314890668056,80.54979673051565,37.64968900318854,0.5137456025419028,0.4116567784101325,0.6928005837237865,0.41689329305794304,0.3466452279215843,0.20271619702021199,0.03225921400868363,2.0565366713957065,0.1,muIsoCut,egmIsoCut
egm,0.18,0.1,0.18,0.1,0.1,2.0,150.0,3,2Mu2E_200GeV_0p25GeV_1p0mm_info,14.150663900414937,3.0721836099585063,1.9239937759336099,0.3103215767634855,0.7272727272727272,1.0615524540410566,173.03822274661468,1139.1514132608859,389.96793276679404,3866.928899758075,117.15929023457396,198.61754182979143,174.47565021013764,368.87576125599884,114.87993010823443,56.24138880194066,0.33610084358958814,0.5547042119999268,0.44751193917781784,0.44372423526960564,0.36010130507841004,0.2945881454743463,0.05854795918383727,1.5062528553384935,0.1,muIsoCut,egmIsoCut
egm,0.19,0.1,0.19,0.1,0.1,2.0,150.0,3,2Mu2E_200GeV_0p25GeV_1p0mm_info,14.398921161825726,3.103215767634855,1.6757365145228216,0.27928941908713695,0.7400318979266347,1.0799233811571296,173.04082400329554,1166.1535371404739,389.9653315101131,3839.926775878487,117.15929026345138,199.05125459151895,174.47565019074665,368.6419037633187,118.42919858768332,57.84030087422481,0.315599661121425,0.5713585500511924,0.4179703254906805,0.4437338656059686,0.36010608263848687,0.30369160799262496,0.05947369732765343,1.46113311638412,0.1,muIsoCut,egmIsoCut
egm,0.2,0.1,0.2,0.1,0.1,2.0,150.0,3,2Mu2E_200GeV_0p25GeV_1p0mm_info,14.460985477178424,3.103215767634855,1.6136721991701244,0.27928941908713695,0.7432216905901116,1.0845167796396755,173.0408240045633,1219.9097806194586,389.9653315088454,3786.1705323995025,117.15929026345138,202.0174690189579,174.47565019074665,367.0247912278897,125.6474102101943,61.16836748812601,0.2738857380447932,0.6055163683029227,0.3585898857544287,0.4437338656106621,0.36010608264081523,0.3222014883324168,0.061826173739235164,1.3771937178417368,0.1,muIsoCut,egmIsoCut
egm,0.21,0.1,0.21,0.1,0.1,2.0,150.0,3,2Mu2E_200GeV_0p25GeV_1p0mm_info,14.492017634854772,3.103215767634855,1.582640041493776,0.27928941908713695,0.74481658692185,1.0650081819814714,180.39367301433893,1249.8667646183092,382.6124824990697,3756.213548400653,117.38979377919377,202.4482801282533,174.32064743167345,366.78733489286935,127.31294944807098,62.80393451540529,0.2942493640674899,0.5763066394777797,0.39870108149413325,0.4714787971267444,0.374534227215745,0.33274646090089477,0.06293338888798732,1.4169310647218865,0.1,muIsoCut,egmIsoCut
egm,0.22,0.1,0.22,0.1,0.1,2.0,150.0,3,2Mu2E_200GeV_0p25GeV_1p0mm_info,14.52304979253112,3.1342479253112034,1.5516078838174274,0.24825726141078838,0.7464114832535885,1.0672596594949728,180.3936730168744,1309.038813333102,382.61248249653426,3697.0414996858594,117.38979377919377,205.47630809035093,174.32064743167345,365.0996329473104,135.47443005339633,66.64023897567401,0.24900675401889638,0.6126161824034484,0.3327690495331258,0.4714787971364955,0.3745342272207749,0.35407739227280305,0.06566317005517126,1.331569898066915,0.1,muIsoCut,egmIsoCut
egm,0.23,0.1,0.23,0.1,0.1,2.0,150.0,3,2Mu2E_200GeV_0p25GeV_1p0mm_info,14.554081950207468,3.1342479253112034,1.5205757261410788,0.24825726141078838,0.7480063795853269,1.048804157423474,187.7756836595682,1371.455644418774,375.23047185384047,3634.6246686001873,117.61984918545289,208.50013301227472,174.1655042828825,363.381273180891,141.5859945670988,70.58725927023825,0.24598333603306133,0.6036406291989,0.33672081262010495,0.5004275978223603,0.3901406483893367,0.37733074786700505,0.06865776434481369,1.3262306362553373,0.1,muIsoCut,egmIsoCut
egm,0.24,0.1,0.24,0.1,0.1,2.0,150.0,3,2Mu2E_200GeV_0p25GeV_1p0mm_info,14.647178423236515,3.1342479253112034,1.4274792531120333,0.24825726141078838,0.7527910685805422,1.0554232714175973,187.77813092844323,1395.1465300563484,375.2280245849654,3610.933782962613,117.61984921091253,208.89086116670313,174.16550426568872,363.1568026152543,144.97581732171932,72.19394121134619,0.22794088638061172,0.6178037112598046,0.310142198980964,0.5004373837379072,0.3901458972623599,0.38636724291069435,0.06968841645643406,1.29523760857123,0.1,muIsoCut,egmIsoCut
egm,0.25,0.1,0.25,0.1,0.1,2.0,150.0,3,2Mu2E_200GeV_0p25GeV_1p0mm_info,14.678210580912863,3.1342479253112034,1.3964470954356847,0.24825726141078838,0.7543859649122807,1.0576249166371083,187.78057819985372,1427.991517136264,375.2255773135549,3578.0887958826975,117.61984923637218,209.4121604366993,174.16550424849498,362.8564485108894,149.75004031003365,74.46000002332224,0.2025264713443602,0.6377663740172571,0.27319322067561336,0.5004471697912428,0.39015114627870107,0.3990933703991506,0.07115710126231459,1.2539601178809958,0.1,muIsoCut,egmIsoCut
egm,0.26,0.1,0.26,0.1,0.1,2.0,150.0,3,2Mu2E_200GeV_0p25GeV_1p0mm_info,14.70924273858921,3.165280082987552,1.365414937759336,0.21722510373443984,0.7559808612440192,1.0598331557632141,187.78057820112147,1458.2547334791088,375.22557731228716,3547.8255795398522,117.61984923637218,209.92801002502668,174.16550424849498,362.55825155640014,154.22812141431197,76.59000871016558,0.1786790578036953,0.6565181619948915,0.23904857558242557,0.5004471697963123,0.3901511462814203,0.4110277410165813,0.07256375343817015,1.2175508362490886,0.1,muIsoCut,egmIsoCut
egm,0.27,0.1,0.27,0.1,0.1,2.0,150.0,3,2Mu2E_200GeV_0p25GeV_1p0mm_info,14.74027489626556,3.165280082987552,1.3343827800829875,0.21722510373443984,0.7575757575757577,1.0620412813665001,187.78057820746014,1462.618220301248,375.2255773059485,3543.462092717714,117.61984923637218,209.93431888586653,174.16550424849498,362.5545985346606,154.88010079707524,76.89870120172321,0.17520703005843563,0.6592436129106541,0.23412209896270417,0.5004471698216593,0.39015114629501574,0.4127653074960567,0.07275736720945732,1.212425464866473,0.1,muIsoCut,egmIsoCut
egm,0.28,0.1,0.28,0.1,0.1,2.0,150.0,3,2Mu2E_200GeV_0p25GeV_1p0mm_info,14.74027489626556,3.165280082987552,1.3343827800829875,0.21722510373443984,0.7575757575757577,1.0620341083821125,187.78317946160558,1500.979809748042,375.2229760518031,3505.1005032709195,117.61984926513652,212.49352115440638,174.16550422906943,361.0606024369087,160.68073103232155,79.71166423224685,0.14432841379611128,0.683696734510354,0.19074704074916377,0.5004575717550952,0.3901567257342652,0.42822732425142873,0.07497415536895308,1.1686726731647261,0.1,muIsoCut,egmIsoCut
egm,0.29,0.1,0.29,0.1,0.1,2.0,150.0,3,2Mu2E_200GeV_0p25GeV_1p0mm_info,14.771307053941909,3.165280082987552,1.303350622406639,0.21722510373443984,0.759170653907496,1.0639870619501541,187.87551711996198,1641.265943403751,375.13063839344665,3364.8143696152106,117.6198855100471,242.40032666415362,174.16547975165128,341.70211705199193,182.9786352204861,91.06397586355162,0.02606450257352655,0.7789184231047148,0.0329198256410947,0.5008269063933757,0.3903549385598519,0.4877731022027943,0.0874262636785654,1.0267620418830603,0.1,muIsoCut,egmIsoCut
egm,0.3,0.1,0.3,0.1,0.1,2.0,150.0,3,2Mu2E_200GeV_0p25GeV_1p0mm_info,14.802339211618257,3.165280082987552,1.2723184647302905,0.21722510373443984,0.7607655502392344,1.0661872332537834,187.87811837410743,1678.5984845636199,375.1280371393012,3327.4818284553417,117.61988553881143,244.6036593704271,174.16547973222575,340.1283654553052,189.23900628832766,94.0959460532428,-0.007243461484484293,0.8052730654354002,-0.009034822255478301,0.5008373135925859,0.3903605236871954,0.5044651093835864,0.08979270661144696,0.9928086289348468,0.1,muIsoCut,egmIsoCut
egm,0.31,0.1,0.31,0.1,0.1,2.0,150.0,3,2Mu2E_200GeV_0p25GeV_1p0mm_info,14.864403526970955,3.165280082987552,1.2102541493775933,0.21722510373443984,0.7639553429027114,1.0706016002231526,187.87811837791062,1695.7184045209835,375.128037135498,3310.3619084979778,117.61988553881143,244.8273357118641,174.16547973222575,339.967396749941,192.15769580647455,95.4911328782857,-0.022778477161218502,0.8175074101670425,-0.02824757805297114,0.500837313607802,0.39036052369536145,0.5122456249173033,0.09075912883975647,0.9777288262611457,0.1,muIsoCut,egmIsoCut
egm,0.32,0.1,0.32,0.1,0.1,2.0,150.0,3,2Mu2E_200GeV_0p25GeV_1p0mm_info,14.864403526970955,3.165280082987552,1.2102541493775933,0.21722510373443984,0.7639553429027114,1.0621917891273462,190.94170337908014,1714.114740744742,372.06445213432846,3291.965572274219,117.65970891698299,244.98224231923226,174.13857901708707,339.8557872288518,193.73263416906832,96.8933577139229,-0.01461666435669784,0.8052319477888262,-0.01831068339817525,0.5131952334703113,0.3971106283753997,0.520696435947404,0.09180272745721804,0.9855939047029497,0.1,muIsoCut,egmIsoCut
egm,0.33,0.1,0.33,0.1,0.1,2.0,150.0,3,2Mu2E_200GeV_0p25GeV_1p0mm_info,14.864403526970955,3.165280082987552,1.2102541493775933,0.21722510373443984,0.7639553429027114,1.0621126878538039,190.9708650158015,1791.0995906481812,372.0352904976071,3214.9807223707803,117.65971253079886,249.42679017028172,174.13857657535053,336.60738481211587,207.26477514476727,103.51722247705844,-0.08532144485818582,0.8607908810608882,-0.10397153742951892,0.5133138438570516,0.3971753437388248,0.5571105226806444,0.09706377216531177,0.9213860140123423,0.1,muIsoCut,egmIsoCut
egm,0.34,0.1,0.34,0.1,0.1,2.0,150.0,3,2Mu2E_200GeV_0p25GeV_1p0mm_info,14.864403526970955,3.165280082987552,1.2102541493775933,0.21722510373443984,0.7639553429027114,1.060324749223929,191.63175278931897,1806.1685105484275,371.37440272408963,3199.911802470534,117.66156860027718,249.6434934434227,174.13732247580273,336.4466991160195,209.6197624278607,104.81528879389461,-0.09386758392967298,0.8661744019459042,-0.11415382577367579,0.516006895961784,0.39865023365754304,0.5644432165767667,0.09802305019486929,0.9141874342848176,0.1,muIsoCut,egmIsoCut
egm,0.35000000000000003,0.1,0.35000000000000003,0.1,0.1,2.0,150.0,3,2Mu2E_200GeV_0p25GeV_1p0mm_info,14.895435684647303,3.165280082987552,1.1792219917012448,0.21722510373443984,0.7655502392344499,1.0625110952950245,191.63175279185447,1825.8492844533348,371.3744027215542,3180.2310285656263,117.66156860027718,249.88055357392398,174.13732247580273,336.2706709040961,213.21522913989824,106.56010757021883,-0.1126299584155408,0.8808566638323894,-0.1359650061014018,0.5160068959721341,0.3986502336632103,0.574124731207608,0.09929265729439309,0.8987714131157015,0.1,muIsoCut,egmIsoCut
egm,0.36,0.1,0.36,0.1,0.1,2.0,150.0,3,2Mu2E_200GeV_0p25GeV_1p0mm_info,14.9575,3.165280082987552,1.1171576763485478,0.21722510373443984,0.7687400318979266,1.0668834569202656,191.6317527943899,1833.6849655864928,371.3744027190187,3172.3953474324685,117.66156860027718,249.90467085784263,174.13732247580273,336.25274816443493,214.65914058305256,107.25982474636312,-0.12016478194701774,0.8867497044250766,-0.14463219904412278,0.5160068959824843,0.39865023366887753,0.5780127521213769,0.0997944052918342,0.8927257990220395,0.1,muIsoCut,egmIsoCut
egm,0.37,0.1,0.37,0.1,0.1,2.0,150.0,3,2Mu2E_200GeV_0p25GeV_1p0mm_info,14.9575,3.165280082987552,1.1171576763485478,0.21722510373443984,0.7687400318979266,1.0668763950724516,191.63435404853533,1867.4920849011492,371.3718014648733,3138.5882281178124,117.66156862903134,252.0380300286161,174.13732245637405,334.65666971389646,220.97001880588806,110.36419393920264,-0.15308144984235383,0.912638446904245,-0.1818464120203858,0.5160175147726216,0.3986560481061253,0.5950102240780627,0.10234106528950797,0.8672414252581354,0.1,muIsoCut,egmIsoCut
egm,0.38,0.1,0.38,0.1,0.1,2.0,150.0,3,2Mu2E_200GeV_0p25GeV_1p0mm_info,14.9575,3.165280082987552,1.1171576763485478,0.21722510373443984,0.7687400318979266,1.0666258089445908,191.72669170815948,1906.4236905415019,371.2794638052491,3099.6566224774597,117.66160486109052,254.17453104370156,174.13729797499457,333.0368792392458,228.35302480832135,114.01630955646988,-0.1910340848936849,0.9422877292299833,-0.22354762045345422,0.5163945501944803,0.3988626062183271,0.615043510534969,0.10531382240154787,0.8396065340894612,0.1,muIsoCut,egmIsoCut
egm,0.39,0.1,0.39,0.1,0.1,2.0,150.0,3,2Mu2E_200GeV_0p25GeV_1p0mm_info,14.9575,3.165280082987552,1.1171576763485478,0.21722510373443984,0.7687400318979266,1.0648304109127198,192.3901807332869,1913.9670591515974,370.6159747801217,3092.1132538673633,117.66346092947218,254.198190543654,174.13604384680966,333.01882092313303,229.40517021403372,114.7031969503903,-0.19239541924471282,0.9419487113948425,-0.22525973912799294,0.5191092500732808,0.4003553779906984,0.6189834918749381,0.10584119753135017,0.8386479718560309,0.1,muIsoCut,egmIsoCut
egm,0.4,0.1,0.4,0.1,0.1,2.0,150.0,3,2Mu2E_200GeV_0p25GeV_1p0mm_info,14.9575,3.165280082987552,1.1171576763485478,0.21722510373443984,0.7687400318979266,1.0648304109058935,192.3901807358224,1949.912509449533,370.61597477758625,3056.167803569429,117.66346092947218,256.2984015958974,174.13604384680966,331.4051666828532,236.46238422399853,118.18388532707806,-0.2290771978050854,0.9707682828651404,-0.26426990655368454,0.5191092500836734,0.40035537799641224,0.6380253424475406,0.10871839725855349,0.8136185438846503,0.1,muIsoCut,egmIsoCut
egm,0.41000000000000003,0.1,0.41000000000000003,0.1,0.1,2.0,150.0,3,2Mu2E_200GeV_0p25GeV_1p0mm_info,14.9575,3.1963122406639006,1.1171576763485478,0.18619294605809128,0.7687400318979266,1.0648304109058935,192.3901807358224,2000.2923951413627,370.61597477758625,3005.787917877599,117.66346092947218,258.59065186758187,174.13604384680966,329.61967467279715,246.63759923187556,123.19603409080007,-0.2819656298911748,1.0122999690664907,-0.3184313073281669,0.5191092500836734,0.40035537799641224,0.6654802167658518,0.11281425216905511,0.780052114255894,0.1,muIsoCut,egmIsoCut
egm,0.42,0.1,0.42,0.1,0.1,2.0,150.0,3,2Mu2E_200GeV_0p25GeV_1p0mm_info,14.9575,3.1963122406639006,1.1171576763485478,0.18619294605809128,0.7687400318979266,1.0648304108990623,192.39018073835786,2025.3869889702823,370.6159747750508,2980.69332404868,117.66346092947218,258.90750025946267,174.13604384680966,329.37085705037407,251.83428538509617,125.7447145665827,-0.3089768116990319,1.0334744958468616,-0.34518300423460263,0.5191092500940658,0.4003553780021259,0.6795019711116057,0.11481645483722211,0.7639554735137097,0.1,muIsoCut,egmIsoCut
egm,0.43,0.1,0.43,0.1,0.1,2.0,150.0,3,2Mu2E_200GeV_0p25GeV_1p0mm_info,14.9575,3.1963122406639006,1.1171576763485478,0.18619294605809128,0.7687400318979266,1.0646730217375482,192.44850401560382,2044.2763512320423,370.5576514978048,2961.8039617869185,117.66346815687331,259.1213234049531,174.13603896326546,329.20266542293865,255.76380256714154,127.69116497485967,-0.32899865278456053,1.0490402198890172,-0.36464224267418566,0.5193483476531152,0.4004868643710483,0.6902132543568776,0.1163595954630494,0.7524462104643733,0.1,muIsoCut,egmIsoCut
egm,0.44,0.1,0.44,0.1,0.1,2.0,150.0,3,2Mu2E_200GeV_0p25GeV_1p0mm_info,14.9575,3.1963122406639006,1.1171576763485478,0.18619294605809128,0.7687400318979266,1.0646730217341178,192.44850401687154,2062.026053801428,370.55765149653706,2944.054259217533,117.66346815687331,259.3333074115779,174.13603896326546,329.0356984153446,259.53989449379594,129.54706472655639,-0.3486199636607341,1.0644318413376996,-0.3833660193666336,0.5193483476583131,0.40048686437390696,0.7004035497462165,0.11784291747517311,0.7414987371872875,0.1,muIsoCut,egmIsoCut
egm,0.45,0.1,0.45,0.1,0.1,2.0,150.0,3,2Mu2E_200GeV_0p25GeV_1p0mm_info,14.9575,3.2273443983402488,1.1171576763485478,0.15516078838174274,0.7687400318979266,1.064673021727304,192.44850401940704,2079.899856917502,370.5576514940016,2926.180456101459,117.66346815687331,259.545136356535,174.13603896326546,328.8686323722122,263.3886795036869,131.44043204463009,-0.36861900198053,1.0801254947098964,-0.4021272839255894,0.519348347668709,0.40048686437962433,0.7107900172665857,0.11936833328930836,0.7306635364209462,0.1,muIsoCut,egmIsoCut
egm,0.46,0.1,0.46,0.1,0.1,2.0,150.0,3,2Mu2E_200GeV_0p25GeV_1p0mm_info,14.9575,3.2583765560165974,1.1171576763485478,0.12412863070539419,0.7687400318979267,1.0628944371884579,193.1093917929245,2100.929624480124,369.8967637204841,2905.1506885388376,117.66532416710986,259.7748322510944,174.13478484544206,328.6872247192114,267.4997451820822,133.672221306399,-0.38522390184382216,1.091588155889377,-0.417729627765903,0.5220629395364199,0.40198535453689116,0.723174062112695,0.12120289668943006,0.7219049560644569,0.1,muIsoCut,egmIsoCut
egm,0.47000000000000003,0.1,0.47000000000000003,0.1,0.1,2.0,150.0,3,2Mu2E_200GeV_0p25GeV_1p0mm_info,14.9575,3.2583765560165974,1.1171576763485478,0.12412863070539419,0.7687400318979267,1.061124740213072,193.77027956770968,2102.6393509740465,369.2358759456989,2903.4409620449155,117.66718014807084,259.77655637903274,174.13353071858643,328.6858620636927,267.39647635473005,133.82945908410855,-0.3799664063615751,1.0859245386306327,-0.4131618628582005,0.5247872489947488,0.4034945347000311,0.7241887740996605,0.12135205178888393,0.7246553216006207,0.1,muIsoCut,egmIsoCut
egm,0.48,0.1,0.48,0.1,0.1,2.0,150.0,3,2Mu2E_200GeV_0p25GeV_1p0mm_info,14.9575,3.2583765560165974,1.1171576763485478,0.12412863070539419,0.7687400318979267,1.061124740192739,193.77027957531612,2229.048652167665,369.23587593809253,2777.0316608512967,117.66718014807084,284.57088431012505,174.13353071858643,307.46978220250367,296.375710509346,148.4745704643066,-0.5295209934098712,1.2040760149620486,-0.5416042032516079,0.5247872490261601,0.4034945347174296,0.8026731144593259,0.13564213413397438,0.6537994602941853,0.1,muIsoCut,egmIsoCut
egm,0.49,0.1,0.49,0.1,0.1,2.0,150.0,3,2Mu2E_200GeV_0p25GeV_1p0mm_info,14.988532157676348,3.2583765560165974,1.0861255186721992,0.12412863070539419,0.7703349282296652,1.0632992429314956,193.7702795791193,2245.2004060966406,369.2358759342893,2760.879906922321,117.66718014807084,284.68850747838246,174.13353071858643,307.3608772671509,300.2696844996959,150.39975785332967,-0.5496168202466329,1.21981197648508,-0.5577058331773856,0.5247872490418657,0.4034945347261288,0.8132191481662338,0.1372188822328097,0.645320821853781,0.1,muIsoCut,egmIsoCut
egm,0.5,0.1,0.5,0.1,0.1,2.0,150.0,3,2Mu2E_200GeV_0p25GeV_1p0mm_info,15.019564315352698,3.2583765560165974,1.0550933609958506,0.12412863070539419,0.7719298245614036,1.065226096904015,193.86261724001122,2404.158653921706,369.14353827339744,2601.9216590972555,117.66721637840213,309.2161611891401,174.13350623667387,282.67228520701025,341.0862233212589,170.83878367770666,-0.7594223588706521,1.3845550819985069,-0.7097156649411791,0.5251686597218219,0.4037059041595984,0.9239934820927068,0.15556328046190213,0.5683683596256476,0.1,muIsoCut,egmIsoCut
egm,0.51,0.1,0.51,0.1,0.1,2.0,150.0,3,2Mu2E_200GeV_0p25GeV_1p0mm_info,15.019564315352698,3.2583765560165974,1.0550933609958506,0.12412863070539419,0.7719298245614036,1.0652260968870473,193.86261724634988,2480.133653254526,369.1435382670588,2525.9466597644355,117.66721637840213,312.7478419058665,174.13350623667387,278.7598295090681,362.4483947823991,181.44267160426227,-0.8696146783256296,1.4709553306351528,-0.7795627859415777,0.5251686597480111,0.4037059041741116,0.9818630348614796,0.16453319158336271,0.5348695705018587,0.1,muIsoCut,egmIsoCut
egm,0.52,0.1,0.52,0.1,0.1,2.0,150.0,3,2Mu2E_200GeV_0p25GeV_1p0mm_info,15.019564315352698,3.2583765560165974,1.0550933609958506,0.12412863070539419,0.7719298245614036,1.0652260968836353,193.8626172476176,2606.083901490062,369.14353826579105,2399.9964115289004,117.66721637840213,333.62784623199536,174.13350623667387,253.3983334264487,400.8418628429163,200.44464492438289,-1.067659399908583,1.626055877789766,-0.8905020438630759,0.5251686597532488,0.4037059041770142,1.085869915876197,0.18019078370252062,0.4836386495978075,0.1,muIsoCut,egmIsoCut
egm,0.53,0.1,0.53,0.1,0.1,2.0,150.0,3,2Mu2E_200GeV_0p25GeV_1p0mm_info,15.019564315352698,3.2583765560165974,1.0550933609958506,0.12412863070539419,0.7719298245614036,1.0651409862672216,193.89438014228762,2622.67584779391,369.11177537112104,2383.4044652250514,117.66722002074019,333.79123314600423,174.13350377543708,253.18307178713872,406.1671246012211,203.10108949866955,-1.0947854409352096,1.647206392506234,-0.9043481804701194,0.5252999039310999,0.4037786474708675,1.1003905908795324,0.182420236724855,0.4773758593403024,0.1,muIsoCut,egmIsoCut
egm,0.54,0.1,0.54,0.1,0.1,2.0,150.0,3,2Mu2E_200GeV_0p25GeV_1p0mm_info,15.050596473029046,3.2583765560165974,1.024061203319502,0.12412863070539419,0.7735247208931421,1.0672363319148739,193.9235417802767,2674.4129190848603,369.0826137331319,2331.6673939341013,117.66722363432537,335.5558484951567,174.1335013336294,250.83964540199196,423.33624124324507,211.63081481420957,-1.1830059277841691,1.716241435505449,-0.9474269640644016,0.5254204196150368,0.4038454557843941,1.146995890598471,0.1895697111317802,0.4580839599528878,0.1,muIsoCut,egmIsoCut
egm,0.55,0.1,0.55,0.1,0.1,2.0,150.0,3,2Mu2E_200GeV_0p25GeV_1p0mm_info,15.081628630705394,3.2583765560165974,0.9930290456431535,0.12412863070539419,0.7751196172248803,1.0693312755027993,193.95270341699813,2724.316550534131,369.0534520964105,2281.7637624848303,117.66722724791042,337.3093065346613,174.13349889182163,248.47673309549026,440.6321303319806,220.23661738801275,-1.2718535115472038,1.785798769959372,-0.9879059325385505,0.5255409543394014,0.4039122851566131,1.193952062577838,0.19686993905263941,0.4401692252239311,0.1,muIsoCut,egmIsoCut
egm,0.56,0.1,0.56,0.1,0.1,2.0,150.0,3,2Mu2E_200GeV_0p25GeV_1p0mm_info,15.081628630705394,3.289408713692946,0.9930290456431535,0.09309647302904564,0.7751196172248803,1.0481810032436003,202.05877785484444,2729.318452996991,360.9473776585642,2276.7618600219703,117.89862618193665,337.32456705960163,173.97691153981154,248.45601546904422,432.69362321226106,220.4227457442316,-1.1414245290699556,1.6586925741456764,-0.9226407084658707,0.5598012074934109,0.4236706171087026,1.19877203712937,0.19764805316883355,0.4669788668360454,0.1,muIsoCut,egmIsoCut
egm,0.5700000000000001,0.1,0.5700000000000001,0.1,0.1,2.0,150.0,3,2Mu2E_200GeV_0p25GeV_1p0mm_info,15.081628630705394,3.289408713692946,0.9930290456431535,0.09309647302904564,0.7751196172248803,1.048174416261714,202.06137910772213,2868.1354091573826,360.9447764056865,2137.944903861579,117.89862621063298,356.91931252134844,173.97691152036492,219.37834786958726,484.2213155679011,246.1175141649952,-1.3964070605979337,1.854378398800519,-1.0339350336247182,0.55981244865174,0.4236771212391588,1.3415385045596477,0.2163799462106925,0.41729137609471384,0.1,muIsoCut,egmIsoCut
egm,0.58,0.1,0.58,0.1,0.1,2.0,150.0,3,2Mu2E_200GeV_0p25GeV_1p0mm_info,15.112660788381742,3.289408713692946,0.9619968879668049,0.09309647302904564,0.7767145135566188,1.050299327034387,202.06382637913265,2931.329811374621,360.942329134276,2074.75050164434,117.89862623603243,358.71782285126204,173.97691150315254,216.42499563024643,509.9605994743681,259.1221797767652,-1.5237599852114463,1.9526592784061774,-1.0815426695171315,0.5598230245363155,0.42368324052310974,1.4128589481247988,0.22718794855427107,0.39623419257763437,0.1,muIsoCut,egmIsoCut
egm,0.59,0.1,0.59,0.1,0.1,2.0,150.0,3,2Mu2E_200GeV_0p25GeV_1p0mm_info,15.112660788381742,3.289408713692946,0.9619968879668049,0.09309647302904564,0.7767145135566188,1.050299327027933,202.0638263816681,2948.262300777124,360.9423291317405,2057.8180122418376,117.89862623603243,358.8703575185405,173.97691150315254,216.17197241829595,517.1267115960779,262.7609115552759,-1.5592245819363213,1.9800903911409051,-1.0939724222566896,0.5598230245472725,0.42368324052944956,1.4327128459553207,0.23035833289197455,0.39074335525622184,0.1,muIsoCut,egmIsoCut
egm,0.6,0.1,0.6,0.1,0.1,2.0,150.0,3,2Mu2E_200GeV_0p25GeV_1p0mm_info,15.112660788381742,3.3204408713692946,0.9619968879668049,0.062064315352697096,0.7767145135566188,1.046961710419864,203.38560192616757,2973.017285220017,359.62055358724103,2033.063027798944,117.90233082360456,359.09817267788964,173.97440096428195,215.7933213612093,525.885379506784,268.0936602194561,-1.5856568730843068,1.9960553595025563,-1.1011554308380938,0.5655561115664316,0.4270176499497234,1.4623340469865789,0.23513731231208432,0.38674891877944645,0.1,muIsoCut,egmIsoCut
egm,0.61,0.1,0.61,0.1,0.1,2.0,150.0,3,2Mu2E_200GeV_0p25GeV_1p0mm_info,15.112660788381742,3.3204408713692946,0.9619968879668049,0.062064315352697096,0.7767145135566188,1.046948636386116,203.39080443319068,3019.8200477913197,359.615351080218,1986.2602652276419,117.90233088099542,360.67592766828676,173.9744009253882,213.1457960301408,546.7428743841353,278.69019615916693,-1.6881395936645118,2.0750207127006863,-1.1346580414987335,0.5655787602565974,0.427030848108062,1.5203546587814478,0.2441126813881782,0.37200449052453605,0.1,muIsoCut,egmIsoCut
egm,0.62,0.1,0.62,0.1,0.1,2.0,150.0,3,2Mu2E_200GeV_0p25GeV_1p0mm_info,15.143692946058092,3.3204408713692946,0.9309647302904565,0.062064315352697096,0.7783094098883573,1.0490730027508335,203.39080443572612,3027.800741338623,359.6153510776825,1978.2795716803378,117.90233088099542,360.7509336410458,173.9744009253882,213.01882321009901,550.3992672101949,280.55940069573904,-1.7061167722758457,2.088915259730687,-1.1402510650552464,0.5655787602676354,0.42703084811449443,1.5305221692032278,0.24579321267657603,0.3695332035354112,0.1,muIsoCut,egmIsoCut
egm,0.63,0.1,0.63,0.1,0.1,2.0,150.0,3,2Mu2E_200GeV_0p25GeV_1p0mm_info,15.143692946058092,3.3204408713692946,0.9309647302904565,0.062064315352697096,0.7783094098883573,1.0490730027508335,203.39080443572612,3062.063025530283,359.6153510776825,1944.0172874886782,117.90233088099542,362.2326486919702,173.9744009253882,210.48934269055363,566.43779715075,288.6943912913332,-1.784972500218175,2.1496545068010655,-1.164201850164761,0.5655787602676354,0.42703084811449443,1.5751212940528525,0.25259826761046095,0.35906997283515724,0.1,muIsoCut,egmIsoCut
egm,0.64,0.1,0.64,0.1,0.1,2.0,150.0,3,2Mu2E_200GeV_0p25GeV_1p0mm_info,15.143692946058092,3.3204408713692946,0.9309647302904565,0.062064315352697096,0.7783094098883573,1.0490730027508335,203.39080443572612,3102.456134584012,359.6153510776825,1903.6241784349493,117.90233088099542,362.6086293753944,173.9744009253882,209.84098042851275,586.08777125262,298.7633023283182,-1.8815844102619228,2.2244021998077463,-1.1915118422961513,0.5655787602676354,0.42703084811449443,1.6297629383624839,0.26183764202470305,0.34703130556883616,0.1,muIsoCut,egmIsoCut
egm,0.65,0.1,0.65,0.1,0.1,2.0,150.0,3,2Mu2E_200GeV_0p25GeV_1p0mm_info,15.143692946058092,3.3204408713692946,0.9309647302904565,0.062064315352697096,0.7783094098883573,1.0489995826676881,203.41996607371527,3138.3855154076027,359.5861894396933,1867.6947976113588,117.90233448737469,364.08401316113145,173.97439848134744,207.27056357617855,604.2315317906545,308.01251978382396,-1.9703649226433022,2.292750765288975,-1.2152911764346175,0.5657057252134292,0.42710484648333263,1.6803524427124612,0.2697692490029015,0.3366589715549524,0.1,muIsoCut,egmIsoCut
egm,0.66,0.1,0.66,0.1,0.1,2.0,150.0,3,2Mu2E_200GeV_0p25GeV_1p0mm_info,15.143692946058092,3.3204408713692946,0.9309647302904565,0.062064315352697096,0.7783094098883573,1.0489261780032884,203.44912771170436,3162.903951137556,359.55702780170424,1843.1763618814052,117.90233809375384,364.30852703145644,173.9743960373066,206.8756928613708,617.002456961012,314.6001701884087,-2.032711242858359,2.3409369844820134,-1.2309321760632688,0.565832710754041,0.4271788684459797,1.716007223480802,0.27597503056120376,0.32973795390341565,0.1,muIsoCut,egmIsoCut
egm,0.67,0.1,0.67,0.1,0.1,2.0,150.0,3,2Mu2E_200GeV_0p25GeV_1p0mm_info,15.143692946058092,3.3204408713692946,0.9309647302904565,0.062064315352697096,0.7783094098883573,1.0489261779968988,203.44912771423986,3169.6883880697246,359.5570277991688,1836.3919249492374,117.90233809375384,364.32443146255986,173.9743960373066,206.8476826173891,620.610295863391,316.4605885156919,-2.050444614022069,2.3546929510138286,-1.2352632832799708,0.5658327107650827,0.42717886845241604,1.7260413449908538,0.2777724287682483,0.3278210643141234,0.1,muIsoCut,egmIsoCut
egm,0.68,0.1,0.68,0.1,0.1,2.0,150.0,3,2Mu2E_200GeV_0p25GeV_1p0mm_info,15.143692946058092,3.3204408713692946,0.9309647302904565,0.062064315352697096,0.7783094098883573,1.0489261779936998,203.4491277155076,3233.933569400734,359.55702779790107,1772.1467436182272,117.90233809375384,366.08773109958145,173.9743960373066,203.71064847734928,656.1440504275098,334.66348482748606,-2.2251013203901597,2.489785002805355,-1.2758267611809537,0.5658327107706035,0.42717886845563424,1.8248678226262165,0.2944123394488607,0.31006777792612855,0.1,muIsoCut,egmIsoCut
egm,0.6900000000000001,0.1,0.6900000000000001,0.1,0.1,2.0,150.0,3,2Mu2E_200GeV_0p25GeV_1p0mm_info,15.17472510373444,3.3204408713692946,0.8999325726141079,0.062064315352697096,0.7799043062200957,1.0493809009168567,204.11261674063502,3252.849338061068,358.89353877277364,1753.2309749578937,117.90419037247092,366.23898516819213,173.97314073480302,203.43859247368573,665.8715404337688,340.2611420552515,-2.2622752628755367,2.5159597613032587,-1.282272708158722,0.5687274767848771,0.4288719750037447,1.8553455788329256,0.2999755801562497,0.3065345255748127,0.1,muIsoCut,egmIsoCut
egm,0.7000000000000001,0.1,0.7000000000000001,0.1,0.1,2.0,150.0,3,2Mu2E_200GeV_0p25GeV_1p0mm_info,15.205757261410788,3.3204408713692946,0.8689004149377594,0.062064315352697096,0.7814992025518342,1.033484376902947,211.4654657453397,3257.0612454702596,351.54068976806894,1749.0190675487015,118.13324043584791,366.2524230530157,173.81768986108864,203.41439912773242,654.6466977368036,340.57182740589866,-2.095761737877196,2.363197375406501,-1.2294254199392105,0.6015390875089177,0.44876422623871054,1.8622216909476697,0.301259307197584,0.3230222751850771,0.1,muIsoCut,egmIsoCut
egm,0.71,0.1,0.71,0.1,0.1,2.0,150.0,3,2Mu2E_200GeV_0p25GeV_1p0mm_info,15.205757261410788,3.3204408713692946,0.8689004149377594,0.062064315352697096,0.7814992025518342,1.033484376902947,211.4654657453397,3259.404991382047,351.54068976806894,1746.675321636914,118.13324043584791,366.25424105766734,173.81768986108864,203.4111257330181,655.9968327886611,341.28546249865116,-2.1021463976470494,2.3681074411420915,-1.2308683857122056,0.6015390875089177,0.44876422623871054,1.866062313359682,0.3019834633693804,0.32235744926754306,0.1,muIsoCut,egmIsoCut
egm,0.72,0.1,0.72,0.1,0.1,2.0,150.0,3,2Mu2E_200GeV_0p25GeV_1p0mm_info,15.236789419087136,3.3204408713692946,0.8378682572614108,0.062064315352697096,0.7830940988835725,1.0355693524846847,211.46546574914288,3276.901290348499,351.5406897642657,1729.1790226704625,118.13324043584791,366.40422268618454,173.81768986108864,203.14083972070836,666.1913687337501,346.6627408152364,-2.150355384855318,2.4051460412555934,-1.241611974904729,0.6015390875262442,0.4487642262492435,1.8950619035892577,0.3073481452278315,0.31742450544065387,0.1,muIsoCut,egmIsoCut
egm,0.73,0.1,0.73,0.1,0.1,2.0,150.0,3,2Mu2E_200GeV_0p25GeV_1p0mm_info,15.236789419087136,3.3204408713692946,0.8378682572614108,0.062064315352697096,0.7830940988835725,1.0281067512662743,214.6187871545234,3287.17175008162,348.3873683588853,1718.9085629373412,118.17292686405185,366.4804015429097,173.79071080153534,203.00337546368357,666.2420212728632,349.52118850146115,-2.104304288110507,2.3609083450487014,-1.224050993559969,0.6160349273439717,0.45770384817258714,1.9123598665797361,0.31058770305408934,0.32213336940905,0.1,muIsoCut,egmIsoCut
egm,0.74,0.1,0.74,0.1,0.1,2.0,150.0,3,2Mu2E_200GeV_0p25GeV_1p0mm_info,15.267821576763486,3.3204408713692946,0.8068360995850622,0.062064315352697096,0.784688995215311,1.030170842896,214.6213884074011,3322.3167585260867,348.38476710600753,1683.763554492875,118.17292689268157,367.93965416100025,173.79071078206792,200.34636522928267,687.4151344367956,360.66139841028286,-2.2029199863898117,2.435997128832465,-1.245741487563704,0.616046993645091,0.4577113070781036,1.973149228501219,0.32073880375736874,0.3122151050445551,0.1,muIsoCut,egmIsoCut
egm,0.75,0.1,0.75,0.1,0.1,2.0,150.0,3,2Mu2E_200GeV_0p25GeV_1p0mm_info,15.267821576763486,3.3204408713692946,0.8068360995850622,0.062064315352697096,0.784688995215311,1.030170842896,214.6213884074011,3334.9415352691167,348.38476710600753,1671.1387777498448,118.17292689268157,368.02764922822314,173.79071078206792,200.18467615741613,695.2401832487429,364.8362572282711,-2.239379767355787,2.463949699684362,-1.2532514302611033,0.616046993645091,0.4577113070781036,1.9956101669542665,0.32503174274251856,0.3087010699014989,0.1,muIsoCut,egmIsoCut
egm,0.0,0.2,0.0,0.2,0.1,2.0,150.0,3,2Mu2E_200GeV_0p25GeV_1p0mm_info,0.341353734439834,0.031032157676348548,18.340005186721992,0.7447717842323651,0.017543859649122806,,0.0,2.187378730131629,1069.8461343162046,4497.052955486033,0.0,1.1521374371022102,252.09941184812538,395.1339849903781,0.5203760555814696,0.30373270172382993,,,-1.7132697685434721,0.0,,0.00048640270679116816,0.00025973852866793395,0.0,0.2,muIsoCut,egmIsoCut
egm,0.01,0.2,0.01,0.2,0.1,2.0,150.0,3,2Mu2E_200GeV_0p25GeV_1p0mm_info,1.4585114107883816,0.12412863070539419,17.222847510373445,0.6516753112033195,0.07496012759170653,0.3794125543081952,14.299063499184921,21.594641751916065,1055.5470708170196,4477.645692464249,8.55866014371628,9.169718619129718,251.95408865647548,395.0292517972515,5.0906575491088635,2.5201003275158826,0.6439866464402342,0.2765302918120523,1.0321044307563525,0.013546590099593655,0.008729238321864913,0.0048227669706558595,0.0020916207337286106,2.808883402830351,0.2,muIsoCut,egmIsoCut
egm,0.02,0.2,0.02,0.2,0.1,2.0,150.0,3,2Mu2E_200GeV_0p25GeV_1p0mm_info,4.003148340248963,0.18619294605809128,14.678210580912863,0.5896109958506224,0.20574162679425836,0.9054299718219776,18.2575673130493,85.8253724414862,1051.5885670031553,4413.41496177468,9.114549812201796,34.8860130174772,251.93459158260032,393.59263155043277,20.44969285688081,9.819533714652378,-0.12006668283045152,0.7758382929067791,-0.16361959013683247,0.01736189217526413,0.009613806525217919,0.019446476976408066,0.008092551388337404,0.8928039868777826,0.2,muIsoCut,egmIsoCut
egm,0.03,0.2,0.03,0.2,0.1,2.0,150.0,3,2Mu2E_200GeV_0p25GeV_1p0mm_info,5.865077800829876,0.24825726141078838,12.81628112033195,0.5275466804979253,0.3014354066985646,1.0707734883501754,28.109210086272093,150.68672812015407,1041.7369242299326,4348.55360609601,10.565068656890187,38.209355092664524,251.87793229746416,393.28391614513424,36.09842326747566,13.062290469015487,-0.28422047993107147,0.6700211680497334,-0.4755449428617249,0.02698302175191768,0.012059022325973874,0.03465214914423826,0.009328847122836671,0.7786824892044032,0.2,muIsoCut,egmIsoCut
egm,0.04,0.2,0.04,0.2,0.1,2.0,150.0,3,2Mu2E_200GeV_0p25GeV_1p0mm_info,7.820103734439834,0.27928941908713695,10.861255186721992,0.49651452282157676,0.40191387559808606,1.0688289865719678,50.986955585404175,203.16624754391245,1018.8591787308003,4296.074086672252,16.560823059186642,41.04958719056386,251.5548699464454,392.9976143776634,48.18301359387171,15.991468333500734,0.05499332053344119,0.4388428614927186,0.12179684519248025,0.05004318226677701,0.020417204576661647,0.04729114150386672,0.010488848947169525,1.0581935786575436,0.2,muIsoCut,egmIsoCut
egm,0.05,0.2,0.05,0.2,0.1,2.0,150.0,3,2Mu2E_200GeV_0p25GeV_1p0mm_info,9.5889367219917,0.341353734439834,9.092422199170125,0.4344502074688797,0.492822966507177,1.2458414776599962,56.1281428183602,254.19163491202448,1013.7179914978443,4245.048699304141,16.88044251836856,43.86875617328127,251.5336242225973,392.6929153255245,60.70098409961942,19.186708115723984,-0.08147145178235582,0.4718484203662916,-0.17893826920808278,0.055368596877151864,0.021587925357258772,0.05987955684788544,0.011725042562740316,0.9246661096341617,0.2,muIsoCut,egmIsoCut
egm,0.06,0.2,0.06,0.2,0.1,2.0,150.0,3,2Mu2E_200GeV_0p25GeV_1p0mm_info,10.985383817427387,0.4344502074688797,7.6959751037344395,0.341353734439834,0.5645933014354068,1.379132497085553,59.88958098840163,311.9255593415797,1009.9565533278028,4187.314774874585,17.168477254262314,55.51120147652185,251.51412851555799,391.2169475184879,75.23467418732675,24.077217121091202,-0.2562230849786189,0.539733256379985,-0.5189163115084202,0.05929916568298478,0.022517858737466884,0.07449298085093739,0.01497286931728169,0.7960369555038229,0.2,muIsoCut,egmIsoCut
egm,0.07,0.2,0.07,0.2,0.1,2.0,150.0,3,2Mu2E_200GeV_0p25GeV_1p0mm_info,12.040477178423236,0.49651452282157676,6.640881742738589,0.27928941908713695,0.6188197767145135,1.5060680192799911,60.023778581130316,335.1721783717354,1009.8223557350741,4164.06815584443,17.168751269446375,56.58372268771185,251.51410981099772,391.06326322201426,81.28213710074715,25.620594924595032,-0.35416561606302843,0.5763867801770914,-0.6892839493185411,0.05943993836167111,0.022544064771554247,0.08049152075028079,0.015549649471566666,0.7384621113828782,0.2,muIsoCut,egmIsoCut
egm,0.08,0.2,0.08,0.2,0.1,2.0,150.0,3,2Mu2E_200GeV_0p25GeV_1p0mm_info,12.971441908713693,0.620643153526971,5.709917012448133,0.15516078838174274,0.6666666666666666,1.5328290484426401,67.41619424040583,392.7190529285306,1002.4299400757986,4106.521281287635,18.67702562254562,66.07823038060991,251.40660724822948,389.5713811162434,95.8654076596753,30.347077446977767,-0.4219937618818961,0.5981867340958645,-0.7983744656347866,0.06725277402958271,0.02513227657375165,0.09563302513931941,0.018472405327663036,0.703237965458146,0.2,muIsoCut,egmIsoCut
egm,0.09,0.2,0.09,0.2,0.1,2.0,150.0,3,2Mu2E_200GeV_0p25GeV_1p0mm_info,13.747245850622408,0.620643153526971,4.934113070539419,0.15516078838174274,0.7065390749601276,1.3207264075290555,103.85708768004328,443.2945196550411,965.9890466361612,4055.9458145611243,37.80214105129289,74.24114472075786,249.24909545695226,388.0985003135181,105.5777542400289,34.01190642489659,-0.016567637302584037,0.49412291529226054,-0.03383750048089676,0.10751373221228765,0.04796846455516272,0.10929498073262796,0.021081198421852246,0.9837023758236635,0.2,muIsoCut,egmIsoCut
egm,0.1,0.2,0.1,0.2,0.1,2.0,150.0,3,2Mu2E_200GeV_0p25GeV_1p0mm_info,14.492017634854772,0.620643153526971,4.189341286307054,0.15516078838174274,0.74481658692185,1.389924506716579,103.98623675228696,482.1191110212752,965.8598975639176,4017.1212231948903,37.80226533196393,75.7690237059177,249.24907660800378,387.80310540492377,115.91871126414958,36.768861505887365,-0.11475051780446499,0.5378228335605652,-0.22627319535116155,0.10766182239738914,0.04799709361757913,0.1200160722652619,0.022135803999088474,0.897061704864269,0.2,muIsoCut,egmIsoCut
egm,0.11,0.2,0.11,0.2,0.1,2.0,150.0,3,2Mu2E_200GeV_0p25GeV_1p0mm_info,15.050596473029046,0.6516753112033195,3.63076244813278,0.12412863070539419,0.773524720893142,1.3775219251747801,114.46099403540713,554.869844045222,955.3851402807974,3944.3704901709434,38.63220135822399,83.95582878089654,249.12179044071672,386.11347079422535,134.3977207799651,42.59997378725755,-0.17417922072554082,0.5436658017125137,-0.3466756312274492,0.11980612761233221,0.05109828028712135,0.14067386555799294,0.025351088530004163,0.8516587436985018,0.2,muIsoCut,egmIsoCut
egm,0.12,0.2,0.12,0.2,0.1,2.0,150.0,3,2Mu2E_200GeV_0p25GeV_1p0mm_info,15.422982365145229,0.682707468879668,3.2583765560165974,0.09309647302904564,0.7926634768740032,1.4069971208907737,115.12448306560546,582.93307344937,954.7216512505989,3916.307260766796,38.637853993155325,84.77657460972334,249.12091380085764,385.934095296713,142.10805981122158,44.701694230307474,-0.23438608389007154,0.5678018678920704,-0.4566850579071864,0.12058434300175638,0.051262797606412974,0.14884763493639522,0.026148674760204844,0.8101193079304474,0.2,muIsoCut,egmIsoCut
egm,0.13,0.2,0.13,0.2,0.1,2.0,150.0,3,2Mu2E_200GeV_0p25GeV_1p0mm_info,15.733303941908714,0.682707468879668,2.948054979253112,0.09309647302904564,0.8086124401913876,1.4162355453272573,118.28040572766687,631.1448002962152,951.5657285885377,3868.09553391995,38.759023668116335,86.68156789510623,249.10209059432867,385.51069933569465,155.26394228689287,48.43755470878856,-0.3126767813460012,0.593910306182276,-0.5961630122552072,0.1243008256540647,0.05213358116593369,0.1631668077382281,0.02768806231017942,0.761802154354108,0.2,muIsoCut,egmIsoCut
egm,0.14,0.2,0.14,0.2,0.1,2.0,150.0,3,2Mu2E_200GeV_0p25GeV_1p0mm_info,15.888464730290456,0.682707468879668,2.7928941908713694,0.09309647302904564,0.8165869218500797,1.4185466143011025,120.26551631582657,680.8188622378873,949.5806180003779,3818.421471978278,38.77592345305587,93.0518956548918,249.09946048623527,384.0228355580973,169.30881011813167,52.89641857905253,-0.40779182017157445,0.6320405262412033,-0.7477638228197113,0.12665119110063672,0.05264319038604268,0.17829851084646328,0.030255630640380882,0.7103322989034878,0.2,muIsoCut,egmIsoCut
egm,0.15,0.2,0.15,0.2,0.1,2.0,150.0,3,2Mu2E_200GeV_0p25GeV_1p0mm_info,16.0436255186722,0.682707468879668,2.6377334024896264,0.09309647302904564,0.824561403508772,1.0169822345335477,243.5823909459708,697.4236920931689,826.2637433702337,3801.816642122996,122.46848642245426,93.44973923133331,220.3533146734214,383.9262165477191,151.57383029976964,47.757463839120426,0.3777307558599736,0.3692222585974915,0.6999469009405311,0.2947998056315851,0.16777966185372828,0.18344485222299312,0.03077941285938032,1.6070214130251548,0.2,muIsoCut,egmIsoCut
egm,0.16,0.2,0.16,0.2,0.1,2.0,150.0,3,2Mu2E_200GeV_0p25GeV_1p0mm_info,16.26085062240664,0.682707468879668,2.4205082987551867,0.09309647302904564,0.835725677830941,1.0243042391060675,246.65377970577342,744.9765771185427,823.1923546104313,3754.263757097623,122.5067337544042,99.3443593356857,220.3320531357121,382.44331839271615,163.3500101020968,51.6040429716381,0.3377356296872783,0.38982885815583485,0.6266652336910852,0.2996307950679404,0.16905270680790865,0.19843479982196968,0.033299315400526566,1.509971009806551,0.2,muIsoCut,egmIsoCut
egm,0.17,0.2,0.17,0.2,0.1,2.0,150.0,3,2Mu2E_200GeV_0p25GeV_1p0mm_info,16.416011410788382,0.682707468879668,2.265347510373444,0.09309647302904564,0.8437001594896332,1.0334601511638772,246.90458205709754,762.5171309827094,822.9415522591071,3736.723203233456,122.50681037705797,99.7213655983431,220.3320105327646,382.3451879627255,167.92976018455911,52.9061234321081,0.3198596851243337,0.39974738656113706,0.591825348386237,0.3000268747875286,0.1691546355968338,0.20406037308915181,0.03388433245620837,1.4702848487709568,0.2,muIsoCut,egmIsoCut
egm,0.18,0.2,0.18,0.2,0.1,2.0,150.0,3,2Mu2E_200GeV_0p25GeV_1p0mm_info,16.540140041493775,0.682707468879668,2.14121887966805,0.09309647302904564,0.850079744816587,0.8533362442714232,370.2240579426549,941.9655780648454,699.6220763735497,3557.2747561513206,168.8279494707454,157.07434764557044,187.2197557195131,362.5739136048935,185.2597729367252,61.38928419434272,0.4996009336448345,0.28207395074642133,1.0296228269540686,0.5291772093037569,0.2797944994223918,0.2647997814720319,0.05175108807679054,1.9984050075949493,0.2,muIsoCut,egmIsoCut
egm,0.19,0.2,0.19,0.2,0.1,2.0,150.0,3,2Mu2E_200GeV_0p25GeV_1p0mm_info,16.819429460580913,0.682707468879668,1.861929460580913,0.09309647302904564,0.8644338118022329,0.8676027021859716,370.2558208360571,968.9385403077122,699.5903134801474,3530.3017939084534,168.82795200932853,157.62240916135372,187.21975343031139,362.33598999439886,192.0119176005061,63.280775531273115,0.481407430227746,0.2917648612280859,0.988607742968837,0.5292466372128579,0.27981660895730714,0.2744633736355398,0.052792237532102854,1.9282960425737719,0.2,muIsoCut,egmIsoCut
egm,0.2,0.2,0.2,0.2,0.1,2.0,150.0,3,2Mu2E_200GeV_0p25GeV_1p0mm_info,16.88149377593361,0.682707468879668,1.7998651452282157,0.09309647302904564,0.8676236044657097,0.8707805736184634,370.25582083732485,1022.6947837866969,699.5903134788797,3476.545550429468,168.82795200932853,161.35203656662387,187.21975343031139,360.6906067682567,205.79835759498866,67.40415342544523,0.4441725260940381,0.3120501467646841,0.9046755255704628,0.529246637215629,0.2798166089581896,0.2941698214367881,0.055547358276173804,1.7991194155494117,0.2,muIsoCut,egmIsoCut
egm,0.21,0.2,0.21,0.2,0.1,2.0,150.0,3,2Mu2E_200GeV_0p25GeV_1p0mm_info,16.91252593360996,0.682707468879668,1.7688329875518671,0.09309647302904564,0.8692185007974482,0.8550605188429793,385.6248538916622,1044.6355837409856,684.2212804245423,3454.6047504751805,169.14917361687802,161.72268509747363,186.92958706127285,360.5245714787186,206.90120818770393,68.46415671057301,0.46346505911200697,0.2948007447861234,0.9794174325630608,0.5635966973321723,0.2912440508431046,0.30238932068778523,0.05645702822053515,1.8638115130860782,0.2,muIsoCut,egmIsoCut
egm,0.22,0.2,0.22,0.2,0.1,2.0,150.0,3,2Mu2E_200GeV_0p25GeV_1p0mm_info,16.943558091286306,0.7137396265560166,1.7378008298755188,0.062064315352697096,0.8708133971291867,0.856618273433307,385.62485389419766,1103.8076324557787,684.2212804220069,3395.4327017603873,169.14917361687802,165.49753452752617,186.92958706127285,358.8074129395331,222.43075859725113,73.19472790581555,0.42319392448112647,0.3162914769958037,0.8854491556014166,0.5635966973379664,0.2912440508450207,0.3250859991669107,0.05963081859828598,1.7336849288566123,0.2,muIsoCut,egmIsoCut
egm,0.23,0.2,0.23,0.2,0.1,2.0,150.0,3,2Mu2E_200GeV_0p25GeV_1p0mm_info,16.974590248962656,0.7137396265560166,1.7067686721991702,0.062064315352697096,0.8724082934609251,0.8392957852838688,403.423298541498,1155.8080295368443,666.4228357747065,3343.432304679321,169.49614211217857,169.0496737578428,186.61503493357358,357.1475903844477,230.37908187257202,76.82958389648039,0.4289395711515305,0.30632399652078657,0.9298652407208479,0.6053563546821208,0.3056513199848085,0.3456950595109182,0.06261084297852966,1.7511281634703304,0.2,muIsoCut,egmIsoCut
egm,0.24,0.2,0.24,0.2,0.1,2.0,150.0,3,2Mu2E_200GeV_0p25GeV_1p0mm_info,17.067686721991702,0.7137396265560166,1.6136721991701244,0.062064315352697096,0.8771929824561404,0.8438647733623698,403.42574581037303,1179.4989151744187,666.4203885058315,3319.741419041746,169.496142129846,169.531349934057,186.61503491752686,356.91919940595324,236.77811795342674,78.75592128446179,0.4130812908883551,0.31450959792207006,0.8916428021679548,0.6053622499679012,0.30565335798873833,0.35529843029608155,0.06377392763913377,1.7038134659458908,0.2,muIsoCut,egmIsoCut
egm,0.25,0.2,0.25,0.2,0.1,2.0,150.0,3,2Mu2E_200GeV_0p25GeV_1p0mm_info,17.09871887966805,0.7137396265560166,1.582640041493776,0.062064315352697096,0.8787878787878789,0.8305851257848953,418.13649234407063,1197.635602992047,651.7096419721339,3301.6047312241185,169.81481380206077,169.85526452401834,186.32509886631527,356.76516453898086,236.40342608475785,79.65462083682706,0.434626179696774,0.2983475105883866,0.9688892258735718,0.6415993648317843,0.3186597330388191,0.3627434839990692,0.06467730208696736,1.7687412541735157,0.2,muIsoCut,egmIsoCut
egm,0.26,0.2,0.26,0.2,0.1,2.0,150.0,3,2Mu2E_200GeV_0p25GeV_1p0mm_info,17.1297510373444,0.7447717842323651,1.5516078838174274,0.031032157676348548,0.880382775119617,0.8249563863894237,425.48934135004305,1220.5459703301872,644.3567929661615,3278.694363885978,169.97392557423197,170.33221348981544,186.1799615400545,356.5376986557105,239.87203435991933,81.26900283515215,0.436244316722894,0.2952969680855225,0.9852128497907235,0.6603318937500325,0.3255570907472381,0.37226585795071493,0.06586114912092367,1.7738180379610726,0.2,muIsoCut,egmIsoCut
egm,0.27,0.2,0.27,0.2,0.1,2.0,150.0,3,2Mu2E_200GeV_0p25GeV_1p0mm_info,17.16078319502075,0.7447717842323651,1.5205757261410788,0.031032157676348548,0.8819776714513555,0.8264410885400966,425.4893413576495,1224.9094571510586,644.356792958555,3274.330877065107,169.97392557423197,170.33998886152673,186.1799615400545,356.53398394782124,241.0503883413022,81.63070955453315,0.43347490780342535,0.2966905622660631,0.978146914687931,0.6603318937696323,0.32555709075440015,0.37409458699817966,0.06607310684109119,1.7651468818843012,0.2,muIsoCut,egmIsoCut
egm,0.28,0.2,0.28,0.2,0.1,2.0,150.0,3,2Mu2E_200GeV_0p25GeV_1p0mm_info,17.16078319502075,0.7447717842323651,1.5205757261410788,0.031032157676348548,0.8819776714513555,0.8264385953802159,425.49194261179485,1263.271046597853,644.3541917044096,3235.9692876183126,169.97392559413655,173.4842646808941,186.17996152188255,355.0146524063194,251.54564885665098,85.07375311276923,0.40881219204154673,0.30943655545656645,0.9151433736469725,0.6603385965198851,0.3255595400629313,0.39038412738695244,0.0686181706863657,1.6915098493882956,0.2,muIsoCut,egmIsoCut
egm,0.29,0.2,0.29,0.2,0.1,2.0,150.0,3,2Mu2E_200GeV_0p25GeV_1p0mm_info,17.191815352697095,0.7447717842323651,1.4895435684647302,0.031032157676348548,0.883572567783094,0.8202483562599071,433.59801704710577,1395.5434434766073,636.2481172690988,3103.696890739558,170.13419723635138,208.9179522325146,186.03351414439555,335.3885548882416,286.0820240302693,98.9286056573241,0.3402137168925532,0.34507604323643293,0.749551130231775,0.6814920237535526,0.33348088658736597,0.44963908931972835,0.08301701641143164,1.5156423005495385,0.2,muIsoCut,egmIsoCut
egm,0.3,0.2,0.3,0.2,0.1,2.0,150.0,3,2Mu2E_200GeV_0p25GeV_1p0mm_info,17.222847510373445,0.7447717842323651,1.4585114107883816,0.031032157676348548,0.8851674641148324,0.8210995163659484,434.2615060735009,1432.215096864226,635.5846282427036,3067.0252373519393,170.13548086355104,211.46939684714496,186.03234021400417,333.7856912933132,296.8002639228303,102.5209462545418,0.31654024183162255,0.3569779897784801,0.6920226192520249,0.6832473391846637,0.3341371173668967,0.4669720612083377,0.08565491118690806,1.4631439350283437,0.2,muIsoCut,egmIsoCut
egm,0.31,0.2,0.31,0.2,0.1,2.0,150.0,3,2Mu2E_200GeV_0p25GeV_1p0mm_info,17.28491182572614,0.7447717842323651,1.3964470954356847,0.031032157676348548,0.8883572567783092,0.8240393093827925,434.2615060773041,1449.33501682159,635.5846282389005,3049.9053173945754,170.13548086355104,211.72808018130513,186.03234021400417,333.6216623329323,302.0339853196156,104.18076836890856,0.30448823786409995,0.3630475559956561,0.6627990504340034,0.6832473391947358,0.33413711737066054,0.47520656085799573,0.08672599248409812,1.4377902063496724,0.2,muIsoCut,egmIsoCut
egm,0.32,0.2,0.32,0.2,0.1,2.0,150.0,3,2Mu2E_200GeV_0p25GeV_1p0mm_info,17.28491182572614,0.7447717842323651,1.3964470954356847,0.031032157676348548,0.8883572567783092,0.8211851052137186,437.32509107847363,1467.7313530453484,632.5210432377311,3031.5089811708176,170.1630144212831,211.90718410957754,186.00715571513084,333.5079291977927,306.2405463375598,105.83108187431888,0.29974165081095705,0.36442045857736793,0.6541510686990156,0.6914000660593143,0.3372141996806943,0.4841586688878906,0.0878822901527252,1.4280443798464992,0.2,muIsoCut,egmIsoCut
egm,0.33,0.2,0.33,0.2,0.1,2.0,150.0,3,2Mu2E_200GeV_0p25GeV_1p0mm_info,17.28491182572614,0.7447717842323651,1.3964470954356847,0.031032157676348548,0.8883572567783092,0.8211556683285817,437.35685396807264,1544.7136016959103,632.489280348132,2954.526732520256,170.16301693994902,217.03013448222944,186.00715341100556,330.197083938783,330.68402581255674,113.93853358705621,0.24390341019624928,0.39294771722260635,0.5208981826019862,0.691485006239702,0.33724619792802374,0.522829455118264,0.0938622288736825,1.3225823439562872,0.2,muIsoCut,egmIsoCut
egm,0.34,0.2,0.34,0.2,0.1,2.0,150.0,3,2Mu2E_200GeV_0p25GeV_1p0mm_info,17.28491182572614,0.7447717842323651,1.3964470954356847,0.031032157676348548,0.8883572567783092,0.8138284418330308,445.37059074629485,1552.429672591452,624.4755435699097,2946.810661624714,170.32308562035524,217.15470303190554,185.8605928079749,330.1151745469681,328.98427315689787,114.29432522928536,0.26132465862726084,0.3816532134934239,0.5674131969059788,0.7131914057038421,0.3456105046023359,0.5268169050723893,0.09441062872067996,1.3537747153460142,0.2,muIsoCut,egmIsoCut
egm,0.35000000000000003,0.2,0.35000000000000003,0.2,0.1,2.0,150.0,3,2Mu2E_200GeV_0p25GeV_1p0mm_info,17.31594398340249,0.7447717842323651,1.365414937759336,0.031032157676348548,0.8899521531100477,0.8087155497583838,452.723439753535,1564.757597491654,617.1226945626696,2934.482736724511,170.4817230195802,217.30282532945483,185.71509246812943,330.0176898575086,329.06904266859675,115.17254949998633,0.2731345148646519,0.37368306471865126,0.601024151922892,0.7336036152006403,0.3536300535332963,0.5332311476598587,0.09528804285000389,1.3757703735427635,0.2,muIsoCut,egmIsoCut
egm,0.36,0.2,0.36,0.2,0.1,2.0,150.0,3,2Mu2E_200GeV_0p25GeV_1p0mm_info,17.378008298755187,0.7447717842323651,1.303350622406639,0.031032157676348548,0.8931419457735246,0.8115937855146577,452.7260410089482,1572.5906773719344,617.1200933072564,2926.6496568442312,170.48172303942548,217.33055779515456,185.715092449912,329.9994275199538,331.60009544850783,116.0017236200529,0.26754799721813727,0.37646871948363214,0.5874060549565667,0.7336109226045594,0.3536329170211695,0.5373347895243596,0.09584019316403017,1.3652771733874525,0.2,muIsoCut,egmIsoCut
egm,0.37,0.2,0.37,0.2,0.1,2.0,150.0,3,2Mu2E_200GeV_0p25GeV_1p0mm_info,17.378008298755187,0.7447717842323651,1.303350622406639,0.031032157676348548,0.8931419457735246,0.7840958754360418,485.4450629267763,1573.681376022908,584.4010713894282,2925.5589581932577,173.5925749515253,217.3316158193485,182.8106434972258,329.9987307254399,314.35397314342066,113.18958183150181,0.35244171349037434,0.3286157016515629,0.8255905254716236,0.830671069395233,0.39465924039083977,0.5379079343506955,0.09591700652330697,1.5442625333235318,0.2,muIsoCut,egmIsoCut
egm,0.38,0.2,0.38,0.2,0.1,2.0,150.0,3,2Mu2E_200GeV_0p25GeV_1p0mm_info,17.378008298755187,0.7447717842323651,1.303350622406639,0.031032157676348548,0.8931419457735246,0.7840221826362173,485.53740058640045,1612.6129816632608,584.3087337298041,2886.627352552905,173.5925995097259,219.8057207745715,182.81062017734814,328.3559632926154,326.42379297022,117.42343020383535,0.3277061816947848,0.3409721745665961,0.7592119629602766,0.8309603683092003,0.394781217708244,0.5586495188709002,0.09917882404022141,1.4874448831329417,0.2,muIsoCut,egmIsoCut
egm,0.39,0.2,0.39,0.2,0.1,2.0,150.0,3,2Mu2E_200GeV_0p25GeV_1p0mm_info,17.378008298755187,0.7447717842323651,1.303350622406639,0.031032157676348548,0.8931419457735246,0.7829675057492335,486.8617773837776,1619.4954625011069,582.984356932427,2879.7448717150587,173.59511558971244,219.83208582225575,182.80823093494755,328.33831265645296,327.85561319496315,118.09790017594723,0.3265940592897991,0.3413099216285107,0.757323534124554,0.8351197962593174,0.39653918159701973,0.562374632005717,0.09969333208545238,1.484988384488203,0.2,muIsoCut,egmIsoCut
egm,0.4,0.2,0.4,0.2,0.1,2.0,150.0,3,2Mu2E_200GeV_0p25GeV_1p0mm_info,17.378008298755187,0.7447717842323651,1.303350622406639,0.031032157676348548,0.8931419457735246,0.7824427926528528,487.52266515856286,1654.7800250267926,582.3234691576417,2844.4603091893728,173.5963736062857,222.25629298010938,182.80703631129083,326.7022095820444,338.7697981769298,122.04253083038004,0.30511990028864067,0.3519782219482078,0.700993489264767,0.837202501667651,0.39742178619862556,0.5817553578374167,0.10281024325151394,1.4390971916095772,0.2,muIsoCut,egmIsoCut
egm,0.41000000000000003,0.2,0.41000000000000003,0.2,0.1,2.0,150.0,3,2Mu2E_200GeV_0p25GeV_1p0mm_info,17.378008298755187,0.7758039419087137,1.303350622406639,0.0,0.8931419457735247,0.7824427926528528,487.52266515856286,1705.159910718622,582.3234691576417,2794.0804234975426,173.5963736062857,224.8957855139781,182.80703631129083,324.890872714364,355.3779720611095,127.8699596940915,0.2710534351351118,0.36900686516509024,0.6128957935018288,0.837202501667651,0.39742178619862556,0.610275887686925,0.10730440922856174,1.3718426674873654,0.2,muIsoCut,egmIsoCut
egm,0.42,0.2,0.42,0.2,0.1,2.0,150.0,3,2Mu2E_200GeV_0p25GeV_1p0mm_info,17.378008298755187,0.7758039419087137,1.303350622406639,0.0,0.8931419457735247,0.7766732427617862,494.87811541868064,1722.8990542899592,574.9680188975238,2776.3412799262055,173.75202250479168,225.13999734387366,182.65910360467964,324.7216886982618,356.8047859130076,129.47632989976825,0.2790047189475314,0.364050171586636,0.6371974513926018,0.8607054638753436,0.40753821775571747,0.6205645778301987,0.10883027409908232,1.386971629745282,0.2,muIsoCut,egmIsoCut
egm,0.43,0.2,0.43,0.2,0.1,2.0,150.0,3,2Mu2E_200GeV_0p25GeV_1p0mm_info,17.378008298755187,0.7758039419087137,1.303350622406639,0.0,0.8931419457735247,0.7709852194576994,502.29188895350904,1734.432966294137,567.5542453626955,2764.8073679220283,173.90753698606696,225.2658885878587,182.51104633312056,324.6343681032135,356.0410047869243,130.3642002484148,0.2911671229079341,0.35719778764714194,0.6728987681908561,0.885011244400999,0.4181938935474881,0.6273250666275896,0.10983589599311819,1.4107697770769685,0.2,muIsoCut,egmIsoCut
egm,0.44,0.2,0.44,0.2,0.1,2.0,150.0,3,2Mu2E_200GeV_0p25GeV_1p0mm_info,17.378008298755187,0.7758039419087137,1.303350622406639,0.0,0.8931419457735247,0.7704842164468867,502.9527767282942,1751.5217810900056,566.8933575879104,2747.71855312616,173.90879274265507,225.5087312689328,182.5098497642332,324.46572336153866,361.363816625538,132.36521764598174,0.2815154158682488,0.3619135205576354,0.647851283860072,0.8872088021428252,0.41916357522580805,0.6374458472456169,0.11136307125648628,1.3918183104908848,0.2,muIsoCut,egmIsoCut
egm,0.45,0.2,0.45,0.2,0.1,2.0,150.0,3,2Mu2E_200GeV_0p25GeV_1p0mm_info,17.409040456431537,0.7758039419087137,1.2723184647302905,0.0,0.8947368421052633,0.7718301991372067,502.9819383675511,1769.3664225693578,566.8641959486534,2729.8739116468073,173.90879518761784,225.75229899477677,182.509847434493,324.29630434777266,367.41274759582814,134.52132862766967,0.2695309322869891,0.3678541489219255,0.6166042682359228,0.8873058873048161,0.41920644026346887,0.6481495042758149,0.11299269262015092,1.3689833617881317,0.2,muIsoCut,egmIsoCut
egm,0.46,0.2,0.46,0.2,0.1,2.0,150.0,3,2Mu2E_200GeV_0p25GeV_1p0mm_info,17.440072614107883,0.7758039419087137,1.241286307053942,0.0,0.8963317384370018,0.7726945256957644,503.64542739394625,1790.393588879102,566.2007069222583,2708.8467453370636,173.9100509545749,226.01634046991478,182.50865083920786,324.112337555419,374.226455386382,137.06840975995988,0.2569644534990171,0.3740270868284738,0.5844617951018292,0.8895174824695139,0.42018415853948804,0.6609431087089137,0.11495877709271639,1.3458306331494967,0.2,muIsoCut,egmIsoCut
egm,0.47000000000000003,0.2,0.47000000000000003,0.2,0.1,2.0,150.0,3,2Mu2E_200GeV_0p25GeV_1p0mm_info,17.440072614107883,0.7758039419087137,1.241286307053942,0.0,0.8963317384370018,0.7721917958566641,504.3089164216092,1792.1007141201462,565.5372178945954,2707.1396200960185,173.9113067124644,226.01832210179435,182.50745423607734,324.11095567620026,374.38026636190926,137.24246961269915,0.25763702728404225,0.37362852433828403,0.586475435152538,0.8917342669313093,0.42116594869879315,0.6619905012718121,0.11511786801594358,1.347049942889082,0.2,muIsoCut,egmIsoCut
egm,0.48,0.2,0.48,0.2,0.1,2.0,150.0,3,2Mu2E_200GeV_0p25GeV_1p0mm_info,17.440072614107883,0.7758039419087137,1.241286307053942,0.0,0.8963317384370018,0.7721898267958419,504.31151768209327,1918.5074140608874,565.5346166341113,2580.7329201552784,173.91130673191833,254.12794193445504,182.5074542175397,302.5742597168645,420.4163656173079,154.721272593295,0.16635581207897576,0.42044016651146165,0.36041435187382775,0.8917429682441029,0.421169804627545,0.743396342596139,0.13150350830992338,1.1995525363090944,0.2,muIsoCut,egmIsoCut
egm,0.49,0.2,0.49,0.2,0.1,2.0,150.0,3,2Mu2E_200GeV_0p25GeV_1p0mm_info,17.471104771784233,0.7758039419087137,1.2102541493775933,0.0,0.89792663476874,0.7711759881275103,507.46483909127693,1931.5058465844827,562.3812952249275,2567.7344876316824,173.93826708618803,254.24120597834153,182.48175990280413,302.47909464577685,423.0354676345776,156.2888422670921,0.16637482038733553,0.4201126780155113,0.36105755102746173,0.9023501375313586,0.4258973095721917,0.7522217954730914,0.13287503069419263,1.1995798884873412,0.2,muIsoCut,egmIsoCut
egm,0.5,0.2,0.5,0.2,0.1,2.0,150.0,3,2Mu2E_200GeV_0p25GeV_1p0mm_info,17.50213692946058,0.7758039419087137,1.1792219917012448,0.0,0.8995215311004786,0.772468566943402,507.5571767521688,2090.464094409548,562.2889575640356,2408.7762398066175,173.9382915955806,281.43503489722235,182.48173654089743,277.3562954891227,487.98425401479307,180.42554140749994,0.038562990799621444,0.4846884210186538,0.07809954919897061,0.9026625366271153,0.42603696087407783,0.867853169532001,0.15374199373767478,1.0401097424278414,0.2,muIsoCut,egmIsoCut
egm,0.51,0.2,0.51,0.2,0.1,2.0,150.0,3,2Mu2E_200GeV_0p25GeV_1p0mm_info,17.50213692946058,0.7758039419087137,1.1792219917012448,0.0,0.8995215311004786,0.7719024509748416,508.31040218911363,2165.685868311762,561.5357321270909,2333.5544659044035,173.93957163934803,285.31002759268506,182.4805164177558,273.3685820830763,521.1406107671107,192.66886425027673,-0.02524089320765799,0.5164790007908867,-0.04942882057737936,0.9052147051508898,0.4271794372906598,0.9280631328536052,0.16361078584036315,0.9753805243481,0.2,muIsoCut,egmIsoCut
egm,0.52,0.2,0.52,0.2,0.1,2.0,150.0,3,2Mu2E_200GeV_0p25GeV_1p0mm_info,17.50213692946058,0.7758039419087137,1.1792219917012448,0.0,0.8995215311004786,0.7718331366210277,508.4027398487378,2291.543778888942,561.4433944674668,2207.6965553272235,173.93959614855683,308.05540164606526,182.4804930556899,247.45517378250895,582.7667369800823,215.12981506529377,-0.14626985911497958,0.5769350689856623,-0.26880067466227603,0.9055280458521764,0.4273198359614633,1.037979505543637,0.18167726330037876,0.8723949182194212,0.2,muIsoCut,egmIsoCut
egm,0.53,0.2,0.53,0.2,0.1,2.0,150.0,3,2Mu2E_200GeV_0p25GeV_1p0mm_info,17.50213692946058,0.7758039419087137,1.1792219917012448,0.0,0.8995215311004786,0.7663495392668207,515.7873517493803,2300.7828761868177,554.0587825668243,2198.457458029348,174.0949406329104,308.1446310396513,182.33229308105058,247.34405162948124,579.846998937765,216.09875861467123,-0.12419778610529231,0.5652605464524371,-0.23084336939704608,0.9309253241323213,0.4388450380785955,1.0465441884189073,0.18305666141001328,0.8895231892107107,0.2,muIsoCut,egmIsoCut
egm,0.54,0.2,0.54,0.2,0.1,2.0,150.0,3,2Mu2E_200GeV_0p25GeV_1p0mm_info,17.53316908713693,0.7758039419087137,1.1481898340248962,0.0,0.9011164274322169,0.767193443886453,516.4774011596191,2351.859059705518,553.3687331565856,2147.381274510648,174.09619748008618,310.05453875099084,182.33109300705013,244.94566033094077,606.0615708445434,225.92124257863253,-0.1734522546074344,0.589748896887666,-0.314089036669642,0.9333331831263272,0.4399467018920009,1.0952219280395221,0.19093166872173278,0.8521863553234545,0.2,muIsoCut,egmIsoCut
egm,0.55,0.2,0.55,0.2,0.1,2.0,150.0,3,2Mu2E_200GeV_0p25GeV_1p0mm_info,17.56420124481328,0.7758039419087137,1.1171576763485478,0.0,0.9027113237639554,0.7685223264805374,516.5065627963405,2401.7626911547886,553.3395715198641,2097.4776430613774,174.0961999224171,311.95137091488994,182.33109067502588,242.52533001600275,633.6135895476131,236.0723985867374,-0.22672901989330208,0.6163374244086776,-0.39923959042089713,0.9334350720257474,0.43999335679246554,1.1450718910401787,0.1991226255005752,0.815175954740989,0.2,muIsoCut,egmIsoCut
egm,0.56,0.2,0.56,0.2,0.1,2.0,150.0,3,2Mu2E_200GeV_0p25GeV_1p0mm_info,17.595233402489626,0.7758039419087137,1.0861255186721992,0.0,0.904306220095694,0.7639652595600798,524.6152384870645,2406.761992364771,545.2308958291401,2092.478341851395,174.25268009866988,311.9678718649827,182.1815493747963,242.5041039633845,627.1228575697074,236.2182602986622,-0.19539580927588784,0.6003291231836295,-0.34921716449605855,0.9621891248280693,0.4533259067922382,1.1501968475503084,0.19999192296878804,0.8365430029454016,0.2,muIsoCut,egmIsoCut
egm,0.5700000000000001,0.2,0.5700000000000001,0.2,0.1,2.0,150.0,3,2Mu2E_200GeV_0p25GeV_1p0mm_info,17.595233402489626,0.7758039419087137,1.0861255186721992,0.0,0.904306220095694,0.7587226492965183,531.970688744647,2538.2260995204574,537.8754455715576,1961.014234695708,174.40774328229205,332.9766069804974,182.0331083549057,212.7410931597506,696.195606378538,263.74078074836274,-0.30871046301711025,0.6556630276360094,-0.5193838446772469,0.9890220740219213,0.4660191932445805,1.2943435364273712,0.220337003207269,0.7641109536899346,0.2,muIsoCut,egmIsoCut
egm,0.58,0.2,0.58,0.2,0.1,2.0,150.0,3,2Mu2E_200GeV_0p25GeV_1p0mm_info,17.626265560165976,0.7758039419087137,1.0550933609958506,0.0,0.9059011164274322,0.7600518245934981,531.9731360160574,2601.4205017376967,537.8729983001472,1897.8198324784687,174.40774329946194,334.9037198609208,182.0331083384551,209.69428208315128,737.2848682278711,279.11662406450967,-0.3859437973680244,0.6940853910545075,-0.6238082594734994,0.9890311238847549,0.4660235133947736,1.370741551552002,0.23255066038130223,0.7215299797142203,0.2,muIsoCut,egmIsoCut
egm,0.59,0.2,0.59,0.2,0.1,2.0,150.0,3,2Mu2E_200GeV_0p25GeV_1p0mm_info,17.626265560165976,0.7758039419087137,1.0550933609958506,0.0,0.9059011164274322,0.7549086145722036,539.3259850232976,2611.0001421354946,530.520149292907,1888.2401920806708,174.56266872185756,334.9864090713708,181.88454619036148,209.56216083186044,733.5868556442342,280.6084010192005,-0.3601919358892842,0.6815624007594372,-0.5878246102214362,1.0165984944061544,0.4793147980550465,1.3827690741284389,0.23457236361082293,0.7351903607237656,0.2,muIsoCut,egmIsoCut
egm,0.6,0.2,0.6,0.2,0.1,2.0,150.0,3,2Mu2E_200GeV_0p25GeV_1p0mm_info,17.657297717842322,0.7758039419087137,1.024061203319502,0.0,0.9074960127591707,0.7453532057759714,555.3534585772064,2621.0494285689783,514.4926757389982,1878.190905647187,174.8746054564927,335.06914152257315,181.58465194119998,209.42985440088563,717.9838480178115,281.15483479255056,-0.29284122918268607,0.6496410840281136,-0.49117770028191815,1.0794195617644455,0.5105564212147489,1.3955181130353824,0.23672907900316403,0.7734901838118081,0.2,muIsoCut,egmIsoCut
egm,0.61,0.2,0.61,0.2,0.1,2.0,150.0,3,2Mu2E_200GeV_0p25GeV_1p0mm_info,17.657297717842322,0.7758039419087137,1.024061203319502,0.0,0.9074960127591707,0.7453497508293011,555.3586610854973,2667.8521911390126,514.4874732307073,1831.388143077153,174.87460549518624,336.7594939707772,181.58465190393628,206.70083873946032,749.4733096097655,293.3888532492312,-0.3495302443737063,0.6779883172112252,-0.5683302510516549,1.0794405888993577,0.5105671217068242,1.4567377217242479,0.24666807365261995,0.7409985838917471,0.2,muIsoCut,egmIsoCut
egm,0.62,0.2,0.62,0.2,0.1,2.0,150.0,3,2Mu2E_200GeV_0p25GeV_1p0mm_info,17.688329875518672,0.7758039419087137,0.9930290456431535,0.0,0.9090909090909091,0.7466528705315371,555.3586610880327,2675.832884686317,514.4874732281718,1823.4074495298487,174.87460549518624,336.83982558919735,181.58465190393628,206.5699044200036,755.0054158098783,295.56229433258017,-0.3594915659201334,0.6830037730212506,-0.5813464330675241,1.0794405889096057,0.5105671217120394,1.467490376534471,0.24852404911168074,0.7355691091199806,0.2,muIsoCut,egmIsoCut
egm,0.63,0.2,0.63,0.2,0.1,2.0,150.0,3,2Mu2E_200GeV_0p25GeV_1p0mm_info,17.688329875518672,0.7758039419087137,0.9930290456431535,0.0,0.9090909090909091,0.7466528705298289,555.3586610905681,2710.0951688754412,514.4874732256363,1789.1451653407244,174.87460549518624,338.4262456702715,181.58465190393628,203.96046125799808,779.3163140958425,304.9890113798076,-0.4032666971745511,0.7048695820452303,-0.6370267695566628,1.0794405889198533,0.5105671217172544,1.5147430300097149,0.25612054519483624,0.7126229119621236,0.2,muIsoCut,egmIsoCut
egm,0.64,0.2,0.64,0.2,0.1,2.0,150.0,3,2Mu2E_200GeV_0p25GeV_1p0mm_info,17.688329875518672,0.7758039419087137,0.9930290456431535,0.0,0.9090909090909091,0.7466528705298289,555.3586610905681,2750.4882779291706,514.4874732256363,1748.7520562869952,174.87460549518624,338.82864412203526,181.58465190393628,203.29127732756632,809.2009151103317,316.7873798737678,-0.4570780502842773,0.7320437173223376,-0.7015125142124234,1.0794405889198533,0.5105671217172544,1.5728291887010517,0.2664046123973035,0.6863050334228143,0.2,muIsoCut,egmIsoCut
egm,0.65,0.2,0.65,0.2,0.1,2.0,150.0,3,2Mu2E_200GeV_0p25GeV_1p0mm_info,17.688329875518672,0.7758039419087137,0.9930290456431535,0.0,0.9090909090909091,0.7466334718882517,555.3878227285572,2786.4176587527604,514.4583115876472,1712.822675463405,174.87460792664575,340.40711011903034,181.58464956232578,200.63696791832922,836.9200995731314,327.6077457024012,-0.506911144470972,0.7570207581575997,-0.758112259886204,1.0795584602659043,0.5106271077140323,1.6267986748826138,0.2753379275234057,0.6636091342672152,0.2,muIsoCut,egmIsoCut
egm,0.66,0.2,0.66,0.2,0.1,2.0,150.0,3,2Mu2E_200GeV_0p25GeV_1p0mm_info,17.688329875518672,0.7758039419087137,0.9930290456431535,0.0,0.9090909090909091,0.7413212978842681,563.45988278149,2802.893196067771,506.3862515347146,1696.347138148395,175.0303726769548,340.5672221990389,181.43451186237155,200.36506850916098,836.7076213882533,331.6240669656266,-0.4849462170365886,0.7477743049186005,-0.7286991044506945,1.1127077030108958,0.52764852218567,1.652311094253502,0.27999193858219373,0.6734250631619746,0.2,muIsoCut,egmIsoCut
egm,0.67,0.2,0.67,0.2,0.1,2.0,150.0,3,2Mu2E_200GeV_0p25GeV_1p0mm_info,17.688329875518672,0.7758039419087137,0.9930290456431535,0.0,0.9090909090909091,0.740891376898292,564.1207705562751,2809.016745227689,505.72536375992945,1690.2235889884764,175.03162037780828,340.5835940799411,181.43330819364326,200.33723807280614,840.4752037203355,333.50782847309824,-0.4898852295254956,0.7504743289933564,-0.7337211526587987,1.1154686139571721,0.5290864598474206,1.6619202119340677,0.2817892975259529,0.6711926396629114,0.2,muIsoCut,egmIsoCut
egm,0.68,0.2,0.68,0.2,0.1,2.0,150.0,3,2Mu2E_200GeV_0p25GeV_1p0mm_info,17.688329875518672,0.7758039419087137,0.9930290456431535,0.0,0.9090909090909091,0.7408913768975247,564.1207705575429,2873.261926558699,505.72536375866173,1625.978407657467,175.03162037780828,342.4691519794623,181.43330819364326,197.09660945211166,893.6658851923213,354.7842376397042,-0.5841747580204784,0.7982064360649657,-0.8330032833624557,1.115468613962475,0.5290864598501859,1.7670972216034422,0.3004080588855675,0.6312434880919073,0.2,muIsoCut,egmIsoCut
egm,0.6900000000000001,0.2,0.6900000000000001,0.2,0.1,2.0,150.0,3,2Mu2E_200GeV_0p25GeV_1p0mm_info,17.719362033195022,0.7758039419087137,0.9619968879668049,0.0,0.9106858054226475,0.7370196852814748,572.137108587375,2884.8248462143274,497.7090257288296,1614.415488001838,175.18724068830244,342.551927544473,181.28304982592698,196.9527112040259,889.3642152707216,357.57536974022895,-0.5544599396228478,0.7855904127473134,-0.7966841714097709,1.1495413565176062,0.5469985459893354,1.7869159876463245,0.30421124631464225,0.6433102420398341,0.2,muIsoCut,egmIsoCut
egm,0.7000000000000001,0.2,0.7000000000000001,0.2,0.1,2.0,150.0,3,2Mu2E_200GeV_0p25GeV_1p0mm_info,17.75039419087137,0.7758039419087137,0.9309647302904565,0.0,0.912280701754386,0.7336521331535917,579.4899575920797,2889.0367536235194,490.35617672412485,1610.2035805926462,175.3414773761964,342.5662946053097,181.13387249684564,196.92772104363186,879.7999420675095,357.88286877162005,-0.5182315595653979,0.7697029955717953,-0.7535475086533896,1.181773545636607,0.5642951018622325,1.7942058932449958,0.3056328077995296,0.6586610545009718,0.2,muIsoCut,egmIsoCut
egm,0.71,0.2,0.71,0.2,0.1,2.0,150.0,3,2Mu2E_200GeV_0p25GeV_1p0mm_info,17.75039419087137,0.7758039419087137,0.9309647302904565,0.0,0.912280701754386,0.7336505995022471,579.492404859687,2891.3780522677,490.35372945651756,1607.8622819484658,175.34147739327483,342.5682383031816,181.13387248031336,196.9243398386926,881.7907025470175,358.7163334364059,-0.5216605000380052,0.7714729877758381,-0.7571144209061436,1.181784434477466,0.5643010297842337,1.7982746935041123,0.3064339612568358,0.6571768143912677,0.2,muIsoCut,egmIsoCut
egm,0.72,0.2,0.72,0.2,0.1,2.0,150.0,3,2Mu2E_200GeV_0p25GeV_1p0mm_info,17.78142634854772,0.7758039419087137,0.8999325726141079,0.0,0.9138755980861244,0.7349251441621034,579.4950061163679,2908.8717499812738,490.3511281998367,1590.3685842348916,175.3414774125701,342.72858532214394,181.13387246163515,196.64513804854727,896.8792256910436,365.00261748629265,-0.5476910348230717,0.7848742883903655,-0.7837924685538317,1.1817960085944814,0.5643073308189932,1.8290550874913687,0.31239218521546375,0.6461237918292377,0.2,muIsoCut,egmIsoCut
egm,0.73,0.2,0.73,0.2,0.1,2.0,150.0,3,2Mu2E_200GeV_0p25GeV_1p0mm_info,17.78142634854772,0.7758039419087137,0.8999325726141079,0.0,0.9138755980861244,0.732951982434706,582.650928774626,2919.139608461517,487.19520554157845,1580.100725754648,175.3682179179912,342.81002538277204,181.1079832542969,196.50312977689055,900.0633936610216,368.30564944047285,-0.544772949309368,0.7847010830436333,-0.7781141610902498,1.1959291104413405,0.572022531079497,1.8474389391013988,0.3159970852370276,0.6473443236089009,0.2,muIsoCut,egmIsoCut
egm,0.74,0.2,0.74,0.2,0.1,2.0,150.0,3,2Mu2E_200GeV_0p25GeV_1p0mm_info,17.812458506224065,0.7758039419087137,0.8689004149377594,0.0,0.9154704944178629,0.734223120296059,582.6535300275037,2954.284616905984,487.1926042887008,1544.9557173101819,175.3682179372835,344.3695949005966,181.10798323561602,193.7570014813641,931.6160975968626,381.28613759744337,-0.5989195114854728,0.8123003187452091,-0.8314924621703363,1.1959408350998584,0.5720289726387533,1.912213135823394,0.32740753797453903,0.6254223510418934,0.2,muIsoCut,egmIsoCut
egm,0.75,0.2,0.75,0.2,0.1,2.0,150.0,3,2Mu2E_200GeV_0p25GeV_1p0mm_info,17.812458506224065,0.7758039419087137,0.8689004149377594,0.0,0.9154704944178629,0.734223120296059,582.6535300275037,2966.909393649014,487.1926042887008,1532.3309405671519,175.3682179372835,344.46361111783136,181.10798323561602,193.5898089536579,943.3055718665289,386.2139244622075,-0.6189819905871006,0.8226912243220397,-0.8502653058167563,1.1959408350998584,0.5720289726387533,1.9362066738343682,0.332219583714973,0.6176720963013087,0.2,muIsoCut,egmIsoCut
egm,0.0,0.3,0.0,0.3,0.1,2.0,150.0,3,2Mu2E_200GeV_0p25GeV_1p0mm_info,0.341353734439834,0.031032157676348548,18.77445539419087,0.3103215767634855,0.01754385964912281,0.805414722021283,0.09478492596372287,2.0925938041679064,1389.4037378273608,4177.495351974877,0.09237008319520254,1.1484286837688098,264.11106682579816,387.2083727512693,0.6959810624063982,0.4093372596834498,-6.342739948678883,8.357859313036373,-1.4326819541734288,6.821985819034862e-05,6.7734759913571e-05,0.0005009206780274811,0.0002788016851275842,0.13618894404396298,0.3,muIsoCut,egmIsoCut
egm,0.01,0.3,0.01,0.3,0.1,2.0,150.0,3,2Mu2E_200GeV_0p25GeV_1p0mm_info,1.5205757261410788,0.062064315352697096,17.595233402489626,0.27928941908713695,0.07814992025518341,0.35702369557576336,17.63950748888557,18.25419776221542,1371.8590152644388,4161.33374801683,9.090977377254559,8.64225279287164,263.9545761725296,387.11361934681617,6.017826803353501,3.1259052749683183,0.6588438306939546,0.2496347578162026,1.2089063111707614,0.012858105164316312,0.007073507592064315,0.004386621902392433,0.002116510179852576,2.931208900704114,0.3,muIsoCut,egmIsoCut
egm,0.02,0.3,0.02,0.3,0.1,2.0,150.0,3,2Mu2E_200GeV_0p25GeV_1p0mm_info,4.06521265560166,0.12412863070539419,15.050596473029046,0.21722510373443984,0.20893141945773525,0.5144372377240813,61.10509099136364,42.977848763171856,1328.3934317619608,4136.610097015873,34.38037872808298,10.86731250347923,261.8638075615014,387.057546543249,13.80151637918253,4.609624708103558,0.774134754481698,0.14778556251190314,1.3636860141941451,0.04599924203954756,0.02742369611390451,0.010389630096918206,0.002801205259025363,4.427418648253123,0.3,muIsoCut,egmIsoCut
egm,0.03,0.3,0.03,0.3,0.1,2.0,150.0,3,2Mu2E_200GeV_0p25GeV_1p0mm_info,5.98920643153527,0.12412863070539419,13.126602697095436,0.21722510373443984,0.3078149920255184,0.6836704450518465,74.77339020982397,104.02254799660219,1314.7251325435004,4075.5653977824427,34.93380920128008,18.74045002156275,261.7905520197053,386.75630356869027,33.5563400054281,9.556878445435586,0.5512261793765858,0.24555083300708835,1.1380434102123604,0.05687378171980746,0.02888389663658889,0.025523464315700083,0.005197148337636199,2.2282939735897473,0.3,muIsoCut,egmIsoCut
egm,0.04,0.3,0.04,0.3,0.1,2.0,150.0,3,2Mu2E_200GeV_0p25GeV_1p0mm_info,7.944232365145228,0.15516078838174274,11.171576763485477,0.18619294605809128,0.40829346092503976,0.7907613059926357,98.3146247340835,155.8385783952331,1291.1838980192408,4023.7493673838117,37.194730667103244,23.99753069619959,261.4789019456352,386.46573112969867,50.00715619744533,13.598671477275806,0.49135587576413786,0.2369850599517606,1.2198031753795522,0.07614300711533381,0.032674076550259404,0.038729693170863985,0.007028952223081207,1.966011111407811,0.3,muIsoCut,egmIsoCut
egm,0.05,0.3,0.05,0.3,0.1,2.0,150.0,3,2Mu2E_200GeV_0p25GeV_1p0mm_info,9.744097510373445,0.18619294605809128,9.371711618257262,0.15516078838174274,0.5007974481658692,0.940480991065835,104.14586137601063,206.17391635437406,1285.352661377314,3973.4140294246713,37.34399672859311,28.54545526246823,261.4576257454127,386.1564447228429,66.69483475172856,17.64467944034323,0.3596016791206711,0.28536659105367773,0.9067463623517493,0.0810251260260461,0.03340281935282802,0.051888354656115944,0.008777302121079102,1.5615281417772973,0.3,muIsoCut,egmIsoCut
egm,0.06,0.3,0.06,0.3,0.1,2.0,150.0,3,2Mu2E_200GeV_0p25GeV_1p0mm_info,11.202608921161826,0.21722510373443984,7.91320020746888,0.12412863070539419,0.5757575757575757,1.0570980731314186,108.63431435037762,263.1808259796037,1280.864208402947,3916.4071197994426,37.480926576440474,44.40079102413156,261.4380314626488,384.65596651236154,86.073508198622,24.31026443258016,0.20767661016380512,0.3532806460633623,0.5050043811795678,0.08481329530304305,0.033999387662557876,0.06719955763768529,0.0131183762974729,1.2621109168653222,0.3,muIsoCut,egmIsoCut
egm,0.07,0.3,0.07,0.3,0.1,2.0,150.0,3,2Mu2E_200GeV_0p25GeV_1p0mm_info,12.288734439834025,0.24825726141078838,6.827074688796681,0.09309647302904564,0.631578947368421,1.157056737325324,108.7760077311986,286.4199492216671,1280.7225150221261,3893.1679965573785,37.48105234242057,45.73460843449656,261.438013432244,384.4996598288103,94.22261717040107,26.132316901456075,0.1337922843864714,0.3831441896162913,0.3185131024126366,0.08493331416861939,0.03401571407421852,0.07356989204548593,0.013812878240861248,1.1544575071023322,0.3,muIsoCut,egmIsoCut
egm,0.08,0.3,0.08,0.3,0.1,2.0,150.0,3,2Mu2E_200GeV_0p25GeV_1p0mm_info,13.281763485477178,0.3103215767634855,5.834045643153527,0.031032157676348548,0.682615629984051,1.1947700523392708,119.22940713749819,340.90584003143823,1270.2691156158264,3838.6821057476072,38.317935384724535,56.981572847634325,261.31666609679826,382.9944427441961,112.81011242806932,31.949875901212298,0.053839861017055846,0.40530300629736765,0.128667760349775,0.09386153349063814,0.03581586371185624,0.08880804157265446,0.017287444607507575,1.056903539685079,0.3,muIsoCut,egmIsoCut
egm,0.09,0.3,0.09,0.3,0.1,2.0,150.0,3,2Mu2E_200GeV_0p25GeV_1p0mm_info,14.057567427385893,0.3103215767634855,5.058241701244813,0.031032157676348548,0.722488038277512,1.1103478518215415,155.67030057713566,391.48130675794874,1233.8282221761888,3788.1066390210967,50.48202406901434,66.27454023534084,259.2416428701009,381.4961705361166,127.50979071095813,36.72389641635532,0.18089841004851026,0.3552594093750457,0.4510979889294002,0.12616853608889664,0.0487522889097581,0.10334484851226716,0.020357091708043784,1.2208497850177822,0.3,muIsoCut,egmIsoCut
egm,0.1,0.3,0.1,0.3,0.1,2.0,150.0,3,2Mu2E_200GeV_0p25GeV_1p0mm_info,14.802339211618257,0.3103215767634855,4.313469917012448,0.031032157676348548,0.7607655502392344,1.1078492302262124,173.65846906416922,412.4468787093929,1215.8400536891554,3767.1410670696523,51.632848797888066,67.11188525582149,259.0148896822496,381.3497576694353,133.11671270755758,38.14383012227255,0.2334568338364822,0.31652686145414566,0.6315480102276024,0.14283002812520204,0.05224240872248134,0.10948538198231667,0.02098131362706613,1.304557974216786,0.3,muIsoCut,egmIsoCut
egm,0.11,0.3,0.11,0.3,0.1,2.0,150.0,3,2Mu2E_200GeV_0p25GeV_1p0mm_info,15.391950207468879,0.3103215767634855,3.723858921161826,0.031032157676348548,0.7910685805422647,1.075832219949151,199.62375869163358,469.70707938899545,1189.874764061691,3709.88086639005,53.27252316900844,75.51864963886098,258.6826287698904,379.7743756151151,150.6497433190961,43.556556265903474,0.24533159626650203,0.2969309066195688,0.7117041789891979,0.16776871375119254,0.05774776217322438,0.12660974740303463,0.024131997881871405,1.3250852891850204,0.3,muIsoCut,egmIsoCut
egm,0.12,0.3,0.12,0.3,0.1,2.0,150.0,3,2Mu2E_200GeV_0p25GeV_1p0mm_info,15.79536825726141,0.3103215767634855,3.3204408713692946,0.031032157676348548,0.8118022328548642,1.101644504567497,200.3795853801884,497.6779711347871,1189.118937373136,3681.9099746442585,53.27670251103869,76.4299962927165,258.6817680503281,379.5920158325553,160.73133353756023,45.89648559910262,0.19786572453177753,0.31296516122210327,0.5638265618786401,0.16851096983018685,0.05788923130734779,0.13516842469318444,0.025001998600234072,1.24667406765068,0.3,muIsoCut,egmIsoCut
egm,0.13,0.3,0.13,0.3,0.1,2.0,150.0,3,2Mu2E_200GeV_0p25GeV_1p0mm_info,16.105689834024897,0.3103215767634855,3.010119294605809,0.031032157676348548,0.8277511961722488,1.1144918333886769,203.53550804224977,545.8896979816321,1185.9630147110747,3633.698247797413,53.36464358504543,78.53770396122223,258.66364059746496,379.16153796716645,178.16696593076838,50.126833402496416,0.12463939268137625,0.3366432134874461,0.3464922162869973,0.17162045149598132,0.05853043250539686,0.15022978264981862,0.02669990977346422,1.1423863395717195,0.3,muIsoCut,egmIsoCut
egm,0.14,0.3,0.14,0.3,0.1,2.0,150.0,3,2Mu2E_200GeV_0p25GeV_1p0mm_info,16.26085062240664,0.3103215767634855,2.8549585062240666,0.031032157676348548,0.835725677830941,1.119769554899998,205.5256671508945,595.5587114028194,1183.97285560243,3584.0292343762267,53.37691937201146,85.51685215768823,258.661107688124,377.64866054862114,196.7409588781497,55.455054940798206,0.042742633533431884,0.3668915154906501,0.11413180169318837,0.1735898472489209,0.058912596325036155,0.16617016002283586,0.029595634986795964,1.0446511408851349,0.3,muIsoCut,egmIsoCut
egm,0.15,0.3,0.15,0.3,0.1,2.0,150.0,3,2Mu2E_200GeV_0p25GeV_1p0mm_info,16.416011410788382,0.3103215767634855,2.6997977178423236,0.031032157676348548,0.8437001594896332,0.8935496800284237,332.09080209765335,608.9152809414866,1057.4077206556713,3570.672664837559,127.88056978825279,85.89495794074801,231.08704858283443,377.56284115029746,180.32224729903567,50.63162074070213,0.45700920904755804,0.25877604778756397,1.103457608447318,0.31406126095971043,0.1390566665592812,0.17053237249603445,0.03006379811985662,1.841651859778199,0.3,muIsoCut,egmIsoCut
egm,0.16,0.3,0.16,0.3,0.1,2.0,150.0,3,2Mu2E_200GeV_0p25GeV_1p0mm_info,16.63323651452282,0.3103215767634855,2.482572614107884,0.031032157676348548,0.8548644338118022,0.9011872944448662,335.16219085745587,656.46816596686,1054.3363318958686,3523.1197798121857,127.91719891372624,92.27346188941061,231.06677470843718,376.05485111625813,196.4560620612237,55.28098338938748,0.4138477805070314,0.27793967814994475,0.9953698717907169,0.3178892548023832,0.13990485511992937,0.18633149225538276,0.0328865789070714,1.7060414799162862,0.3,muIsoCut,egmIsoCut
egm,0.17,0.3,0.17,0.3,0.1,2.0,150.0,3,2Mu2E_200GeV_0p25GeV_1p0mm_info,16.788397302904563,0.3103215767634855,2.327411825726141,0.031032157676348548,0.8628389154704944,0.9091878759400206,335.41559446165775,674.0061185781492,1054.0829282916668,3505.581827200896,127.91727232195144,92.67923600931636,231.06673407006292,375.9550532043119,202.66488650890685,56.768814855319384,0.39577977334600645,0.2859087324063523,0.9485696302749894,0.31820607796509875,0.13997314020683188,0.19226654855075034,0.03352781299482205,1.6550256940879429,0.3,muIsoCut,egmIsoCut
egm,0.18,0.3,0.18,0.3,0.1,2.0,150.0,3,2Mu2E_200GeV_0p25GeV_1p0mm_info,16.91252593360996,0.3103215767634855,2.203283195020747,0.031032157676348548,0.869218500797448,0.7848536551619907,458.7402728529705,853.4493631545299,930.758249900354,3326.138582624516,172.79405807364282,152.70049346750864,199.74202774212546,355.82889443088646,238.82199009323594,71.45181890156918,0.4793960673913187,0.25042737396256076,1.176131997923773,0.4928672648371183,0.21366500378664788,0.2565886363282882,0.053489687843857,1.9208460354671637,0.3,muIsoCut,egmIsoCut
egm,0.19,0.3,0.19,0.3,0.1,2.0,150.0,3,2Mu2E_200GeV_0p25GeV_1p0mm_info,17.191815352697095,0.3103215767634855,1.9239937759336099,0.031032157676348548,0.883572567783094,0.7977037945601079,458.7772382521281,880.4171228916412,930.7212845011964,3299.170822887404,172.79406059311776,153.26419631875964,199.74202556256262,355.58645776223295,248.37239400577764,73.67010850626096,0.45862093125622605,0.25954392539507254,1.120108850877522,0.49292655695308574,0.21367979103502252,0.2668601203623364,0.05463856674829785,1.84713458228154,0.3,muIsoCut,egmIsoCut
egm,0.2,0.3,0.2,0.3,0.1,2.0,150.0,3,2Mu2E_200GeV_0p25GeV_1p0mm_info,17.25387966804979,0.3103215767634855,1.861929460580913,0.031032157676348548,0.8867623604465709,0.8004841717145366,458.87217716463,934.0784274593918,930.6263455886944,3245.5095183196536,172.79408528438617,157.09729843187486,199.74200420248553,353.9097083191333,267.84022309379407,78.65741793437903,0.4163075548646725,0.27873569228592177,1.0062011204199623,0.49307885956565867,0.21371779256694112,0.2878064051844181,0.05768847365124541,1.713231014611047,0.3,muIsoCut,egmIsoCut
egm,0.21,0.3,0.21,0.3,0.1,2.0,150.0,3,2Mu2E_200GeV_0p25GeV_1p0mm_info,17.28491182572614,0.3103215767634855,1.8308973029045643,0.031032157676348548,0.8883572567783093,0.7883522303549004,474.99443564957346,955.2660019830744,914.5040871037511,3224.321943795971,173.10923361787198,157.47654760834192,199.4689384047714,353.74111970547784,270.9390310002061,79.81775329826105,0.4295953580389076,0.26730455358318755,1.0704576766705187,0.5194011074941046,0.22060490265131197,0.2962688027543697,0.05866734639639455,1.7531414130185328,0.3,muIsoCut,egmIsoCut
egm,0.22,0.3,0.22,0.3,0.1,2.0,150.0,3,2Mu2E_200GeV_0p25GeV_1p0mm_info,17.31594398340249,0.341353734439834,1.7998651452282157,0.0,0.8899521531100477,0.7892168466352039,475.65532342435864,1013.7771629256176,913.843199328966,3165.810782853428,173.11049516541303,161.34941379982752,199.46784356301387,351.9914906408671,292.63699870892793,85.48626302000521,0.38477089544134013,0.2871146160181971,0.9479488556418597,0.5204999323446646,0.22088857352746463,0.32022670729925107,0.062171017339004986,1.6254107495732975,0.3,muIsoCut,egmIsoCut
egm,0.23,0.3,0.23,0.3,0.1,2.0,150.0,3,2Mu2E_200GeV_0p25GeV_1p0mm_info,17.346976141078837,0.341353734439834,1.7688329875518671,0.0,0.8915470494417862,0.7763277813708247,493.54610573001537,1065.685222348327,895.9524170233092,3113.9027234307187,173.4495641917175,164.99085753534405,199.17307256202264,350.2993858785359,306.62590824194376,89.94313451265651,0.3787289481528654,0.2843972198288609,0.9566860597255443,0.5508619613637085,0.22907217766870885,0.34223459015900676,0.06549555535752723,1.609603404225653,0.3,muIsoCut,egmIsoCut
egm,0.24,0.3,0.24,0.3,0.1,2.0,150.0,3,2Mu2E_200GeV_0p25GeV_1p0mm_info,17.440072614107883,0.341353734439834,1.6757365145228216,0.0,0.8963317384370015,0.7742793369809574,501.5622897758449,1081.3623712089468,887.9362329774798,3098.225574570098,173.6066026550239,165.31959448881219,199.0362069239517,350.14436236384313,309.9131445611734,91.09059866668834,0.38210437491287896,0.28058032195396027,0.977537797979093,0.5648629610416694,0.23293529799180712,0.34902635240140445,0.06635616698480827,1.6183963106374213,0.3,muIsoCut,egmIsoCut
egm,0.25,0.3,0.25,0.3,0.1,2.0,150.0,3,2Mu2E_200GeV_0p25GeV_1p0mm_info,17.471104771784233,0.341353734439834,1.644704356846473,0.0,0.89792663476874,0.7587739240703102,524.3791107448533,1091.3929845912644,865.1194120084713,3088.1949611877803,174.0743834184789,165.48713216026556,198.62722167308755,350.065210934332,305.7401715132043,90.98271609469451,0.4169482245795103,0.2599353571596768,1.1131349834727247,0.6061349490788198,0.24465131304405888,0.353408058204814,0.06690622688914902,1.7151135493564227,0.3,muIsoCut,egmIsoCut
egm,0.26,0.3,0.26,0.3,0.1,2.0,150.0,3,2Mu2E_200GeV_0p25GeV_1p0mm_info,17.53316908713693,0.341353734439834,1.582640041493776,0.0,0.9011164274322169,0.7561636962085336,531.8242974091821,1114.211014271048,857.6742253441424,3065.3769315079976,174.22962973401724,165.97660814163504,198.49105842541303,349.8334008737955,311.7496118380178,92.88567714270816,0.41381088950481004,0.2595836066091835,1.1146242567989382,0.6200772760727271,0.24871689685461226,0.36348254689935217,0.06820931043963255,1.70593411255156,0.3,muIsoCut,egmIsoCut
egm,0.27,0.3,0.27,0.3,0.1,2.0,150.0,3,2Mu2E_200GeV_0p25GeV_1p0mm_info,17.56420124481328,0.341353734439834,1.5516078838174274,0.0,0.9027113237639552,0.7570296672776017,532.4851851890382,1117.9136133196698,857.0133375642862,3061.6743324593763,174.230883169145,165.9832718395422,198.48995818981174,349.8302392397893,312.9225295787899,93.21852613157303,0.41233570757898386,0.26004014865492125,1.1111422864230587,0.621326602340183,0.24907649123089534,0.36513145812659775,0.06840803905275346,1.7016517983086457,0.3,muIsoCut,egmIsoCut
egm,0.28,0.3,0.28,0.3,0.1,2.0,150.0,3,2Mu2E_200GeV_0p25GeV_1p0mm_info,17.56420124481328,0.341353734439834,1.5516078838174274,0.0,0.9027113237639552,0.7350202487371352,565.2042071068664,1123.5587821027814,824.2943156464581,3056.029163676264,177.27595673894928,166.01554335676457,195.77512435032102,349.814925612224,303.054410733395,91.59295521637671,0.4638143047719835,0.23354598896535028,1.313773579747122,0.6856825242857599,0.2697663655537035,0.3676531609898615,0.06871805337205321,1.865025510564476,0.3,muIsoCut,egmIsoCut
egm,0.29,0.3,0.29,0.3,0.1,2.0,150.0,3,2Mu2E_200GeV_0p25GeV_1p0mm_info,17.595233402489626,0.341353734439834,1.5205757261410788,0.0,0.9043062200956937,0.7311409080046611,573.3102815421772,1255.831178981536,816.1882412111473,2923.7567667975104,177.42963260145262,202.75867751886358,195.63585976759734,329.8796166905877,350.5745255114955,108.76333337801864,0.3885082183273134,0.2679634526383195,1.0702670431813768,0.7024240887021824,0.2749638455853175,0.42952655749031077,0.08460399982325179,1.6353449547017302,0.3,muIsoCut,egmIsoCut
egm,0.3,0.3,0.3,0.3,0.1,2.0,150.0,3,2Mu2E_200GeV_0p25GeV_1p0mm_info,17.626265560165976,0.341353734439834,1.4895435684647302,0.0,0.9059011164274322,0.7315297006191395,574.7269959991786,1291.7496069385486,814.7715267541458,2887.8383388404977,177.43211829708608,205.3855667961502,195.63360536651754,328.2505320162508,364.4528106971434,112.83481712839155,0.36586794559122426,0.27725654684919043,1.000015610875225,0.7053842422411998,0.2758789514507678,0.4473067586799896,0.08742579694656619,1.5769586051478444,0.3,muIsoCut,egmIsoCut
egm,0.31,0.3,0.31,0.3,0.1,2.0,150.0,3,2Mu2E_200GeV_0p25GeV_1p0mm_info,17.688329875518672,0.341353734439834,1.4274792531120333,0.0,0.9090909090909091,0.7340341902306539,574.8193336613382,1308.7771892375558,814.6791890919864,2870.8107565414907,177.43214232385938,205.65188220947215,195.63358357516015,328.0837486996711,371.4050244519248,114.72533222344121,0.3538752044294623,0.28215496737514106,0.9627191808828253,0.7055775345163932,0.2759387304905749,0.4558911402485685,0.08857818899867333,1.547688630517554,0.3,muIsoCut,egmIsoCut
egm,0.32,0.3,0.32,0.3,0.1,2.0,150.0,3,2Mu2E_200GeV_0p25GeV_1p0mm_info,17.688329875518672,0.341353734439834,1.4274792531120333,0.0,0.9090909090909091,0.7321054095194423,577.8829186625078,1327.1735254613145,811.6156040908169,2852.4144203177316,177.45854377262413,205.8362732763296,195.6096352284138,327.96809512640056,377.629118310459,116.61426875950798,0.3465300563227064,0.2845873875166781,0.9430584584782352,0.7120155351249812,0.27794849247442444,0.46528075163547944,0.08982962597401116,1.5302922646643335,0.3,muIsoCut,egmIsoCut
egm,0.33,0.3,0.33,0.3,0.1,2.0,150.0,3,2Mu2E_200GeV_0p25GeV_1p0mm_info,17.688329875518672,0.341353734439834,1.4274792531120333,0.0,0.9090909090909091,0.7320854917156321,577.9146815521067,1404.1557741118756,811.5838412012178,2775.4321716671698,177.45854618774473,211.1065986472522,195.60963303739805,324.6007498831689,410.5991666566461,126.1371654102025,0.28951594454409935,0.3086017984386892,0.7684884259148659,0.712082538135235,0.2779693424480738,0.5059232895136528,0.09636721928618737,1.4074911214697476,0.3,muIsoCut,egmIsoCut
egm,0.34,0.3,0.34,0.3,0.1,2.0,150.0,3,2Mu2E_200GeV_0p25GeV_1p0mm_info,17.688329875518672,0.341353734439834,1.4274792531120333,0.0,0.9090909090909091,0.7271116163489203,585.9284183303289,1411.8718450074175,803.5701044229955,2767.716100771628,177.612040065423,211.23466043221347,195.47027235846386,324.5174279591391,409.91849041460335,126.547076682398,0.3003949329122596,0.30268809244941985,0.8070776703431692,0.7291565665587516,0.2833962647541238,0.5101216286648017,0.09696592503828601,1.429377869092229,0.3,muIsoCut,egmIsoCut
egm,0.35000000000000003,0.3,0.35000000000000003,0.3,0.1,2.0,150.0,3,2Mu2E_200GeV_0p25GeV_1p0mm_info,17.719362033195022,0.341353734439834,1.3964470954356847,0.0,0.9106858054226474,0.723897602547035,593.281267337569,1424.19976990762,796.2172554157554,2755.3881758714256,177.76417289399856,211.3869310416351,195.33193028126774,324.4182612029208,411.5472519950706,127.56432773085461,0.3063201643936184,0.2990511277685544,0.8306001287889451,0.745124855436321,0.28854881902368174,0.516878087225296,0.09792433354295582,1.441587240496688,0.3,muIsoCut,egmIsoCut
egm,0.36,0.3,0.36,0.3,0.1,2.0,150.0,3,2Mu2E_200GeV_0p25GeV_1p0mm_info,17.78142634854772,0.341353734439834,1.3343827800829875,0.0,0.9138755980861244,0.7256192064064502,594.6056441374817,1430.7110742434008,794.8928786158428,2748.8768715356446,177.76662993022327,211.41337357247636,195.32969419764245,324.4010300412625,413.7188013217837,128.28346717528808,0.3042131278085787,0.2996946759169279,0.8251365731631635,0.7480324206361946,0.2894837841815317,0.5204711382522355,0.09842586119733238,1.4372217125201596,0.3,muIsoCut,egmIsoCut
egm,0.37,0.3,0.37,0.3,0.1,2.0,150.0,3,2Mu2E_200GeV_0p25GeV_1p0mm_info,17.78142634854772,0.341353734439834,1.3343827800829875,0.0,0.9138755980861244,0.7066216846995212,627.3272673081876,1431.799171641497,762.171255445137,2747.788774137548,180.7521477364101,211.41446119323248,192.57031245954926,324.4003212321202,397.1470378169178,125.32330354970046,0.3669220859455946,0.27052261845265735,1.046519544075818,0.8230791476671534,0.3154191023284787,0.5210732299067994,0.09850943613855935,1.5795844046994538,0.3,muIsoCut,egmIsoCut
egm,0.38,0.3,0.38,0.3,0.1,2.0,150.0,3,2Mu2E_200GeV_0p25GeV_1p0mm_info,17.78142634854772,0.341353734439834,1.3343827800829875,0.0,0.9138755980861244,0.7062003277216556,628.0830939929392,1470.0672882567221,761.4154287603853,2709.5206575223233,180.75337954512,213.95597975469343,192.56915624032646,322.7297345215293,413.11067752410634,130.2004230750118,0.34226747786217204,0.28071642287100024,0.9650218380359659,0.8248888455221922,0.3160345436553519,0.5425562208486726,0.10203727855823383,1.5203748732839,0.3,muIsoCut,egmIsoCut
egm,0.39,0.3,0.39,0.3,0.1,2.0,150.0,3,2Mu2E_200GeV_0p25GeV_1p0mm_info,17.78142634854772,0.341353734439834,1.3343827800829875,0.0,0.9138755980861244,0.7054638304903392,629.4074707903164,1476.9497690945682,760.0910519630081,2702.6381766844775,180.75579594868802,213.98306555549087,192.56688807541582,322.711776160403,415.3779493579149,130.98134220412038,0.3400492230631693,0.2814734705445775,0.9588123027167126,0.8280685177977181,0.3171183032451796,0.5464844616775338,0.1026002763144305,1.5152645241839275,0.3,muIsoCut,egmIsoCut
egm,0.4,0.3,0.4,0.3,0.1,2.0,150.0,3,2Mu2E_200GeV_0p25GeV_1p0mm_info,17.78142634854772,0.341353734439834,1.3343827800829875,0.0,0.9138755980861244,0.7047149319765322,630.7584079753403,1511.544282210015,758.7401147779841,2668.0436635690307,180.75821465355264,216.47177306469666,192.5646176932659,321.04768225818736,429.8540154481093,135.52423505503506,0.31851242882692643,0.2903530999826143,0.8892678846635582,0.8313233947830837,0.31823076505633935,0.5665365611700779,0.10597302039323205,1.4673781919142816,0.3,muIsoCut,egmIsoCut
egm,0.41000000000000003,0.3,0.41000000000000003,0.3,0.1,2.0,150.0,3,2Mu2E_200GeV_0p25GeV_1p0mm_info,17.812458506224065,0.341353734439834,1.303350622406639,0.0,0.9154704944178628,0.7059391190395568,630.7584079753403,1561.9241679018446,758.7401147779841,2617.663777877201,180.75821465355264,219.18093691391718,192.5646176932659,319.2042601699812,452.7298472951355,142.42925719299254,0.28224524386707006,0.30544471871966694,0.7736013663395587,0.8313233947830837,0.31823076505633935,0.5966863204901317,0.11092873025036157,1.3932335403637472,0.3,muIsoCut,egmIsoCut
egm,0.42,0.3,0.42,0.3,0.1,2.0,150.0,3,2Mu2E_200GeV_0p25GeV_1p0mm_info,17.812458506224065,0.341353734439834,1.303350622406639,0.0,0.9154704944178628,0.701896075925888,638.1138582354583,1579.6633114731817,751.3846645178662,2599.924634305864,180.9077017707989,219.43150906037346,192.42418660891138,319.03206053407047,456.526612995207,144.32082520648942,0.2845687221750436,0.30379413180339654,0.7846588544725512,0.8492505747970126,0.32445141594175586,0.6075804239206054,0.11261298445444622,1.3977582906917143,0.3,muIsoCut,egmIsoCut
egm,0.43,0.3,0.43,0.3,0.1,2.0,150.0,3,2Mu2E_200GeV_0p25GeV_1p0mm_info,17.812458506224065,0.341353734439834,1.303350622406639,0.0,0.9154704944178628,0.6975367191907962,646.1885195425364,1590.5363357051097,743.3100032107882,2589.0516100739355,181.05827633304818,219.5596787963204,192.28251278626203,318.94386694837726,456.63885733281245,145.22876486399676,0.29333492700228403,0.2995270720145687,0.8166490197237598,0.8693391946176863,0.33152074095068246,0.6143316454242829,0.11366138086532057,1.4150975309391471,0.3,muIsoCut,egmIsoCut
egm,0.44,0.3,0.44,0.3,0.1,2.0,150.0,3,2Mu2E_200GeV_0p25GeV_1p0mm_info,17.812458506224065,0.341353734439834,1.303350622406639,0.0,0.9154704944178628,0.6971835042237974,646.8494073173215,1607.6251505009782,742.649115436003,2571.962795278067,181.05948249495785,219.80882573361234,192.28137702531544,318.7722116915745,464.19854834764215,147.59183054953724,0.28236998736257213,0.30399196943740764,0.7819178340435224,0.8710027304584639,0.3321083724241593,0.6250577004661415,0.11535019424411437,1.3934757220155947,0.3,muIsoCut,egmIsoCut
egm,0.45,0.3,0.45,0.3,0.1,2.0,150.0,3,2Mu2E_200GeV_0p25GeV_1p0mm_info,17.843490663900415,0.341353734439834,1.2723184647302905,0.0,0.9170653907496013,0.6983770259433898,646.8785689565784,1625.4697919803307,742.6199537967461,2554.1181537987145,181.05948484336025,220.05870238028055,192.2813748139701,318.59976510323213,472.6117701419265,150.14576640881285,0.2693964635368057,0.3093411053107642,0.7408817313430274,0.8710762020995035,0.33213433235809037,0.6364113537828254,0.11715528276437615,1.3687313982093996,0.3,muIsoCut,egmIsoCut
egm,0.46,0.3,0.46,0.3,0.1,2.0,150.0,3,2Mu2E_200GeV_0p25GeV_1p0mm_info,17.874522821576765,0.341353734439834,1.241286307053942,0.0,0.9186602870813396,0.698877513894586,648.2029457552233,1645.836070517825,741.2955769981012,2533.7518752612204,181.06189716172904,220.3285759465411,192.27910325432902,318.4131929403944,481.5195250375556,153.02411192233097,0.2571469657908825,0.3143048476020695,0.7031128909051775,0.8744190116176609,0.3333176863531509,0.6495648159503169,0.11926878471944584,1.3461612916001016,0.3,muIsoCut,egmIsoCut
egm,0.47000000000000003,0.3,0.47000000000000003,0.3,0.1,2.0,150.0,3,2Mu2E_200GeV_0p25GeV_1p0mm_info,17.874522821576765,0.341353734439834,1.241286307053942,0.0,0.9186602870813396,0.6985233325626593,648.866434782886,1647.5431957588698,740.6320879704383,2532.0447500201753,181.06310331820387,220.33060873362274,192.27796745564712,318.41178632738894,481.9122399344078,153.22788021080055,0.25730132720510024,0.3141918985878244,0.7038616743080517,0.876098194126292,0.33391335593640536,0.6506769660156054,0.11944529814646149,1.3464410758091598,0.3,muIsoCut,egmIsoCut
egm,0.48,0.3,0.48,0.3,0.1,2.0,150.0,3,2Mu2E_200GeV_0p25GeV_1p0mm_info,17.874522821576765,0.341353734439834,1.241286307053942,0.0,0.9186602870813396,0.6985063905110108,648.8981976800915,1773.9207340628893,740.6003250732329,2405.667211716156,181.06310568524484,249.0829284408287,192.27796522666688,296.46135933114215,546.1130558303234,174.67736162780898,0.15839948734214448,0.35722575330511663,0.4085470769834631,0.8761786563028128,0.33394190701531756,0.7373924063243181,0.13776177671985962,1.1882122039611214,0.3,muIsoCut,egmIsoCut
egm,0.49,0.3,0.49,0.3,0.1,2.0,150.0,3,2Mu2E_200GeV_0p25GeV_1p0mm_info,17.90555497925311,0.341353734439834,1.2102541493775933,0.0,0.9202551834130781,0.6980348859545011,652.0515190892753,1786.9191665864848,737.4470036640492,2392.6687791925615,181.08900128977695,249.1984855213585,192.25357672606413,296.3642313623371,550.7482676452018,176.54529723298364,0.1553608088906293,0.35823575876282443,0.4005568583294774,0.8842011912035964,0.33680378705206926,0.7468309789161477,0.13930034849908254,1.1839374854090945,0.3,muIsoCut,egmIsoCut
egm,0.5,0.3,0.5,0.3,0.1,2.0,150.0,3,2Mu2E_200GeV_0p25GeV_1p0mm_info,17.93658713692946,0.341353734439834,1.1792219917012448,0.0,0.9218500797448166,0.678828888628422,692.2131264185546,1905.8081447431623,697.2853963347699,2273.7798010358833,184.16748758643863,274.8500403254272,189.30663133707822,272.74364914739743,584.4419001962524,192.86074492913414,0.1556908156016924,0.35789157958196105,0.4041369286449935,0.9927256903086207,0.37735738026818944,0.8381674179157185,0.1572250133450381,1.1844002392472428,0.3,muIsoCut,egmIsoCut
egm,0.51,0.3,0.51,0.3,0.1,2.0,150.0,3,2Mu2E_200GeV_0p25GeV_1p0mm_info,17.93658713692946,0.341353734439834,1.1792219917012448,0.0,0.9218500797448166,0.6781411727040318,693.6298408806268,1980.3664296202485,695.8686818726977,2199.2215161587965,184.16988234292194,278.81578302673773,189.3043015620294,268.6882988749505,626.6194500551067,206.64602570148912,0.0966082871239281,0.3824806000263406,0.2420850037223726,0.9967826674049394,0.3789147084819302,0.900485201272128,0.1678586952987607,1.1069395321508566,0.3,muIsoCut,egmIsoCut
egm,0.52,0.3,0.52,0.3,0.1,2.0,150.0,3,2Mu2E_200GeV_0p25GeV_1p0mm_info,17.93658713692946,0.341353734439834,1.1792219917012448,0.0,0.9218500797448166,0.6774567998052499,695.0439540847505,2104.902564652929,694.454568668574,2074.685381126116,184.17227704989662,302.0491449382,189.30197177617984,242.2766122827992,704.5690955955924,232.117209024413,-0.013704372874352888,0.42858057195585186,-0.032146193494620556,1.000848702626158,0.38048026853774813,1.0145647064377594,0.18770445914698053,0.9864808979411874,0.3,muIsoCut,egmIsoCut
egm,0.53,0.3,0.53,0.3,0.1,2.0,150.0,3,2Mu2E_200GeV_0p25GeV_1p0mm_info,17.93658713692946,0.341353734439834,1.1792219917012448,0.0,0.9218500797448166,0.6736021515410229,703.0894537576426,2113.4807741785553,686.4090689956819,2066.10717160049,184.32018243275735,302.13942533289907,189.15796176753574,242.1640156518575,702.1476864728149,232.9997964194727,0.0013394700770924528,0.4223324684696148,0.003169966436308517,1.0243009387774649,0.38959642762100877,1.0229289183200345,0.18910282869940734,1.001341266663654,0.3,muIsoCut,egmIsoCut
egm,0.54,0.3,0.54,0.3,0.1,2.0,150.0,3,2Mu2E_200GeV_0p25GeV_1p0mm_info,17.96761929460581,0.341353734439834,1.1481898340248962,0.0,0.923444976076555,0.6744333986000723,703.7819504354887,2164.554510429648,685.7165723178357,2015.0334353493972,184.32136957250137,304.08705282539114,189.15680498203292,239.71380252520993,736.5986456842904,244.28308656574535,-0.04662906633012587,0.4422860651830661,-0.10723689089874394,1.0263452552365608,0.3903985909997043,1.0742027762205963,0.1977470101022421,0.9554483361582677,0.3,muIsoCut,egmIsoCut
egm,0.55,0.3,0.55,0.3,0.1,2.0,150.0,3,2Mu2E_200GeV_0p25GeV_1p0mm_info,17.998651452282157,0.341353734439834,1.1171576763485478,0.0,0.9250398724082934,0.6755794621259206,703.8111120722101,2214.4581418789185,685.6874106811143,1965.1298039001265,184.3213718793447,306.02087594087726,189.1568027341596,237.24010265025976,772.6848711739543,256.00578893511374,-0.09785830021774067,0.4636542773416782,-0.21832986843104096,1.0264314337827685,0.39043243530559135,1.1268762691828085,0.2067797695980093,0.9108643618230767,0.3,muIsoCut,egmIsoCut
egm,0.56,0.3,0.56,0.3,0.1,2.0,150.0,3,2Mu2E_200GeV_0p25GeV_1p0mm_info,18.029683609958507,0.341353734439834,1.0861255186721992,0.0,0.9266347687400319,0.6729052979399722,711.9223890158119,2219.454841836023,677.5761337375127,1960.1331039430222,184.46917854317388,306.0376966406954,189.0126617972989,237.2184036958036,767.2181178467407,256.1577091608379,-0.07767100695817653,0.45545476377784366,-0.17517108295875433,1.0506898834952245,0.40002947297516145,1.132298024747068,0.20773737882690976,0.927926977290212,0.3,muIsoCut,egmIsoCut
egm,0.5700000000000001,0.3,0.5700000000000001,0.3,0.1,2.0,150.0,3,2Mu2E_200GeV_0p25GeV_1p0mm_info,18.029683609958507,0.341353734439834,1.0861255186721992,0.0,0.9266347687400319,0.6691794263449055,719.938727045644,2350.2580612194606,669.5597957076806,1829.329884559585,184.6168437610539,327.42648444005437,188.86843344455443,206.69673462431481,860.2266439818688,287.55747134047317,-0.19486091199998845,0.5034070766768406,-0.41053448700478223,1.075241870346645,0.4099009577116575,1.2847644818229655,0.23045514811947165,0.83691749387481,0.3,muIsoCut,egmIsoCut
egm,0.58,0.3,0.58,0.3,0.1,2.0,150.0,3,2Mu2E_200GeV_0p25GeV_1p0mm_info,18.060715767634854,0.341353734439834,1.0550933609958506,0.0,0.9282296650717703,0.6703242016160911,719.9436215846617,2413.450016169092,669.5549011686628,1766.1379296099535,184.6168437934947,329.38607057254484,188.8684334128439,203.55947369234892,914.9553157541208,305.4912377799381,-0.27087078532652376,0.5350317081461476,-0.5463385387413199,1.0752570406520046,0.4099071205419474,1.366512759681287,0.2441081021897168,0.7868620567456595,0.3,muIsoCut,egmIsoCut
egm,0.59,0.3,0.59,0.3,0.1,2.0,150.0,3,2Mu2E_200GeV_0p25GeV_1p0mm_info,18.060715767634854,0.341353734439834,1.0550933609958506,0.0,0.9282296650717703,0.6669548907147514,727.2964705919019,2423.0296565668905,662.2020521614227,1756.5582892121556,184.7632090021106,329.47014458531925,188.72525202350602,203.42336798916787,913.4540088312366,307.2296612708337,-0.2559582587934637,0.5293836652779451,-0.5192572671461924,1.0982999346166498,0.4193145782480434,1.3794188735141024,0.24637412918146226,0.7962048045773831,0.3,muIsoCut,egmIsoCut
egm,0.6,0.3,0.6,0.3,0.1,2.0,150.0,3,2Mu2E_200GeV_0p25GeV_1p0mm_info,18.091747925311203,0.341353734439834,1.024061203319502,0.0,0.9298245614035088,0.6608716355633529,743.4162818041672,2432.986605342018,646.0822409491574,1746.6013404370283,185.05797537330767,329.55424892568203,188.4362223746425,203.28708722434186,899.9818114105744,307.7878466653568,-0.21060277187694165,0.5120795455464605,-0.435948592919511,1.1506527105775524,0.4412136672521183,1.3929833608929012,0.2487715695852327,0.8260347846796856,0.3,muIsoCut,egmIsoCut
egm,0.61,0.3,0.61,0.3,0.1,2.0,150.0,3,2Mu2E_200GeV_0p25GeV_1p0mm_info,18.091747925311203,0.341353734439834,1.024061203319502,0.0,0.9298245614035088,0.6576382435011698,750.8034949538842,2472.407357270626,638.6950277994405,1707.1805885084193,185.20399429193697,331.1911305045217,188.29271002990436,200.60926671583357,924.9837400993363,318.63555269970084,-0.23199178788605734,0.5219817126244735,-0.4726094813239995,1.1755273836101436,0.4518680387948178,1.44824008304288,0.25806448021444894,0.8116937221764067,0.3,muIsoCut,egmIsoCut
egm,0.62,0.3,0.62,0.3,0.1,2.0,150.0,3,2Mu2E_200GeV_0p25GeV_1p0mm_info,18.122780082987553,0.341353734439834,0.9930290456431535,0.0,0.9314194577352471,0.658761801572781,750.8034949564197,2480.38805081793,638.6950277969049,1699.1998949611157,185.20399429193697,331.2728124195677,188.29271002990436,200.47435389285457,932.3279266684051,321.17192844048844,-0.24177355717093718,0.5261331529500486,-0.4896205858644509,1.1755273836187803,0.45186803879856446,1.4597388207081374,0.2601330523242734,0.8052998022266185,0.3,muIsoCut,egmIsoCut
egm,0.63,0.3,0.63,0.3,0.1,2.0,150.0,3,2Mu2E_200GeV_0p25GeV_1p0mm_info,18.122780082987553,0.341353734439834,0.9930290456431535,0.0,0.9314194577352471,0.6584743513065082,751.4643827324726,2513.9894472335372,638.034140020852,1665.5984985455084,185.20517345456452,332.8851080046037,188.29155020275905,197.7856104116043,963.0238598244758,331.8246782971812,-0.2815296133167766,0.5429019054857739,-0.5567189393554459,1.1777808358466735,0.45284586855229786,1.5093610191344975,0.2684549869603343,0.7803175124544028,0.3,muIsoCut,egmIsoCut
egm,0.64,0.3,0.64,0.3,0.1,2.0,150.0,3,2Mu2E_200GeV_0p25GeV_1p0mm_info,18.122780082987553,0.341353734439834,0.9930290456431535,0.0,0.9314194577352471,0.6584743513065082,751.4643827324726,2554.3825562872657,638.034140020852,1625.2053894917797,185.20517345456452,333.2941965446421,188.29155020275905,197.09546257280772,1002.8168058774792,345.678679236196,-0.33448348174671927,0.5654895583991874,-0.640932632556549,1.1777808358466735,0.45284586855229786,1.5717290705552303,0.27998089837239987,0.7493535991101887,0.3,muIsoCut,egmIsoCut
egm,0.65,0.3,0.65,0.3,0.1,2.0,150.0,3,2Mu2E_200GeV_0p25GeV_1p0mm_info,18.122780082987553,0.341353734439834,0.9930290456431535,0.0,0.9314194577352471,0.6584088746421957,751.6150436655395,2590.1904378157783,637.8834790877851,1589.3975079632671,185.20520106460452,334.8987348672836,188.2915230452844,194.35658003119025,1039.5383657616928,358.3055301637651,-0.38307285694014936,0.5860057421467352,-0.7138462206719999,1.178295203287594,0.45306936238150897,1.629668113129847,0.2900185648294331,0.7230277096264882,0.3,muIsoCut,egmIsoCut
egm,0.66,0.3,0.66,0.3,0.1,2.0,150.0,3,2Mu2E_200GeV_0p25GeV_1p0mm_info,18.122780082987553,0.341353734439834,0.9930290456431535,0.0,0.9314194577352471,0.6546341756052931,760.3771531274433,2605.975925721817,629.1213696258814,1573.6120200572284,185.35346499692085,335.06082613376105,188.14557439846598,194.07700947739565,1041.8547410069732,362.6784552272732,-0.3701815430958284,0.5822884045966022,-0.6910853131424196,1.2086334844731401,0.466317758659584,1.656047292792695,0.29504660719824793,0.7298302951451022,0.3,muIsoCut,egmIsoCut
egm,0.67,0.3,0.67,0.3,0.1,2.0,150.0,3,2Mu2E_200GeV_0p25GeV_1p0mm_info,18.122780082987553,0.341353734439834,0.9930290456431535,0.0,0.9314194577352471,0.6543520927297782,761.0380409022285,2612.0994748817357,628.4604818510961,1567.4884708973098,185.35464320866708,335.077467057215,188.14441366429455,194.04827720865896,1047.2812560384798,364.90705082695695,-0.37612208556211346,0.5850128046843952,-0.6993753087050515,1.2109560789894576,0.4673467584966896,1.666423404943092,0.2970764387601517,0.726679711409125,0.3,muIsoCut,egmIsoCut
egm,0.68,0.3,0.68,0.3,0.1,2.0,150.0,3,2Mu2E_200GeV_0p25GeV_1p0mm_info,18.122780082987553,0.341353734439834,0.9930290456431535,0.0,0.9314194577352471,0.6543520927294036,761.0380409034963,2676.3446562127456,628.4604818498284,1503.2432895663003,185.35464320866708,336.99383441036576,188.14441366429455,190.70080856285475,1118.8986266653758,390.1293386316906,-0.47022693548542094,0.6253075189539088,-0.8285291812020175,1.2109560789939176,0.4673467584986682,1.780380245026669,0.31822581505063274,0.6801671060868113,0.3,muIsoCut,egmIsoCut
egm,0.6900000000000001,0.3,0.6900000000000001,0.3,0.1,2.0,150.0,3,2Mu2E_200GeV_0p25GeV_1p0mm_info,18.1538122406639,0.341353734439834,0.9619968879668049,0.0,0.9330143540669856,0.6520696478254236,769.0543789333283,2687.907575868374,620.4441438199963,1491.6803699106713,185.5016035696519,337.0779545409382,187.99951921529262,190.55208049146242,1117.998566057958,393.463488815296,-0.4537314872436098,0.6202506332304173,-0.802171897525508,1.239522343136898,0.48005667587098216,1.8019326593600868,0.322565239823895,0.6878849421471082,0.3,muIsoCut,egmIsoCut
egm,0.7000000000000001,0.3,0.7000000000000001,0.3,0.1,2.0,150.0,3,2Mu2E_200GeV_0p25GeV_1p0mm_info,18.18484439834025,0.341353734439834,0.9309647302904565,0.0,0.9346092503987241,0.6500652238206828,776.4995655963894,2692.02714561921,612.9989571569351,1487.5608001598355,185.6472941942366,337.09254225870615,187.85565285732562,190.52627317692952,1109.3394184126287,393.77312194489264,-0.4286413895938268,0.6114154939039196,-0.7645489371074659,1.2667224903575098,0.49235283194699797,1.809692178854106,0.3241529913835053,0.6999657207777713,0.3,muIsoCut,egmIsoCut
egm,0.71,0.3,0.71,0.3,0.1,2.0,150.0,3,2Mu2E_200GeV_0p25GeV_1p0mm_info,18.18484439834025,0.341353734439834,0.9309647302904565,0.0,0.9346092503987241,0.6500642073028355,776.5020128639967,2694.3684442633903,612.9965098893279,1485.2195015156556,185.64729421036694,337.0945175184123,187.85565284138488,190.5227783656232,1112.0500713893882,394.77422701690904,-0.43212773819835837,0.612948523025953,-0.7691695637827903,1.2667315397997756,0.49235698410283835,1.8141213749979765,0.32506837974714836,0.6982617355474291,0.3,muIsoCut,egmIsoCut
egm,0.72,0.3,0.72,0.3,0.1,2.0,150.0,3,2Mu2E_200GeV_0p25GeV_1p0mm_info,18.215876556016596,0.341353734439834,0.8999325726141079,0.0,0.9362041467304625,0.6511660143542046,776.509816626433,2711.856939471209,612.9887061268915,1467.7310063078369,185.6472942650393,337.2574669747296,187.85565278735524,190.23418143676685,1132.5901472296318,402.3203597791067,-0.45856513720611924,0.62453357572233,-0.8036342230769318,1.2667603968313437,0.49237022472952086,1.8476525520115867,0.3318861367004154,0.6856053079093194,0.3,muIsoCut,egmIsoCut
egm,0.73,0.3,0.73,0.3,0.1,2.0,150.0,3,2Mu2E_200GeV_0p25GeV_1p0mm_info,18.215876556016596,0.341353734439834,0.8999325726141079,0.0,0.9362041467304625,0.6498569134240213,779.6657392846912,2722.1247979514524,609.8327834686332,1457.4631478275933,185.6725505357195,337.34022786532523,187.83069006329654,190.08738380255016,1138.9934249508003,406.2775050805977,-0.4608740227520789,0.6265539402933518,-0.8044153846358422,1.2784910231458446,0.4977562705105856,1.867714324035491,0.3360213094224038,0.6845217208504689,0.3,muIsoCut,egmIsoCut
egm,0.74,0.3,0.74,0.3,0.1,2.0,150.0,3,2Mu2E_200GeV_0p25GeV_1p0mm_info,18.246908713692946,0.341353734439834,0.8689004149377594,0.0,0.937799043062201,0.6509586653546103,779.6683405375688,2757.2698063959187,609.8301822157556,1422.318139383127,185.67255055394114,338.92496769239904,187.83069004528426,187.24718713997777,1182.2012965268746,421.81235541212754,-0.5162874199967715,0.6504503570988626,-0.8734222034415178,1.2785007421323813,0.4977607618833677,1.938574591751866,0.3491640638635874,0.6595055705218007,0.3,muIsoCut,egmIsoCut
egm,0.75,0.3,0.75,0.3,0.1,2.0,150.0,3,2Mu2E_200GeV_0p25GeV_1p0mm_info,18.246908713692946,0.341353734439834,0.8689004149377594,0.0,0.937799043062201,0.6509586653546103,779.6683405375688,2769.8945831389487,609.8301822157556,1409.6933626400967,185.67255055394114,339.0204938018191,187.83069004528426,187.07417673077785,1198.2501749107787,427.7908606887649,-0.5368716576135493,0.6595495937037216,-0.8975763421588165,1.2785007421323813,0.4977607618833677,1.9648915548211456,0.3547227417349932,0.6506724195518042,0.3,muIsoCut,egmIsoCut
egm,0.0,0.4,0.0,0.4,0.1,2.0,150.0,3,2Mu2E_200GeV_0p25GeV_1p0mm_info,0.341353734439834,0.031032157676348548,18.960648340248962,0.12412863070539419,0.01754385964912281,0.7988084228638983,0.09738617884141444,2.089992551290215,1705.127276009347,3861.771813792891,0.09240670314442745,1.1484257377760336,275.5592613991974,379.14650599164946,0.9228156084036386,0.5362605288596982,-8.475837530358078,10.543523588483044,-1.516876486356932,5.711372999048817e-05,5.49738125491195e-05,0.0005412004261426054,0.00030209273231981043,0.10553156877123153,0.4,muIsoCut,egmIsoCut
egm,0.01,0.4,0.01,0.4,0.1,2.0,150.0,3,2Mu2E_200GeV_0p25GeV_1p0mm_info,1.5516078838174274,0.031032157676348548,17.75039419087137,0.12412863070539419,0.07974481658692187,0.3366047009081594,20.737302645993715,15.15640260510727,1684.4873595421946,3848.705403739074,9.592515889823057,8.08195780198981,275.3922633640486,379.0620976112462,6.6335990745438895,3.7570449998130133,0.6801127327027052,0.23392142472688782,1.3690222685500215,0.01231074993143887,0.006039823220720792,0.0039380521539483385,0.002135435273377611,3.126101293274129,0.4,muIsoCut,egmIsoCut
egm,0.02,0.4,0.02,0.4,0.1,2.0,150.0,3,2Mu2E_200GeV_0p25GeV_1p0mm_info,4.127276970954357,0.062064315352697096,15.17472510373444,0.09309647302904564,0.21212121212121213,0.5066438333230688,65.00072674779508,39.08221300674042,1640.2239354403932,3824.7795933374414,34.52284927439495,10.40585414620562,273.3881635328191,379.00542223936446,16.76007196213357,5.520467758797098,0.742155621933841,0.1611425298636066,1.379824369465438,0.039629178274576675,0.0220597623870658,0.010218160825481163,0.0029029511536473873,3.878308332723915,0.4,muIsoCut,egmIsoCut
egm,0.03,0.4,0.03,0.4,0.1,2.0,150.0,3,2Mu2E_200GeV_0p25GeV_1p0mm_info,6.051270746887967,0.062064315352697096,13.25073132780083,0.09309647302904564,0.31100478468899523,0.6586098372559831,82.42510764273561,96.37083056369055,1622.7995545454526,3767.4909757804908,35.21356220480055,18.209352793846726,273.3000551019312,378.71072252866077,41.51052833710736,11.305023068823173,0.49638490595570595,0.2551523258435984,1.106285007686735,0.05079192153575797,0.023324433992708726,0.025579578340921155,0.005474677504634883,1.9856434245635375,0.4,muIsoCut,egmIsoCut
egm,0.04,0.4,0.04,0.4,0.1,2.0,150.0,3,2Mu2E_200GeV_0p25GeV_1p0mm_info,8.006296680497925,0.09309647302904564,11.295705394190872,0.062064315352697096,0.41148325358851673,0.7474809812480092,112.08830966231103,142.0648934670056,1593.1363525258776,3721.7969128771765,37.7069114385859,23.184440874777046,272.96722131353545,378.43873161804544,60.81168626286937,15.661740432742736,0.4574662920149566,0.2298555752914643,1.2558518969308292,0.07035700960849825,0.026561482679760603,0.03817104930563789,0.007339584135687598,1.8432034457618767,0.4,muIsoCut,egmIsoCut
egm,0.05,0.4,0.05,0.4,0.1,2.0,150.0,3,2Mu2E_200GeV_0p25GeV_1p0mm_info,9.806161825726141,0.12412863070539419,9.495840248962656,0.031032157676348548,0.503987240829346,0.8692287903658988,124.04396106589363,186.27581666449106,1581.1807011222947,3677.5859896796906,38.10087297546333,27.527088228041055,272.9125108168873,378.1476580663124,80.08941931534316,19.97450456647491,0.3543464863009437,0.2554590477636775,1.0217408284001332,0.07845021190674119,0.027640299271596936,0.05065165496802299,0.009118804535447366,1.548818334884966,0.4,muIsoCut,egmIsoCut
egm,0.06,0.4,0.06,0.4,0.1,2.0,150.0,3,2Mu2E_200GeV_0p25GeV_1p0mm_info,11.295705394190872,0.12412863070539419,8.006296680497925,0.031032157676348548,0.580542264752791,0.982117813908561,128.56937943561508,243.24576089436624,1576.6552827525734,3620.6160454498154,38.23510373408639,43.753022101802024,272.89373742230447,376.61527444370904,105.92526495684383,28.6452874973583,0.17612369740114486,0.331165596270058,0.47397154007384446,0.08154564973210549,0.02805907513460187,0.0671835283943084,0.013959616894797687,1.2137744426506454,0.4,muIsoCut,egmIsoCut
egm,0.07,0.4,0.07,0.4,0.1,2.0,150.0,3,2Mu2E_200GeV_0p25GeV_1p0mm_info,12.41286307053942,0.12412863070539419,6.889139004149378,0.031032157676348548,0.6379585326953747,1.0745306968049892,129.3719605886858,265.82399636417983,1575.8527015995026,3598.0378099800005,38.240938245166056,45.10115669782084,272.89291988616964,376.4562093416307,116.42441934838854,30.741742977443288,0.10007996463361613,0.3566849122522337,0.26388274880072426,0.0820964805006028,0.02812464167629549,0.07388026763555812,0.014726736624124794,1.111209841653176,0.4,muIsoCut,egmIsoCut
egm,0.08,0.4,0.08,0.4,0.1,2.0,150.0,3,2Mu2E_200GeV_0p25GeV_1p0mm_info,13.43692427385892,0.15516078838174274,5.865077800829876,0.0,0.6905901116427432,1.1159173047452147,140.57858542559157,319.5566617433449,1564.6460767625967,3544.3051446008367,39.067243877882134,56.47047256862885,272.77585218940493,374.91929480253054,141.06942170646158,38.06553930602878,-0.0034915437467524235,0.3887042482402652,-0.008998622480271556,0.0898468909444762,0.029475207752564042,0.09016059529471852,0.018569094891087372,0.9965206047141006,0.4,muIsoCut,egmIsoCut
egm,0.09,0.4,0.09,0.4,0.1,2.0,150.0,3,2Mu2E_200GeV_0p25GeV_1p0mm_info,14.212728215767635,0.15516078838174274,5.089273858921162,0.0,0.7304625199362041,0.9690367030654676,210.43099745836784,336.7206098767165,1494.7936647298209,3527.1411964674644,60.64010177281849,57.12729202835166,268.8041910738228,374.8197758828348,142.70135681888067,38.4007882069145,0.3218615197263748,0.2673764723128335,0.943620752530902,0.14077594949962713,0.04781830432768802,0.09546558845275377,0.01911137216497424,1.4746250641852756,0.4,muIsoCut,egmIsoCut
egm,0.1,0.4,0.1,0.4,0.1,2.0,150.0,3,2Mu2E_200GeV_0p25GeV_1p0mm_info,14.9575,0.15516078838174274,4.344502074688797,0.0,0.7687400318979266,0.9787713618340185,228.60384126211423,357.5015065114478,1476.6208209260742,3506.3602998327333,61.6015853398686,58.096479249529466,268.5854794390138,374.6707767976575,150.55331537161908,40.09105270857187,0.3414226351560008,0.2494995825282529,1.06193178817963,0.15481553424036346,0.05033245262854601,0.10195800657693449,0.019829827660798053,1.5184244910039923,0.4,muIsoCut,egmIsoCut
egm,0.11,0.4,0.11,0.4,0.1,2.0,150.0,3,2Mu2E_200GeV_0p25GeV_1p0mm_info,15.547110995850623,0.15516078838174274,3.7548910788381744,0.0,0.799043062200957,0.9645757649876496,254.66146854793504,414.669369532694,1450.5631936402535,3449.192436811488,62.982334764878594,67.63322907886584,268.26505659409827,373.06720334507656,174.38984225831692,46.95691846368971,0.3152091549119005,0.2503650705399716,1.0217831093955718,0.17556040968394535,0.05421617057705514,0.1202221613114819,0.02352820820359546,1.4602998961987412,0.4,muIsoCut,egmIsoCut
egm,0.12,0.4,0.12,0.4,0.1,2.0,150.0,3,2Mu2E_200GeV_0p25GeV_1p0mm_info,15.950529045643153,0.15516078838174274,3.351473029045643,0.0,0.8197767145135566,0.9765158409092256,261.539262730538,436.51829378443745,1443.6853994576509,3427.3435125597443,63.13445209306486,68.51271650330962,268.22929750640304,372.90669015812546,183.87275305885242,48.99166941854157,0.2969592743392597,0.25276629612784474,0.9718841032723567,0.1811608421258471,0.0551846982240697,0.12736344990946635,0.02432352738305429,1.4223927057144063,0.4,muIsoCut,egmIsoCut
egm,0.13,0.4,0.13,0.4,0.1,2.0,150.0,3,2Mu2E_200GeV_0p25GeV_1p0mm_info,16.26085062240664,0.15516078838174274,3.0411514522821577,0.0,0.835725677830941,0.9751217868449047,272.71152342243147,476.71368260145044,1432.513138765757,3387.1481237427306,63.638340357843454,70.47068727463062,268.110195103374,372.54164078984815,201.61462941909886,52.95168220791393,0.2607036663177712,0.25973710291627783,0.8587909922863702,0.19037279033782387,0.05694764320950268,0.14074190592960883,0.02593229585305988,1.3526375750022712,0.4,muIsoCut,egmIsoCut
egm,0.14,0.4,0.14,0.4,0.1,2.0,150.0,3,2Mu2E_200GeV_0p25GeV_1p0mm_info,16.416011410788382,0.15516078838174274,2.885990663900415,0.0,0.8437001594896332,0.980833023900131,274.70168253107624,526.3826960226377,1430.5229796571123,3337.4791103215434,63.648634707965336,78.1733894904021,268.10775143901003,371.00176962237384,225.62015157652957,59.496366659561204,0.1786721162473922,0.2883127470867153,0.5633386747956941,0.19202884989440755,0.05722696522401162,0.15771864890322093,0.029257739532866388,1.2175405459644788,0.4,muIsoCut,egmIsoCut
egm,0.15,0.4,0.15,0.4,0.1,2.0,150.0,3,2Mu2E_200GeV_0p25GeV_1p0mm_info,16.571172199170125,0.15516078838174274,2.730829875518672,0.0,0.8516746411483254,0.8216490022408424,401.2694187307127,539.7366643084272,1303.9552434574757,3324.1251420357544,132.49714455291672,78.58683486650011,241.61420025982224,370.91441232852696,211.7226107438921,55.20411981280436,0.4723679381957171,0.2219901771788098,1.3205394159978063,0.3077325090290178,0.11651743380306345,0.16236953822318576,0.029785258467473152,1.8952601109576521,0.4,muIsoCut,egmIsoCut
egm,0.16,0.4,0.16,0.4,0.1,2.0,150.0,3,2Mu2E_200GeV_0p25GeV_1p0mm_info,16.788397302904563,0.15516078838174274,2.5136047717842325,0.0,0.8628389154704944,0.8283653768239919,405.1889718323556,586.4413849919604,1300.0356903558331,3277.420421352221,132.53420990499941,85.50955941792634,241.59387054875285,369.3798954132496,232.62036381548506,60.8818042263389,0.4258966063081049,0.24049907567105638,1.1832010422935582,0.31167526771626647,0.11725145054361716,0.17893382892573859,0.032975868804538386,1.741846522747906,0.4,muIsoCut,egmIsoCut
egm,0.17,0.4,0.17,0.4,0.1,2.0,150.0,3,2Mu2E_200GeV_0p25GeV_1p0mm_info,16.943558091286306,0.15516078838174274,2.3584439834024895,0.0,0.8708133971291867,0.8350405063803424,406.1032632088071,603.3184498309998,1299.1213989793814,3260.543356513181,132.53592851806047,85.94473222609058,241.59292773946333,369.27888497710865,240.384446049108,62.54781688092554,0.40807063664123044,0.24706548098593337,1.130771588936538,0.3125983942130819,0.11741990451554386,0.18503616847352322,0.033674585367349304,1.6893907650158217,0.4,muIsoCut,egmIsoCut
egm,0.18,0.4,0.18,0.4,0.1,2.0,150.0,3,2Mu2E_200GeV_0p25GeV_1p0mm_info,17.067686721991702,0.15516078838174274,2.2343153526970956,0.0,0.8771929824561404,0.7378404170507521,529.4279416001199,782.7616944073806,1175.7967205880689,3081.1001119368007,176.24054668382527,148.70943788261891,211.83055678172684,348.7676805152487,298.71429030185203,85.20596778743321,0.4357791366299425,0.24734380018224772,1.1785718972090693,0.4502716603388119,0.17043372435029244,0.2540526649474337,0.05618291611366472,1.772355587893471,0.4,muIsoCut,egmIsoCut
egm,0.19,0.4,0.19,0.4,0.1,2.0,150.0,3,2Mu2E_200GeV_0p25GeV_1p0mm_info,17.346976141078837,0.15516078838174274,1.9550259336099585,0.0,0.8915470494417862,0.7498219134386537,529.4675082521552,809.7268528916143,1175.7571539360335,3054.1349534525675,176.2405491732272,149.28821144555462,211.8305547105735,348.52033199045707,311.7223549487174,87.87770823216374,0.41125309846159286,0.25681220983560055,1.1056726056468762,0.45032046496989514,0.17044364657187577,0.2651247784503606,0.057486148026393555,1.6985227393757494,0.4,muIsoCut,egmIsoCut
egm,0.2,0.4,0.2,0.4,0.1,2.0,150.0,3,2Mu2E_200GeV_0p25GeV_1p0mm_info,17.409040456431537,0.15516078838174274,1.8929616182572615,0.0,0.8947368421052633,0.7524180353733273,529.5702509232901,863.3803537007316,1175.6544112648985,3000.4814526434498,176.2405734392337,153.22081241682324,211.83053452153692,346.8094210509278,338.2913500543245,94.0664213611488,0.36119646172623276,0.2770335242847296,0.9574814875738923,0.45044721122895304,0.1704694282770004,0.28774727233860625,0.060941341459798654,1.5654265201822306,0.4,muIsoCut,egmIsoCut
egm,0.21,0.4,0.21,0.4,0.1,2.0,150.0,3,2Mu2E_200GeV_0p25GeV_1p0mm_info,17.440072614107883,0.15516078838174274,1.861929460580913,0.0,0.8963317384370015,0.7425896244146548,545.78484706659,884.4755905660579,1159.4398151215985,2979.3862157781236,176.5495939019185,153.6096048542441,211.57305115476697,346.6373914970427,344.1971402615384,95.50898479776814,0.369353799191234,0.2687731552420475,1.0042830026827259,0.4707315032211049,0.1748288990654903,0.2968650341073892,0.062057258136728743,1.5856751356268537,0.4,muIsoCut,egmIsoCut
egm,0.22,0.4,0.22,0.4,0.1,2.0,150.0,3,2Mu2E_200GeV_0p25GeV_1p0mm_info,17.50213692946058,0.15516078838174274,1.7998651452282157,0.0,0.8995215311004786,0.7443271278911963,547.1066226136251,942.3258637363514,1158.1180395745637,2921.5359426078303,176.5520678220093,157.57615370904028,211.57098673883104,344.85235633473053,373.54480772761235,102.48310943725815,0.3172358142127347,0.28919372591248393,0.8502068688346127,0.4724100686788416,0.1751807482459173,0.32254467589921537,0.06601982572260219,1.4646345265561111,0.4,muIsoCut,egmIsoCut
egm,0.23,0.4,0.23,0.4,0.1,2.0,150.0,3,2Mu2E_200GeV_0p25GeV_1p0mm_info,17.53316908713693,0.15516078838174274,1.7688329875518671,0.0,0.9011164274322169,0.7338423665602195,565.0265665560031,994.2047615223391,1140.1980956321854,2869.6570448218426,176.8845422429859,161.30279943024627,211.29309926582866,343.12504831812674,395.0264293085932,108.15400091664938,0.30087105157481153,0.29076046640984643,0.8199523941556869,0.49555122808964425,0.180277401096191,0.3464542089851237,0.06982560965097676,1.4303512996458432,0.4,muIsoCut,egmIsoCut
egm,0.24,0.4,0.24,0.4,0.1,2.0,150.0,3,2Mu2E_200GeV_0p25GeV_1p0mm_info,17.626265560165976,0.15516078838174274,1.6757365145228216,0.0,0.9059011164274322,0.7325931553222012,573.0427506018326,1009.8819103829592,1132.181911586356,2853.979895961223,177.038533804461,161.6390372271852,211.16408934815766,342.96678196527967,400.62301538699927,109.6022747107273,0.3008845937475889,0.2885006488930334,0.8280677493982903,0.5061401747700722,0.18265497189054164,0.35385039390504536,0.07082271855435865,1.4303790061793555,0.4,muIsoCut,egmIsoCut
egm,0.25,0.4,0.25,0.4,0.1,2.0,150.0,3,2Mu2E_200GeV_0p25GeV_1p0mm_info,17.657297717842322,0.15516078838174274,1.644704356846473,0.0,0.9074960127591707,0.7198271455021488,595.859571570841,1019.9125237652768,1109.3650906173475,2843.949282578905,177.49727020080488,161.81038577426133,210.7786378007327,342.88597367482936,397.84652851566517,109.53888202209153,0.3323149488614606,0.27083781673417046,0.9493557066386101,0.5371176509973401,0.18977428892447754,0.3586254262735712,0.0714615297671837,1.49771212983546,0.4,muIsoCut,egmIsoCut
egm,0.26,0.4,0.26,0.4,0.1,2.0,150.0,3,2Mu2E_200GeV_0p25GeV_1p0mm_info,17.719362033195022,0.15516078838174274,1.582640041493776,0.0,0.9106858054226475,0.7178612634898097,603.3995431611336,1042.6357685190967,1101.825119027055,2821.226037825085,177.64954932591002,162.31092369817773,210.6503090578579,342.6493191815728,407.19965871151663,111.9142459362491,0.3251574958471971,0.2718000653175457,0.9344529905664722,0.5476364014045656,0.19224365336573684,0.3695683204890865,0.07297020798682584,1.4818272320523143,0.4,muIsoCut,egmIsoCut
egm,0.27,0.4,0.27,0.4,0.1,2.0,150.0,3,2Mu2E_200GeV_0p25GeV_1p0mm_info,17.75039419087137,0.15516078838174274,1.5516078838174274,0.0,0.9122807017543859,0.7187211772747095,604.0630321938675,1046.3357663148404,1101.1616299943212,2817.526040029341,177.65077865045504,162.3177378641861,210.64927231480536,342.6460912691175,408.93492432268994,112.32651107334361,0.3230260709093572,0.2724264720967296,0.9283708717139485,0.5485689073610226,0.19245735150560012,0.37136684859315233,0.07320241976619189,1.477161759158536,0.4,muIsoCut,egmIsoCut
egm,0.28,0.4,0.28,0.4,0.1,2.0,150.0,3,2Mu2E_200GeV_0p25GeV_1p0mm_info,17.75039419087137,0.15516078838174274,1.5516078838174274,0.0,0.9122807017543859,0.6985086084621807,639.872199495441,1048.890789714207,1065.3524626927476,2814.9710166299747,180.66414645640992,162.32187671083787,208.07061605869978,342.6441305909421,396.9626611841799,110.08853570372291,0.379621959670701,0.2455228384095218,1.1481649536017884,0.6006201908785402,0.2061999668748463,0.3726115769994383,0.0733634308373675,1.611920369504369,0.4,muIsoCut,egmIsoCut
egm,0.29,0.4,0.29,0.4,0.1,2.0,150.0,3,2Mu2E_200GeV_0p25GeV_1p0mm_info,17.78142634854772,0.15516078838174274,1.5205757261410788,0.0,0.9138755980861244,0.69537330889178,647.9782739307519,1181.1631865929612,1057.2463882574366,2682.69861975122,180.81494269611616,199.74561905605137,207.9395863698642,322.2655419917957,465.4941497244511,133.06269184043356,0.2816207449353503,0.28697220258489564,0.8128511244163908,0.6128923977680887,0.20923713587474618,0.44028918414342655,0.09133058553293065,1.3920223794742042,0.4,muIsoCut,egmIsoCut
egm,0.3,0.4,0.3,0.4,0.1,2.0,150.0,3,2Mu2E_200GeV_0p25GeV_1p0mm_info,17.812458506224065,0.15516078838174274,1.4895435684647302,0.0,0.9154704944178629,0.6958266207679616,649.3975896406309,1217.0790132970963,1055.8270725475577,2646.7827930470853,180.8173818726258,202.41161543818586,207.9374653461925,320.5977695228945,485.5045057132057,138.2768235646692,0.25237710540028613,0.2977803173629338,0.7199978118929612,0.6150605591820342,0.20976587398536475,0.459833355609791,0.09460799711538537,1.3375727351627078,0.4,muIsoCut,egmIsoCut
egm,0.31,0.4,0.31,0.4,0.1,2.0,150.0,3,2Mu2E_200GeV_0p25GeV_1p0mm_info,17.874522821576765,0.15516078838174274,1.4274792531120333,0.0,0.9186602870813397,0.6981418139242893,649.5822649611471,1234.014257937747,1055.6423972270416,2629.8475484064343,180.81742902651084,202.68181750264534,207.93742434230714,320.4270162473436,495.3434545097926,140.64814704938976,0.2374430749900166,0.3032123668214144,0.673301858652806,0.6153430997726768,0.2098347363171577,0.4692341419887638,0.09596073712286443,1.3113775079636292,0.4,muIsoCut,egmIsoCut
egm,0.32,0.4,0.32,0.4,0.1,2.0,150.0,3,2Mu2E_200GeV_0p25GeV_1p0mm_info,17.874522821576765,0.15516078838174274,1.4274792531120333,0.0,0.9186602870813397,0.696500617377272,652.6750115990378,1252.381432524784,1052.5496505891508,2611.4803738193973,180.84333860671893,202.86890603481794,207.91489115367756,320.3085994031182,504.7687328702338,143.04074545201178,0.22661550710580636,0.3065150001531725,0.6414662806855913,0.6200895237898864,0.2110066683962032,0.47956762190524327,0.09744035622370924,1.29301790918739,0.4,muIsoCut,egmIsoCut
egm,0.33,0.4,0.33,0.4,0.1,2.0,150.0,3,2Mu2E_200GeV_0p25GeV_1p0mm_info,17.874522821576765,0.15516078838174274,1.4274792531120333,0.0,0.9186602870813397,0.6964838220856282,652.7067744886369,1329.3636811753456,1052.5178876995517,2534.4981251688355,180.8433409766364,208.21435500917795,207.91488909233513,316.8598653276603,552.0536944969998,155.34596731152743,0.15420872576432776,0.3340072049122477,0.4221946294920188,0.6201384148588993,0.21101864386715466,0.5245076601059984,0.10511340079027129,1.1823248010020957,0.4,muIsoCut,egmIsoCut
egm,0.34,0.4,0.34,0.4,0.1,2.0,150.0,3,2Mu2E_200GeV_0p25GeV_1p0mm_info,17.874522821576765,0.15516078838174274,1.4274792531120333,0.0,0.9186602870813397,0.692284826871016,660.720511266859,1337.0797520708873,1044.5041509213295,2526.782054273294,180.9939643654602,208.34419456127998,207.78378171826722,316.7745073075839,552.713024373827,155.91030424086594,0.16346925069109708,0.3289280221865808,0.45212857515478244,0.6325685835561831,0.21415349878515957,0.5291630711915252,0.10582837998469537,1.1954133196253056,0.4,muIsoCut,egmIsoCut
egm,0.35000000000000003,0.4,0.35000000000000003,0.4,0.1,2.0,150.0,3,2Mu2E_200GeV_0p25GeV_1p0mm_info,17.90555497925311,0.15516078838174274,1.3964470954356847,0.0,0.9202551834130781,0.6896570845059204,668.1342848004197,1349.3467524447694,1037.090377387769,2514.5150538994117,181.14326162675798,208.49857205052587,207.65363914241883,316.67291854568606,556.5266076056216,157.23934175184075,0.1670437810688561,0.3261660586779576,0.46528614019661185,0.6442392093959268,0.21713432612335792,0.5366230559456207,0.10697016666197261,1.200543290598404,0.4,muIsoCut,egmIsoCut
egm,0.36,0.4,0.36,0.4,0.1,2.0,150.0,3,2Mu2E_200GeV_0p25GeV_1p0mm_info,17.96761929460581,0.15516078838174274,1.3343827800829875,0.0,0.9234449760765551,0.689699103530552,672.7119704386996,1352.604747942183,1032.5126917494888,2511.2570584019986,181.1715802170683,208.50287231521483,207.62893248177232,316.6700871943169,556.1284793599012,157.3959417760405,0.17330372611441724,0.32297435603146724,0.4857787825310916,0.6515290086157265,0.21898378887892822,0.5386166037509887,0.10726888465374029,1.209634096086906,0.4,muIsoCut,egmIsoCut
egm,0.37,0.4,0.37,0.4,0.1,2.0,150.0,3,2Mu2E_200GeV_0p25GeV_1p0mm_info,17.96761929460581,0.15516078838174274,1.3343827800829875,0.0,0.9234449760765551,0.6736487725045717,705.4361948622832,1353.6902440874014,999.7884673259055,2510.1715622567804,184.10188939739922,208.5039751018134,205.03514187128454,316.66936109149145,539.1678858609132,154.10797996586385,0.23569574429595186,0.29582101881550016,0.6925275246224326,0.7055854492391629,0.2341923598167084,0.5392819616163449,0.10736867984109759,1.308379473929316,0.4,muIsoCut,egmIsoCut
egm,0.38,0.4,0.38,0.4,0.1,2.0,150.0,3,2Mu2E_200GeV_0p25GeV_1p0mm_info,17.96761929460581,0.15516078838174274,1.3343827800829875,0.0,0.9234449760765551,0.6729789819855917,706.8529093192844,1391.297472930377,998.371752868904,2472.5643334138044,184.1042850071581,211.07950571236444,205.03299081824147,314.958464175159,561.7779396234259,160.2977396890706,0.20524067706755145,0.3070450753145009,0.5943013208498343,0.7080057175977625,0.23483306143506147,0.5626941447503002,0.11146909613932372,1.2582425536202184,0.4,muIsoCut,egmIsoCut
egm,0.39,0.4,0.39,0.4,0.1,2.0,150.0,3,2Mu2E_200GeV_0p25GeV_1p0mm_info,17.96761929460581,0.15516078838174274,1.3343827800829875,0.0,0.9234449760765551,0.6723111854584137,708.2696237750181,1398.0876161098663,996.9550384131703,2465.7741902343146,184.10668058574515,211.1069403815698,205.03083974263092,314.9400762209906,565.2709394656038,161.28407065461246,0.20189865484734926,0.30804706485104777,0.5842386429838573,0.7104328645576174,0.23547709594546987,0.5669974248440854,0.11213605483026916,1.2529737057500292,0.4,muIsoCut,egmIsoCut
egm,0.4,0.4,0.4,0.4,0.1,2.0,150.0,3,2Mu2E_200GeV_0p25GeV_1p0mm_info,17.96761929460581,0.15516078838174274,1.3343827800829875,0.0,0.9234449760765551,0.67158958454312,709.805236276755,1432.4974539086002,995.4194259114336,2431.364352435581,184.10910157969911,213.6291164940523,205.02866579428846,313.2347242457669,586.4755694722925,167.1834225178388,0.17375141870096866,0.31844318950689304,0.4959183083240728,0.7130715131732914,0.23617890173152878,0.5891743261241855,0.11610965955477455,1.2102895213784162,0.4,muIsoCut,egmIsoCut
egm,0.41000000000000003,0.4,0.41000000000000003,0.4,0.1,2.0,150.0,3,2Mu2E_200GeV_0p25GeV_1p0mm_info,17.998651452282157,0.15516078838174274,1.303350622406639,0.0,0.9250398724082934,0.6726875847884408,709.9267355718328,1482.7558403053524,995.2979266163559,2381.1059660388287,184.10912704460952,216.37385380418354,205.02864292762075,311.3450614306847,619.789221724265,176.20637937684148,0.12696734653184139,0.3359549590771789,0.35369847461522214,0.713280633453463,0.23623453421639556,0.622717284091326,0.1220142950631473,1.1454325288148823,0.4,muIsoCut,egmIsoCut
egm,0.42,0.4,0.42,0.4,0.1,2.0,150.0,3,2Mu2E_200GeV_0p25GeV_1p0mm_info,17.998651452282157,0.15516078838174274,1.303350622406639,0.0,0.9250398724082934,0.6689525685110449,717.9430736042003,1499.8340961044394,987.2815885839882,2364.0277102397417,184.25708081109985,216.62666479331875,204.8956887121879,311.16921439608086,626.3710795776813,178.5515386865644,0.12754770871569465,0.33464503597957274,0.3568998595814023,0.7271917980704091,0.2400150848185411,0.6344401504296824,0.12397860221294092,1.1461944796178325,0.4,muIsoCut,egmIsoCut
egm,0.43,0.4,0.43,0.4,0.1,2.0,150.0,3,2Mu2E_200GeV_0p25GeV_1p0mm_info,17.998651452282157,0.15516078838174274,1.303350622406639,0.0,0.9250398724082934,0.6652525814078315,726.0177349112785,1510.7071203363678,979.2069272769102,2353.154686007814,184.40492048134266,216.75649306100965,204.76264401530784,311.0787916320293,628.6432787933653,179.7851100997278,0.13412131885430123,0.3311951924798398,0.37809161891349274,0.7414344350384356,0.24393167688910133,0.6419922707670869,0.12525015378215737,1.1548962017136593,0.4,muIsoCut,egmIsoCut
egm,0.44,0.4,0.44,0.4,0.1,2.0,150.0,3,2Mu2E_200GeV_0p25GeV_1p0mm_info,17.998651452282157,0.15516078838174274,1.303350622406639,0.0,0.9250398724082934,0.6649524592882221,726.6786226860636,1527.795935132236,978.546039502125,2336.065871211945,184.40610475355152,217.00885834765754,204.76157747852054,310.90279395013056,639.972819223408,182.89553982027485,0.119317949855412,0.33658984069299164,0.3338386529107508,0.7426105603123087,0.24425333967698526,0.6540037907148653,0.1273007320241893,1.1354835718927423,0.4,muIsoCut,egmIsoCut
egm,0.45,0.4,0.45,0.4,0.1,2.0,150.0,3,2Mu2E_200GeV_0p25GeV_1p0mm_info,18.029683609958507,0.15516078838174274,1.2723184647302905,0.0,0.9266347687400319,0.6627636607695363,734.0606333300252,1538.2877276068837,971.1640288581634,2325.5740787372974,184.5526393993455,217.13749753502051,204.6295149107409,310.81296474178805,642.3917951033062,184.15919163120796,0.12487910952378478,0.33368691856279736,0.35160043575593264,0.755856489241153,0.24794563079467752,0.6614658039369437,0.1285817824870605,1.1426992669045177,0.4,muIsoCut,egmIsoCut
egm,0.46,0.4,0.46,0.4,0.1,2.0,150.0,3,2Mu2E_200GeV_0p25GeV_1p0mm_info,18.060715767634854,0.15516078838174274,1.241286307053942,0.0,0.9282296650717704,0.6633065193235981,735.38501012867,1558.6540061443784,969.8396520595186,2305.207800199803,184.5550060586989,217.4109972405004,204.62738042731132,310.6217155419791,655.7519278171875,187.92825140904904,0.10828760610384103,0.33968673973143654,0.3023318900135749,0.7582542212694968,0.24861027062102983,0.6761446868300909,0.13113271908106053,1.1214378165483379,0.4,muIsoCut,egmIsoCut
egm,0.47000000000000003,0.4,0.47000000000000003,0.4,0.1,2.0,150.0,3,2Mu2E_200GeV_0p25GeV_1p0mm_info,18.060715767634854,0.15516078838174274,1.241286307053942,0.0,0.9282296650717704,0.6630098999897092,736.0484991563329,1560.361131385423,969.1761630318556,2303.5006749587587,184.5561893861607,217.41305730660912,204.62631316898023,310.6202736460454,656.5072156044602,188.19633218883675,0.10806527510489305,0.339692271915696,0.3017632129422402,0.759457905829799,0.24894448168423702,0.6773868783057159,0.13134668566804844,1.1211582777176903,0.4,muIsoCut,egmIsoCut
egm,0.48,0.4,0.48,0.4,0.1,2.0,150.0,3,2Mu2E_200GeV_0p25GeV_1p0mm_info,18.060715767634854,0.15516078838174274,1.241286307053942,0.0,0.9282296650717704,0.6597223381696089,743.4622726949644,1679.3566590480164,961.7623894932242,2184.5051472961654,184.70260728207126,246.39622631901264,204.4941611515472,288.17059451495214,739.3629056981133,214.46346961899522,0.005513887049024557,0.37980798029582785,0.014483530208169641,0.7730207386116571,0.25277832738808137,0.768758389572399,0.1516787701425144,1.0055444585673126,0.4,muIsoCut,egmIsoCut
egm,0.49,0.4,0.49,0.4,0.1,2.0,150.0,3,2Mu2E_200GeV_0p25GeV_1p0mm_info,18.091747925311203,0.15516078838174274,1.2102541493775933,0.0,0.9298245614035088,0.6594654488553229,746.6155941041482,1692.3550915716116,958.6090680840404,2171.50671477257,184.72799269341323,246.51304283897397,204.471229754536,288.0706711861192,747.0881513569963,216.92973054633916,-0.0006329324709795081,0.38172524062056706,-0.0016585250964429917,0.7788530475685976,0.2544284735396623,0.7793460089525251,0.15354526819667935,0.9993674678791388,0.4,muIsoCut,egmIsoCut
egm,0.5,0.4,0.5,0.4,0.1,2.0,150.0,3,2Mu2E_200GeV_0p25GeV_1p0mm_info,18.122780082987553,0.15516078838174274,1.1792219917012448,0.0,0.9314194577352473,0.6436408602137744,786.7798026863052,1811.241468475412,918.4448595018832,2052.6203378687696,187.7468199120199,272.4175834334369,201.70286734400568,263.7082708669516,810.4398974069985,239.53529503933947,-0.03007206672046059,0.39129146318776614,-0.0777409714462539,0.8566434822369343,0.27781262812415847,0.8824045221904111,0.17454411954225038,0.9708058613644345,0.4,muIsoCut,egmIsoCut
egm,0.51,0.4,0.51,0.4,0.1,2.0,150.0,3,2Mu2E_200GeV_0p25GeV_1p0mm_info,18.122780082987553,0.15516078838174274,1.1792219917012448,0.0,0.9314194577352473,0.6430291461583036,788.2888548067338,1885.707415694142,916.9358073814547,1978.1543906500397,187.7491917202955,276.4182111138742,201.70065961777547,259.5117809502234,874.0837721602282,257.94484915121603,-0.10883690265356982,0.42049965655250104,-0.26891747250404247,0.8596990634032439,0.27872594484023494,0.9532660466782278,0.18752454368452037,0.9018458869892308,0.4,muIsoCut,egmIsoCut
egm,0.52,0.4,0.52,0.4,0.1,2.0,150.0,3,2Mu2E_200GeV_0p25GeV_1p0mm_info,18.122780082987553,0.15516078838174274,1.1792219917012448,0.0,0.9314194577352473,0.6424574970245207,789.7029680108574,2010.2435507268226,915.521694177331,1853.6182556173592,187.75154077440334,299.83741015503585,201.69847302026744,232.05800860748556,992.8805867621918,291.94167741563115,-0.2572835952017607,0.47541525329039724,-0.585352306454156,0.8625715513169442,0.2795867053076997,1.0844970611585276,0.21118518769063113,0.7953655037068439,0.4,muIsoCut,egmIsoCut
egm,0.53,0.4,0.53,0.4,0.1,2.0,150.0,3,2Mu2E_200GeV_0p25GeV_1p0mm_info,18.122780082987553,0.15516078838174274,1.1792219917012448,0.0,0.9314194577352473,0.6392223047760521,797.7776293204709,2018.7925986157272,907.4470328677174,1845.0692077284546,187.8966309752907,299.92835487941926,201.563317967346,231.9404531914952,992.888150707659,293.2181242853074,-0.24456755142830833,0.47011882576028463,-0.5602508090135153,0.8791451185854132,0.2846176232778131,1.0941554875879973,0.21293928449545224,0.8034919429261722,0.4,muIsoCut,egmIsoCut
egm,0.54,0.4,0.54,0.4,0.1,2.0,150.0,3,2Mu2E_200GeV_0p25GeV_1p0mm_info,18.1538122406639,0.15516078838174274,1.1481898340248962,0.0,0.9330143540669856,0.6400371227571929,798.4701259983171,2069.8663348668197,906.7545361898714,1793.9954714773614,187.89779551900614,301.89024730224827,201.56223237741673,229.38105953007198,1046.1903155762097,308.64082436226005,-0.31024352885860473,0.49444960276425265,-0.6855647032208343,0.8805802387859466,0.28505416894132896,1.1537745595100515,0.22378631724615866,0.7632168966872381,0.4,muIsoCut,egmIsoCut
egm,0.55,0.4,0.55,0.4,0.1,2.0,150.0,3,2Mu2E_200GeV_0p25GeV_1p0mm_info,18.18484439834025,0.15516078838174274,1.1171576763485478,0.0,0.9346092503987241,0.6411144561864629,798.5018888879163,2119.7673650632123,906.7227733002723,1744.0944412809686,187.89779779994714,303.83805262842844,201.56223025110674,226.79468614214795,1102.0282494506794,324.8097721067829,-0.3801197777822267,0.5205133076965826,-0.8088804467557584,0.880646116322351,0.28507421129885746,1.2153971223635842,0.23521746332364632,0.7245747913322005,0.4,muIsoCut,egmIsoCut
egm,0.56,0.4,0.56,0.4,0.1,2.0,150.0,3,2Mu2E_200GeV_0p25GeV_1p0mm_info,18.215876556016596,0.15516078838174274,1.0861255186721992,0.0,0.9362041467304626,0.6389903025682744,806.6157670843957,2124.7614637674396,898.6088951037929,1739.1003425767417,188.04279333637336,303.8549941531152,201.42696680465596,226.77198772238467,1097.8834887044036,325.1277066321731,-0.36109847278689844,0.512985563354459,-0.775493072890681,0.8976271784970795,0.290299707422874,1.2217589817843877,0.23644762629149033,0.7347006994670001,0.4,muIsoCut,egmIsoCut
egm,0.5700000000000001,0.4,0.5700000000000001,0.4,0.1,2.0,150.0,3,2Mu2E_200GeV_0p25GeV_1p0mm_info,18.215876556016596,0.15516078838174274,1.0861255186721992,0.0,0.9362041467304626,0.6358617607377638,814.6321051142279,2255.5646831508766,890.5925570739606,1608.2971231933047,188.18765446661487,325.3872898860994,201.29163367667311,194.61886719414068,1249.0161735939487,367.42974197152586,-0.5332272884320111,0.5734853295882261,-1.0522395383668797,0.9147079645384635,0.2956224115080693,1.4024552121764726,0.26407204436035586,0.6522190203271637,0.4,muIsoCut,egmIsoCut
egm,0.58,0.4,0.58,0.4,0.1,2.0,150.0,3,2Mu2E_200GeV_0p25GeV_1p0mm_info,18.246908713692946,0.15516078838174274,1.0550933609958506,0.0,0.937799043062201,0.6369381669029024,814.6394469208528,2318.7541908329013,890.5852152673356,1545.1076155112805,188.18765451435272,327.35908294696776,201.29163363204296,191.28361848174907,1336.5076836487053,392.7232545829221,-0.6406125295066336,0.613220501558356,-1.198364269357587,0.9147237490084704,0.2956273435858591,1.5007072436605775,0.2817887019570024,0.6095284425876724,0.4,muIsoCut,egmIsoCut
egm,0.59,0.4,0.59,0.4,0.1,2.0,150.0,3,2Mu2E_200GeV_0p25GeV_1p0mm_info,18.246908713692946,0.15516078838174274,1.0550933609958506,0.0,0.937799043062201,0.6341038771368627,821.992295928093,2328.333831230699,883.2323662600954,1535.5279751134826,188.3312446199498,327.44367740686243,201.15729512441408,191.13877161272555,1339.2525779605821,395.34799655574403,-0.6292763138959376,0.6088291249880473,-1.1811913954366555,0.9306636931894676,0.3006556453331221,1.5163083115165157,0.28477819522417375,0.6137694333803899,0.4,muIsoCut,egmIsoCut
egm,0.6,0.4,0.6,0.4,0.1,2.0,150.0,3,2Mu2E_200GeV_0p25GeV_1p0mm_info,18.277940871369296,0.15516078838174274,1.024061203319502,0.0,0.9393939393939394,0.6290845370972703,838.1121071403584,2338.2907800058265,867.1125550478301,1525.571026338355,188.62043512994427,327.5283021139221,200.88615316457347,190.99372555589994,1329.050734243523,396.4181988016709,-0.5857672534742984,0.5925239540074797,-1.1182994531027814,0.9665551516482516,0.3121859956122012,1.532731508160682,0.28794897332131886,0.6306095663213338,0.4,muIsoCut,egmIsoCut
egm,0.61,0.4,0.61,0.4,0.1,2.0,150.0,3,2Mu2E_200GeV_0p25GeV_1p0mm_info,18.277940871369296,0.15516078838174274,1.024061203319502,0.0,0.9393939393939394,0.6261070137952067,846.160208062325,2377.050644162185,859.0644541258634,1486.8111621819967,188.76485523973233,329.1745947865264,200.7504533200184,188.1421750551354,1373.435824264251,411.56811219448963,-0.6231392249103365,0.6063777569555073,-1.1644988481004537,0.9849787219089758,0.31821850803373736,1.5987575992325087,0.2999080913056916,0.6160900954477524,0.4,muIsoCut,egmIsoCut
egm,0.62,0.4,0.62,0.4,0.1,2.0,150.0,3,2Mu2E_200GeV_0p25GeV_1p0mm_info,18.308973029045642,0.15516078838174274,0.9930290456431535,0.0,0.9409888357256778,0.627166234699099,846.1602080648604,2385.031337709489,859.064454123328,1478.8304686346926,188.76485523973233,329.25677696348305,200.7504533200184,187.99831571312083,1385.4837911799616,415.24765421066445,-0.6373776242072595,0.6117625965596334,-1.1823667484064913,0.9849787219148343,0.31821850803566676,1.6127821195836143,0.3026676076409944,0.6107326649734526,0.4,muIsoCut,egmIsoCut
egm,0.63,0.4,0.63,0.4,0.1,2.0,150.0,3,2Mu2E_200GeV_0p25GeV_1p0mm_info,18.308973029045642,0.15516078838174274,0.9930290456431535,0.0,0.9409888357256778,0.6269231955025426,846.8210958409134,2418.6327341250967,858.4035663472752,1445.2290722190853,188.76601215876923,330.8788963642852,200.7493654673543,185.1284630414882,1436.5632442401588,430.5287125974923,-0.6964188200975527,0.6336201999600896,-1.2545218644479241,0.9865069636701905,0.31872214310329305,1.673528979327404,0.3136428179583616,0.5894770726149424,0.4,muIsoCut,egmIsoCut
egm,0.64,0.4,0.64,0.4,0.1,2.0,150.0,3,2Mu2E_200GeV_0p25GeV_1p0mm_info,18.308973029045642,0.15516078838174274,0.9930290456431535,0.0,0.9409888357256778,0.6239975369287544,854.8374338707454,2451.0095051489934,850.387228317443,1412.8523011951886,188.91031870764664,331.2081961703986,200.61357523269797,184.53867528759878,1475.2477508796644,444.96120088915677,-0.7257640955189235,0.6452831593418209,-1.2834249835485896,1.005233151916107,0.32493964389145424,1.734795281202137,0.32603337894033113,0.579453473737561,0.4,muIsoCut,egmIsoCut
egm,0.65,0.4,0.65,0.4,0.1,2.0,150.0,3,2Mu2E_200GeV_0p25GeV_1p0mm_info,18.308973029045642,0.15516078838174274,0.9930290456431535,0.0,0.9409888357256778,0.6239429428974194,854.9880948038121,2486.8173866775055,850.2365673843761,1377.044419666676,188.91034577616412,332.822791250566,200.61354974328157,181.6105214780609,1535.4501629455565,463.1304565451735,-0.7958731499037832,0.671466948539298,-1.3604427919657158,1.0055884769036145,0.3250584138987154,1.8059093455238417,0.3393246851881353,0.5568322016806013,0.4,muIsoCut,egmIsoCut
egm,0.66,0.4,0.66,0.4,0.1,2.0,150.0,3,2Mu2E_200GeV_0p25GeV_1p0mm_info,18.308973029045642,0.15516078838174274,0.9930290456431535,0.0,0.9409888357256778,0.6207905151821828,863.755252786201,2502.5978260630595,841.4694094019874,1361.263980281122,189.05570406366928,332.9858930297101,200.47657180543638,181.31129840844866,1546.9883469869583,469.74846317463937,-0.7910031134362003,0.6704008956391153,-1.3492892968661385,1.0264844367902235,0.33209267510182605,1.8384368221850949,0.34611663012545535,0.5583463213982974,0.4,muIsoCut,egmIsoCut
egm,0.67,0.4,0.67,0.4,0.1,2.0,150.0,3,2Mu2E_200GeV_0p25GeV_1p0mm_info,18.308973029045642,0.15516078838174274,0.9930290456431535,0.0,0.9409888357256778,0.6205548105071867,864.4161405609864,2508.7213752229777,840.8085216272023,1355.1404311212036,189.05685920287897,333.0026376424579,200.47548246659187,181.28054283490258,1556.5577280655523,473.0608636317927,-0.8007041458705084,0.6742391530724025,-1.358632295645211,1.0280772831465799,0.3326334294511127,1.8512630260373346,0.34887571199525685,0.5553383115673194,0.4,muIsoCut,egmIsoCut
egm,0.68,0.4,0.68,0.4,0.1,2.0,150.0,3,2Mu2E_200GeV_0p25GeV_1p0mm_info,18.308973029045642,0.15516078838174274,0.9930290456431535,0.0,0.9409888357256778,0.6205548105067001,864.416140562254,2572.9665565539876,840.8085216259345,1290.895249790194,189.05685920287897,334.93087671631,200.47548246659187,177.69271146953378,1675.8696780089147,510.36346224798007,-0.9387302010798362,0.726899064446184,-1.4909440181973794,1.0280772831496374,0.33263342945215135,1.9931644778863085,0.37761263380335724,0.5158015279501081,0.4,muIsoCut,egmIsoCut
egm,0.6900000000000001,0.4,0.6900000000000001,0.4,0.1,2.0,150.0,3,2Mu2E_200GeV_0p25GeV_1p0mm_info,18.340005186721992,0.15516078838174274,0.9619968879668049,0.0,0.9425837320574163,0.6187603694765025,872.432478592086,2584.529476209616,832.7921835961024,1279.332330134565,189.20094391825117,335.01551484201127,200.33950659396356,177.53308621914164,1682.4212875435596,515.6291289198463,-0.9284257851778024,0.7240233228733844,-1.4747305330706322,1.0475992639902212,0.3393020554218451,2.02021743321203,0.3836252504394044,0.5185576793704816,0.4,muIsoCut,egmIsoCut
egm,0.7000000000000001,0.4,0.7000000000000001,0.4,0.1,2.0,150.0,3,2Mu2E_200GeV_0p25GeV_1p0mm_info,18.37103734439834,0.15516078838174274,0.9309647302904565,0.0,0.9441786283891548,0.6171931000754484,879.8801125227544,2588.6465986928447,825.3445496654339,1275.2152076513366,189.34378812170067,335.0301923525752,200.2045078952882,177.50538611418952,1675.4233704412204,516.3092109138157,-0.904149606970339,0.7157030492173924,-1.4466185907603615,1.0660761167919839,0.3456923526032394,2.029968418789921,0.38583251164126575,0.525168818846689,0.4,muIsoCut,egmIsoCut
egm,0.71,0.4,0.71,0.4,0.1,2.0,150.0,3,2Mu2E_200GeV_0p25GeV_1p0mm_info,18.37103734439834,0.15516078838174274,0.9309647302904565,0.0,0.9441786283891548,0.617191341591404,879.8851610432396,2590.9852960841467,825.3395011449488,1272.8765102600341,189.3437881553845,335.03217976124415,200.20450786343167,177.50163495523194,1680.007836193888,517.8341054688113,-0.9093489816352618,0.7177604370231344,-1.4511672835375742,1.0660887547762132,0.3456967604460888,2.035535478264767,0.38710698939301325,0.5237387243601481,0.4,muIsoCut,egmIsoCut
egm,0.72,0.4,0.72,0.4,0.1,2.0,150.0,3,2Mu2E_200GeV_0p25GeV_1p0mm_info,18.40206950207469,0.15516078838174274,0.8999325726141079,0.0,0.9457735247208932,0.6182275876548016,879.8929648056758,2608.473791291966,825.3316973825127,1255.3880150522152,189.34378820898948,335.1961317867649,200.20450781273465,177.1918314216002,1714.8929860185522,529.3364737478579,-0.9489790856519531,0.7333547163025885,-1.48528516980065,1.0661082902743233,0.3457035740642483,2.0778227607848176,0.3966132908466129,0.513089138494008,0.4,muIsoCut,egmIsoCut
egm,0.73,0.4,0.73,0.4,0.1,2.0,150.0,3,2Mu2E_200GeV_0p25GeV_1p0mm_info,18.40206950207469,0.15516078838174274,0.8999325726141079,0.0,0.9457735247208932,0.6170973994384971,883.1412251222905,2618.649312113853,822.0834370658981,1245.2124942303287,189.36857398756274,335.27938878580926,200.18106370930033,177.03424341851272,1728.8199700432888,535.3771792297772,-0.9575804196026465,0.7373582577303017,-1.4891822144097782,1.0742720085376176,0.3485562304802095,2.1029738492404473,0.4023548775000383,0.510834696744148,0.4,muIsoCut,egmIsoCut
egm,0.74,0.4,0.74,0.4,0.1,2.0,150.0,3,2Mu2E_200GeV_0p25GeV_1p0mm_info,18.43310165975104,0.15516078838174274,0.8689004149377594,0.0,0.9473684210526316,0.6181335612546657,883.1438263751681,2653.794320558319,822.0808358130204,1210.067485785862,189.36857400542874,336.87382346161894,200.18106369239936,173.9810879196387,1802.902299869331,558.8439803169546,-1.0414594384578084,0.7694410348694806,-1.5587625494436619,1.0742785720114225,0.34855853286538946,2.193096130365695,0.42062869257679514,0.4898456374697485,0.4,muIsoCut,egmIsoCut
egm,0.75,0.4,0.75,0.4,0.1,2.0,150.0,3,2Mu2E_200GeV_0p25GeV_1p0mm_info,18.43310165975104,0.15516078838174274,0.8689004149377594,0.0,0.9473684210526316,0.6181335612546657,883.1438263751681,2666.4190973013497,822.0808358130204,1197.4427090428321,189.36857400542874,336.96993104131053,200.18106369239936,173.79487179248267,1830.5778001600286,568.1599934251664,-1.0727969165266873,0.7819392454024714,-1.5819899018756531,1.0742785720114225,0.34855853286538946,2.2267613115559692,0.42853383481368745,0.482439930331267,0.4,muIsoCut,egmIsoCut
egm,0.0,0.5,0.0,0.5,0.1,2.0,150.0,3,2Mu2E_200GeV_0p25GeV_1p0mm_info,0.341353734439834,0.031032157676348548,19.02271265560166,0.062064315352697096,0.01754385964912281,0.6407884109092631,0.18972383719783414,1.9976548929337952,2291.487201626084,3275.4118881761547,0.13063399992639443,1.144707574900979,314.884569515088,347.17817821666847,1.3975648793814626,0.83676249392933,-6.366311476844919,6.721430779716506,-1.4261937434522232,8.279506735329022e-05,5.813260013920019e-05,0.0006098942548706898,0.00035541371987092384,0.13575315178340955,0.5,muIsoCut,egmIsoCut
egm,0.01,0.5,0.01,0.5,0.1,2.0,150.0,3,2Mu2E_200GeV_0p25GeV_1p0mm_info,1.5516078838174274,0.031032157676348548,17.812458506224065,0.062064315352697096,0.07974481658692187,0.3358562194071903,20.832087571957437,15.061617679143547,2270.844837891324,3262.347925389945,9.59296061332357,8.081429927981464,314.7384378982259,347.0859955048546,10.484043253261415,5.916042617901047,0.49673583038436186,0.3665456843756063,0.9181520587130494,0.009173716858304521,0.004411600216046865,0.004616802996983606,0.0025254103287795596,1.987028007107555,0.5,muIsoCut,egmIsoCut
egm,0.02,0.5,0.02,0.5,0.1,2.0,150.0,3,2Mu2E_200GeV_0p25GeV_1p0mm_info,4.127276970954357,0.062064315352697096,15.236789419087136,0.031032157676348548,0.21212121212121213,0.5054597296852896,65.31194988007073,38.77098987446478,2226.3649755832107,3238.638553194624,34.52323223437712,10.404583539285026,312.986350533111,347.02412369553053,26.652672877019395,8.564666437768878,0.5919173608204862,0.25244089948009335,1.0868582886752876,0.02933568871068044,0.01604558773233472,0.011971385271203144,0.0034592640203551907,2.4504840539420845,0.5,muIsoCut,egmIsoCut
egm,0.03,0.5,0.03,0.5,0.1,2.0,150.0,3,2Mu2E_200GeV_0p25GeV_1p0mm_info,6.051270746887967,0.062064315352697096,13.312795643153526,0.031032157676348548,0.31100478468899523,0.5993473898158062,99.94066856640063,78.85526964002557,2191.736256896881,3198.5542734290634,36.36800036009385,15.777960645480936,312.7773612871501,346.8213571035476,54.03377236808262,14.51465230260436,0.45934149587780115,0.24454142189935094,1.1723665829056278,0.04559885718544407,0.017823594326546458,0.024653409915563966,0.005610601071733264,1.8495963577296872,0.5,muIsoCut,egmIsoCut
egm,0.04,0.5,0.04,0.5,0.1,2.0,150.0,3,2Mu2E_200GeV_0p25GeV_1p0mm_info,8.006296680497925,0.09309647302904564,11.357769709543568,0.0,0.41148325358851673,0.6758028373218667,137.70994502128684,116.44325810802974,2153.9669804419946,3160.9662849610586,39.4836338836034,20.009300943785057,312.3993467331354,346.6029798790222,79.3475508590787,19.850592617256805,0.4238066768030925,0.21925076613857353,1.3206313505705,0.06393317366129203,0.020542456201505424,0.03683786779442485,0.007509090777969923,1.7355286146872992,0.5,muIsoCut,egmIsoCut
egm,0.05,0.5,0.05,0.5,0.1,2.0,150.0,3,2Mu2E_200GeV_0p25GeV_1p0mm_info,9.83719398340249,0.09309647302904564,9.526872406639004,0.0,0.5055821371610845,0.7625521262460127,163.1721758132214,147.14760191716329,2128.50474965006,3130.261941151925,40.76306152096672,23.404912374213886,312.23497882105084,346.3902537053146,100.05692030521902,24.31674638703709,0.3868015805602092,0.21371642450440428,1.3297205070791613,0.0766604706144292,0.02220862601261995,0.04700807941427851,0.009108482997155828,1.6307935054913965,0.5,muIsoCut,egmIsoCut
egm,0.06,0.5,0.06,0.5,0.1,2.0,150.0,3,2Mu2E_200GeV_0p25GeV_1p0mm_info,11.32673755186722,0.09309647302904564,8.037328838174274,0.0,0.5821371610845295,0.8399381492860666,178.11402818754934,193.70111214243195,2113.562897275732,3083.7084309266565,41.657026266623035,40.50854555793136,312.11696741216434,344.80872309449745,132.76206001819216,37.089189613854366,0.2546232244076966,0.2715713630358025,0.8131150681034638,0.08427193173059985,0.023309460623298126,0.06281434074628925,0.014896122406735768,1.3416033779766798,0.5,muIsoCut,egmIsoCut
egm,0.07,0.5,0.07,0.5,0.1,2.0,150.0,3,2Mu2E_200GeV_0p25GeV_1p0mm_info,12.443895228215768,0.09309647302904564,6.920171161825726,0.0,0.6395534290271132,0.9195156801491473,179.04331114145322,216.15264581141247,2112.633614321828,3061.256897257676,41.66249425886092,41.96093737611655,312.1162375719574,344.63499172282906,149.17119362797223,40.0784262976587,0.16684296845851176,0.29613163260755215,0.5167255640979094,0.08474886981239646,0.023359578111665436,0.07060911679939229,0.015845293644158306,1.2002539283018743,0.5,muIsoCut,egmIsoCut
egm,0.08,0.5,0.08,0.5,0.1,2.0,150.0,3,2Mu2E_200GeV_0p25GeV_1p0mm_info,13.498988589211619,0.09309647302904564,5.865077800829876,0.0,0.6937799043062202,0.9524297328736299,196.4302267458499,263.7050204230866,2095.2466987174316,3013.7045226460027,42.64252054011509,53.82173592819211,311.98385314937383,342.98282541105874,183.3381704559317,50.80146081130926,0.06664990672162319,0.328542760204295,0.1973887261694979,0.09375040507931176,0.024679402789341626,0.08750194932566123,0.02044782126000252,1.0714093320412243,0.5,muIsoCut,egmIsoCut
egm,0.09,0.5,0.09,0.5,0.1,2.0,150.0,3,2Mu2E_200GeV_0p25GeV_1p0mm_info,14.274792531120331,0.09309647302904564,5.089273858921162,0.0,0.733652312599681,0.8669770317068076,266.3800249574675,280.77158237761677,2025.2969005058142,2996.637960691472,63.002900693672736,54.51040214210098,308.5173312605426,342.87404953361994,189.76126679256424,51.61685540897497,0.2876295179307715,0.25677821739898565,0.9407155701978842,0.13152640725956752,0.03700181846062074,0.0936955301443318,0.02111460012903627,1.4037639475112607,0.5,muIsoCut,egmIsoCut
egm,0.1,0.5,0.1,0.5,0.1,2.0,150.0,3,2Mu2E_200GeV_0p25GeV_1p0mm_info,15.019564315352698,0.09309647302904564,4.344502074688797,0.0,0.7719298245614036,0.871488907848345,292.0589799505956,294.04636782296654,1999.617945512686,2983.3631752461224,64.35039620299074,55.036194691259645,308.23908852133326,342.79004515764836,197.08642876277392,52.88239279710616,0.32518278055989625,0.23429178055598246,1.1402391548619326,0.14605739091610023,0.039275261843944295,0.09856204241667903,0.021646466894706066,1.4818827546067965,0.5,muIsoCut,egmIsoCut
egm,0.11,0.5,0.11,0.5,0.1,2.0,150.0,3,2Mu2E_200GeV_0p25GeV_1p0mm_info,15.60917531120332,0.09309647302904564,3.7548910788381744,0.0,0.8022328548644339,0.8544479625738747,328.5622028777442,340.76863520288487,1963.1147225855373,2936.640907866204,66.15457304438682,64.53371702749244,307.856917494571,341.1295899682295,227.80038341434226,61.94755860512596,0.3066750179444552,0.23459631751343304,1.1117843770802787,0.1673678054051821,0.04271414905125157,0.11604028067922378,0.025780146718504402,1.4423250652749253,0.5,muIsoCut,egmIsoCut
egm,0.12,0.5,0.12,0.5,0.1,2.0,150.0,3,2Mu2E_200GeV_0p25GeV_1p0mm_info,16.01259336099585,0.09309647302904564,3.351473029045643,0.0,0.8229665071770335,0.8544988405360306,345.8590323178313,352.19852419714414,1945.8178931454502,2925.2110188719444,66.77608933488051,64.96849434067587,307.7227048449371,341.04705324688325,234.27854807770518,63.13820430697242,0.32261839019311167,0.2245678897069372,1.2141604999356865,0.17774481031148492,0.044360523799843274,0.12040106574361369,0.026274068346193037,1.4762727324190057,0.5,muIsoCut,egmIsoCut
egm,0.13,0.5,0.13,0.5,0.1,2.0,150.0,3,2Mu2E_200GeV_0p25GeV_1p0mm_info,16.322914937759336,0.09309647302904564,3.0411514522821577,0.0,0.8389154704944178,0.8404124089863753,371.83177594509795,377.593430078784,1919.8451495181837,2899.8161129903037,68.05191208535886,66.21852754317406,307.44307838276467,340.8065498127798,249.98858099286343,66.24077437383298,0.3276836538312019,0.21651034239491232,1.2829933997521519,0.19367800368608643,0.047100108424347996,0.13021288777149664,0.027489168508152157,1.4873950420787931,0.5,muIsoCut,egmIsoCut
egm,0.14,0.5,0.14,0.5,0.1,2.0,150.0,3,2Mu2E_200GeV_0p25GeV_1p0mm_info,16.47807572614108,0.09309647302904564,2.885990663900415,0.0,0.84688995215311,0.8453785982541425,374.4828228259924,426.60155572772146,1917.1941026372892,2850.807987341367,68.0647474674534,74.3600543087343,307.44023701548235,339.1232520905621,286.8933966962204,76.03983425941317,0.23389437589897522,0.2462104924610777,0.8582717789062481,0.19532859104399206,0.04734478353554788,0.14964233214653136,0.03157914606168876,1.3053030398692547,0.5,muIsoCut,egmIsoCut
egm,0.15,0.5,0.15,0.5,0.1,2.0,150.0,3,2Mu2E_200GeV_0p25GeV_1p0mm_info,16.63323651452282,0.09309647302904564,2.730829875518672,0.0,0.8548644338118022,0.7390233496615692,501.0531602785066,439.9529227606333,1790.623765184775,2837.4566203084546,134.67425317804148,74.79458175528389,284.6316122901337,339.0276807656404,277.6395428988277,72.63625606821863,0.44588805159016687,0.2078395244096113,1.4600893625669698,0.2798204569941038,0.08737892177017621,0.15505185862993276,0.032218780993773434,1.8046894727135148,0.5,muIsoCut,egmIsoCut
egm,0.16,0.5,0.16,0.5,0.1,2.0,150.0,3,2Mu2E_200GeV_0p25GeV_1p0mm_info,16.85046161825726,0.09309647302904564,2.5136047717842325,0.0,0.8660287081339711,0.722938124081597,537.689134043832,453.9412227804839,1753.987791419449,2823.468320288605,138.6266285046715,75.23203716780583,282.7277260075,338.9308755024522,281.9962090800436,73.45939401884547,0.47554043549435854,0.1922198977957554,1.6297872804767382,0.306552381193427,0.09321080295742243,0.16077432833887212,0.03290043208027476,1.9067246889521512,0.5,muIsoCut,egmIsoCut
egm,0.17,0.5,0.17,0.5,0.1,2.0,150.0,3,2Mu2E_200GeV_0p25GeV_1p0mm_info,17.005622406639006,0.09309647302904564,2.3584439834024895,0.0,0.8740031897926633,0.7269026785184357,541.6696116730632,467.7521013667439,1750.007313790218,2809.657441702345,138.6620615691501,75.66440396218076,282.7103497669257,338.83461416792227,291.3414234357985,75.30381195974712,0.4621418348798859,0.1956644062628644,1.586459520066899,0.3095241987874319,0.09369370710208963,0.16648011762008158,0.03359037562864677,1.859226213990227,0.5,muIsoCut,egmIsoCut
egm,0.18,0.5,0.18,0.5,0.1,2.0,150.0,3,2Mu2E_200GeV_0p25GeV_1p0mm_info,17.1297510373444,0.09309647302904564,2.2343153526970956,0.0,0.8803827751196173,0.6611175830609088,665.657625104233,646.5320109032674,1626.0193003590484,2630.877532165821,180.89378663876923,143.01281469247968,257.7396887160215,316.3563380414739,399.5904466002331,118.88345873034271,0.3997057473236897,0.24188453692183554,1.2291629065316565,0.4093786740152754,0.12879136570394437,0.2457476651796186,0.06187223775085059,1.6658496987796723,0.5,muIsoCut,egmIsoCut
egm,0.19,0.5,0.19,0.5,0.1,2.0,150.0,3,2Mu2E_200GeV_0p25GeV_1p0mm_info,17.409040456431537,0.09309647302904564,1.9550259336099585,0.0,0.894736842105263,0.6718306925432174,665.6971917562682,673.497169387501,1625.979733707013,2603.9123736815877,180.89378906413478,143.6145477572299,257.73968701378635,316.0836273168276,420.55668201491727,122.85121973393534,0.3682462728956566,0.2520467506046885,1.1210708813894767,0.4094129698889721,0.1287972399395373,0.2586481696522165,0.06346378447202808,1.5828952914666938,0.5,muIsoCut,egmIsoCut
egm,0.2,0.5,0.2,0.5,0.1,2.0,150.0,3,2Mu2E_200GeV_0p25GeV_1p0mm_info,17.471104771784233,0.09309647302904564,1.8929616182572615,0.0,0.89792663476874,0.6741175962023915,665.8922720857596,727.0583325382621,1625.7846533775216,2550.351210530827,180.89383627291465,147.6982636401973,257.7396538804461,314.1961500447572,463.48137239691346,132.37890176451145,0.3039694379615474,0.27435891077407004,0.9029836594409435,0.40958208745690106,0.12882622662221296,0.2850816505335095,0.06773041014715997,1.4367185214846276,0.5,muIsoCut,egmIsoCut
egm,0.21,0.5,0.21,0.5,0.1,2.0,150.0,3,2Mu2E_200GeV_0p25GeV_1p0mm_info,17.50213692946058,0.09309647302904564,1.861929460580913,0.0,0.8995215311004784,0.6634047684832474,690.2155439172482,740.0448937153998,1601.4613815460332,2537.364649353689,181.34527585911255,147.91741186889303,257.4222214718974,314.09303884563417,467.08040887912216,133.02511165097857,0.32328326564734433,0.2622158185705477,0.9921352165029916,0.43099106345662963,0.13274862840535312,0.2916588649975486,0.06857009178160792,1.477723173133284,0.5,muIsoCut,egmIsoCut
egm,0.22,0.5,0.22,0.5,0.1,2.0,150.0,3,2Mu2E_200GeV_0p25GeV_1p0mm_info,17.56420124481328,0.09309647302904564,1.7998651452282157,0.0,0.9027113237639552,0.6467806451637269,731.6357507693918,757.7967355805845,1560.0411746938896,2519.612807488504,184.42183179234158,148.28845143273875,255.22714812946813,313.91803541204365,469.19673770539197,133.18957716991778,0.35870173482913825,0.24345593712477606,1.1536379792081408,0.46898489773063395,0.14093294525376648,0.30075920130598954,0.06977011769753719,1.5593368239247756,0.5,muIsoCut,egmIsoCut
egm,0.23,0.5,0.23,0.5,0.1,2.0,150.0,3,2Mu2E_200GeV_0p25GeV_1p0mm_info,17.595233402489626,0.09309647302904564,1.7688329875518671,0.0,0.9043062200956937,0.6401863236449881,749.5581419793772,809.673186098965,1542.118783483904,2467.7363569701233,184.74014366107642,152.2426146275404,254.99684018440124,312.01952515290935,505.9747266922442,141.92962458423764,0.3249693407957601,0.2520582547494298,1.0455770576353407,0.4860573322931714,0.14425950852567873,0.32810360142891376,0.07434434985311755,1.4814141941031986,0.5,muIsoCut,egmIsoCut
egm,0.24,0.5,0.24,0.5,0.1,2.0,150.0,3,2Mu2E_200GeV_0p25GeV_1p0mm_info,17.688329875518672,0.09309647302904564,1.6757365145228216,0.0,0.9090909090909091,0.6401727334964497,757.5743260252067,825.3503349595849,1534.1025994380745,2452.0592081095033,184.88759246373934,152.59881703449372,254.8899514239556,311.8454726702793,516.3709302455148,144.18105208170059,0.3183890840720839,0.252771238687888,1.0287603990836554,0.493822464222861,0.14579641636824145,0.3365947821447249,0.07553400100418489,1.4671126542019102,0.5,muIsoCut,egmIsoCut
egm,0.25,0.5,0.25,0.5,0.1,2.0,150.0,3,2Mu2E_200GeV_0p25GeV_1p0mm_info,17.719362033195022,0.09309647302904564,1.644704356846473,0.0,0.9106858054226475,0.6319179828473618,780.3911469942152,835.3809483419027,1511.2857784690661,2442.0285947271855,185.32690124248563,152.78030484656975,254.57071485110416,311.7565977429604,516.9879458246725,144.49760901960255,0.33752715184440096,0.24297152412961187,1.1208584007522464,0.5163756306796933,0.15034488955575712,0.34208483477452006,0.07629755840714104,1.5094958273144563,0.5,muIsoCut,egmIsoCut
egm,0.26,0.5,0.26,0.5,0.1,2.0,150.0,3,2Mu2E_200GeV_0p25GeV_1p0mm_info,17.78142634854772,0.09309647302904564,1.582640041493776,0.0,0.9138755980861244,0.6282006409628842,795.2864148568198,850.7488968234104,1496.3905106064615,2426.6606462456775,185.61844241771487,153.1339027187516,254.35821791002877,311.5830637621383,524.6108795991006,146.3088507986281,0.3403497534991221,0.23989376064739173,1.1452403720632442,0.5314698330548112,0.15345434171476682,0.3505842063823867,0.07751492313452935,1.515954864421731,0.5,muIsoCut,egmIsoCut
egm,0.27,0.5,0.27,0.5,0.1,2.0,150.0,3,2Mu2E_200GeV_0p25GeV_1p0mm_info,17.812458506224065,0.09309647302904564,1.5516078838174274,0.0,0.9154704944178628,0.6290325351658186,795.9499038895535,854.4488946191544,1495.7270215737278,2422.960648449934,185.61961896575633,153.14112522594004,254.3573593174604,311.57951400855893,527.4630857307875,146.91362872984266,0.33731622662023897,0.24073113634634927,1.1341765346982755,0.5321491772289408,0.153590908138221,0.3526466247670097,0.07778973282205164,1.5090153707852068,0.5,muIsoCut,egmIsoCut
egm,0.28,0.5,0.28,0.5,0.1,2.0,150.0,3,2Mu2E_200GeV_0p25GeV_1p0mm_info,17.812458506224065,0.09309647302904564,1.5516078838174274,0.0,0.9154704944178628,0.6154384574738432,831.7641197116121,856.9988694980356,1459.9128057516693,2420.4106735710525,188.50564346315565,153.1455120344479,252.22595339593,311.5773578567345,516.9137773834717,144.69294826558087,0.37853321015735186,0.22382838911699993,1.3249321373705827,0.5697354776495432,0.162361096184079,0.35407167835432946,0.07798005796414989,1.609096441425606,0.5,muIsoCut,egmIsoCut
egm,0.29,0.5,0.29,0.5,0.1,2.0,150.0,3,2Mu2E_200GeV_0p25GeV_1p0mm_info,17.843490663900415,0.09309647302904564,1.5205757261410788,0.0,0.9170653907496013,0.613544456228616,839.8727953998007,989.2686651239122,1451.804130063481,2288.1408779451763,188.6501717772913,192.36285640082247,252.11787297282729,289.0164861432534,627.6817776443283,181.83521517932905,0.2526466137702008,0.2739590606946779,0.8098366895677463,0.5785028283140901,0.16424820948717428,0.4323460476840513,0.1002492959906845,1.3380550866902958,0.5,muIsoCut,egmIsoCut
egm,0.3,0.5,0.3,0.5,0.1,2.0,150.0,3,2Mu2E_200GeV_0p25GeV_1p0mm_info,17.874522821576765,0.09309647302904564,1.4895435684647302,0.0,0.9186602870813397,0.6138533409522334,841.9529988819295,1024.5236040557977,1449.723926581352,2252.8859390132907,188.6536672564841,195.12862804377727,252.11525740149875,287.15643176329877,659.2772214635795,189.66555240167543,0.21696671626674424,0.2855332493407228,0.6828668078142005,0.5807678161643991,0.16472637223267722,0.45476053017780127,0.10421924250343874,1.2770849218979752,0.5,muIsoCut,egmIsoCut
egm,0.31,0.5,0.31,0.5,0.1,2.0,150.0,3,2Mu2E_200GeV_0p25GeV_1p0mm_info,17.93658713692946,0.09309647302904564,1.4274792531120333,0.0,0.9218500797448166,0.6159102431744202,842.1376742024455,1041.4588486964485,1449.5392512608362,2235.95069437264,188.65371245169425,195.40890093372505,252.115223582666,286.96578057522896,675.164923608476,193.25232306166384,0.19827251019508496,0.2914049625895856,0.6182620583059819,0.5809692103680107,0.1647688542568657,0.4657789866822889,0.10588315972297072,1.2473066131776656,0.5,muIsoCut,egmIsoCut
egm,0.32,0.5,0.32,0.5,0.1,2.0,150.0,3,2Mu2E_200GeV_0p25GeV_1p0mm_info,17.93658713692946,0.09309647302904564,1.4274792531120333,0.0,0.9218500797448166,0.6145517214992188,845.891308612586,1059.165135511236,1445.7856168506953,2218.2444075578524,188.67970339472436,195.60182944202498,252.09577289360297,286.83431123945024,690.332279695796,196.74928947601313,0.18389954753399085,0.2953584860733169,0.5706511239330014,0.585073816445319,0.16564586501748424,0.4774790063270396,0.1076451058531588,1.2253393525004206,0.5,muIsoCut,egmIsoCut
egm,0.33,0.5,0.33,0.5,0.1,2.0,150.0,3,2Mu2E_200GeV_0p25GeV_1p0mm_info,17.93658713692946,0.09309647302904564,1.4274792531120333,0.0,0.9218500797448166,0.6145402641487375,845.9230715021852,1136.1473841617974,1445.7538539610964,2141.262158907291,188.6797056662129,201.1404988489171,252.09577119351977,282.97790992953077,767.1127295118165,215.9008827926629,0.09316490428664836,0.32565532341837783,0.27486052790395704,0.5851086401634091,0.1656532448145363,0.5305970497052942,0.11722123039110208,1.1027363240869732,0.5,muIsoCut,egmIsoCut
egm,0.34,0.5,0.34,0.5,0.1,2.0,150.0,3,2Mu2E_200GeV_0p25GeV_1p0mm_info,17.93658713692946,0.09309647302904564,1.4274792531120333,0.0,0.9218500797448166,0.6116699066694549,853.9368082804073,1143.8634550573393,1437.7401171828742,2133.54608801175,188.82407815589153,201.27490169589382,251.98765186516974,282.88232842046733,770.819241804112,217.0099388785052,0.09733456348329927,0.3231427333037578,0.2889445254949258,0.5939437858586165,0.16758606512219693,0.5361325267284499,0.11812165980255873,1.1078301655803993,0.5,muIsoCut,egmIsoCut
egm,0.35000000000000003,0.5,0.35000000000000003,0.5,0.1,2.0,150.0,3,2Mu2E_200GeV_0p25GeV_1p0mm_info,17.96761929460581,0.09309647302904564,1.3964470954356847,0.0,0.923444976076555,0.6100897998831822,861.3797434506893,1156.1012937945,1430.2971820125922,2121.308249274589,188.96719143247566,201.4346949808064,251.88034807437103,282.76856516109837,779.5040740547,219.28789165852245,0.09505177016120103,0.32283420632489906,0.2828419304349659,0.6022383000423934,0.16941944884428622,0.5449944835644914,0.11956005672855957,1.1050355888072545,0.5,muIsoCut,egmIsoCut
egm,0.36,0.5,0.36,0.5,0.1,2.0,150.0,3,2Mu2E_200GeV_0p25GeV_1p0mm_info,18.029683609958507,0.09309647302904564,1.3343827800829875,0.0,0.9266347687400319,0.6105808008944965,865.9574290889693,1159.3592892919135,1425.7194963743123,2118.050253777175,188.9943377020789,201.43914604315853,251.85997995016353,282.76539432306754,780.397509029094,219.64971805091253,0.09880384091154304,0.3209721917305017,0.2952715408390474,0.6073827504576809,0.17054317909185032,0.5473710018090446,0.1199381797091253,1.1096363315745614,0.5,muIsoCut,egmIsoCut
egm,0.37,0.5,0.37,0.5,0.1,2.0,150.0,3,2Mu2E_200GeV_0p25GeV_1p0mm_info,18.029683609958507,0.09309647302904564,1.3343827800829875,0.0,0.9266347687400319,0.5994251959668307,898.713416402152,1160.4130225475326,1392.9635090611296,2116.996520521556,191.80517391863444,201.4402853725943,249.72601875252528,282.76458267308624,763.5406955934975,216.11778728873168,0.1504069243227677,0.30117379381638265,0.4677953506777086,0.6451808755621267,0.1798297414635803,0.5481412044369569,0.12006088441757774,1.1770340750516057,0.5,muIsoCut,egmIsoCut
egm,0.38,0.5,0.38,0.5,0.1,2.0,150.0,3,2Mu2E_200GeV_0p25GeV_1p0mm_info,18.029683609958507,0.09309647302904564,1.3343827800829875,0.0,0.9266347687400319,0.5977300519893949,903.852002378427,1194.2983798712346,1387.8249230848544,2083.111163197854,191.83303473179313,204.08094540001437,249.7046174373531,280.8646747277293,795.6738394319359,224.7011544738001,0.11968570370129994,0.3109857344981122,0.3661474861051642,0.6512723524011563,0.18121135431265684,0.5733243626028229,0.12479353939355264,1.1359579234422534,0.5,muIsoCut,egmIsoCut
egm,0.39,0.5,0.39,0.5,0.1,2.0,150.0,3,2Mu2E_200GeV_0p25GeV_1p0mm_info,18.029683609958507,0.09309647302904564,1.3343827800829875,0.0,0.9266347687400319,0.5972643696934964,905.2713180870383,1201.0859217978464,1386.405607376243,2076.3236212712422,191.8353338138742,204.10932074280367,249.70285117407784,280.8440545412848,801.9907108226575,226.2878264273688,0.11408801450003603,0.3126133016045357,0.3481450577489353,0.652962822186109,0.1815946256339983,0.5784675902605558,0.1256407472913581,1.1287803036501989,0.5,muIsoCut,egmIsoCut
egm,0.4,0.5,0.4,0.5,0.1,2.0,150.0,3,2Mu2E_200GeV_0p25GeV_1p0mm_info,18.029683609958507,0.09309647302904564,1.3343827800829875,0.0,0.9266347687400319,0.5967617538699929,906.806930588775,1235.4957595965802,1384.8699948745063,2041.9137834725084,191.8376572721397,206.71689324012786,249.7010661496688,278.93032075130594,837.9398876235789,235.76498319013837,0.07594454854958144,0.3252879649734545,0.22657210530636915,0.6547957093047913,0.1820109175187751,0.6050675447694359,0.13069249285207019,1.0821861376721247,0.5,muIsoCut,egmIsoCut
egm,0.41000000000000003,0.5,0.41000000000000003,0.5,0.1,2.0,150.0,3,2Mu2E_200GeV_0p25GeV_1p0mm_info,18.060715767634854,0.09309647302904564,1.303350622406639,0.0,0.9282296650717703,0.5872955078586263,939.7057750738561,1252.9768008033288,1351.9711503894252,2024.4327422657595,194.6074562110065,206.98249505280288,247.54847438638237,278.7332856459617,836.771926983069,236.33727492284032,0.10953837980052539,0.31186489990091143,0.33622112304999696,0.6950634817933659,0.19213727203470127,0.6189273541392085,0.13309910653277818,1.123013027530583,0.5,muIsoCut,egmIsoCut
egm,0.42,0.5,0.42,0.5,0.1,2.0,150.0,3,2Mu2E_200GeV_0p25GeV_1p0mm_info,18.060715767634854,0.09309647302904564,1.303350622406639,0.0,0.9282296650717703,0.5847937411816354,947.8144507645802,1269.9627189440598,1343.8624746987014,2007.4468241250283,194.7474562274485,207.24674188378236,247.43835086114325,278.53686607670755,850.1621172451845,240.1393580827293,0.10302895618506536,0.3133027371280889,0.31584098317144793,0.7052912545810043,0.19458863771042714,0.6326258328150682,0.13551109821569843,1.114863190841557,0.5,muIsoCut,egmIsoCut
egm,0.43,0.5,0.43,0.5,0.1,2.0,150.0,3,2Mu2E_200GeV_0p25GeV_1p0mm_info,18.060715767634854,0.09309647302904564,1.303350622406639,0.0,0.9282296650717703,0.5821332325987464,956.5526010967856,1280.1722541508602,1335.124324366496,1997.2372889182277,194.88845875314968,207.38138929677302,247.3273091042841,278.43663041815654,855.7766898201951,242.04122760491902,0.10535323531715934,0.31185112378189633,0.3242991504297118,0.716452081382504,0.19728662074351527,0.6409715366591445,0.1369906997904344,1.1177595890088619,0.5,muIsoCut,egmIsoCut
egm,0.44,0.5,0.44,0.5,0.1,2.0,150.0,3,2Mu2E_200GeV_0p25GeV_1p0mm_info,18.060715767634854,0.09309647302904564,1.303350622406639,0.0,0.9282296650717703,0.5819334857862217,957.2134888715709,1297.2610689467288,1334.4634365917107,1980.1484741223594,194.88957932076727,207.64514909794036,247.32642611762816,278.23998605766747,874.2513436981367,246.83481423966796,0.0866704723010493,0.3179231444672229,0.26379177329398806,0.7173021475330521,0.1974906503508464,0.6551332316238055,0.13953715698564823,1.0948950731062068,0.5,muIsoCut,egmIsoCut
egm,0.45,0.5,0.45,0.5,0.1,2.0,150.0,3,2Mu2E_200GeV_0p25GeV_1p0mm_info,18.091747925311203,0.09309647302904564,1.2723184647302905,0.0,0.9298245614035088,0.5804840332604871,965.3487249461386,1306.9996359907705,1326.3282005171432,1970.4099070783177,195.02937898071494,207.77851399851855,247.21620197378016,278.14040861738204,879.7714978253497,248.7438626108113,0.08864902900821015,0.31669447989771937,0.27074085789241575,0.72783548187375,0.20006590722783016,0.6633135731279194,0.14101988767001775,1.0972721068281044,0.5,muIsoCut,egmIsoCut
egm,0.46,0.5,0.46,0.5,0.1,2.0,150.0,3,2Mu2E_200GeV_0p25GeV_1p0mm_info,18.122780082987553,0.09309647302904564,1.241286307053942,0.0,0.9314194577352471,0.58108064249001,966.6731017447833,1327.365914528265,1325.003823718498,1950.0436285408234,195.03161850752528,208.06431641386854,247.21443518993655,277.9266774178154,901.9105452218005,254.61070339649487,0.0669953021410139,0.3237397539227616,0.20192607401444093,0.7295624997004964,0.20048509435622447,0.6806852396023082,0.14420793279933697,1.071805964423064,0.5,muIsoCut,egmIsoCut
egm,0.47000000000000003,0.5,0.47000000000000003,0.5,0.1,2.0,150.0,3,2Mu2E_200GeV_0p25GeV_1p0mm_info,18.122780082987553,0.09309647302904564,1.241286307053942,0.0,0.9314194577352471,0.5806854522081367,967.9974785446959,1328.4121519970597,1323.6794469185854,1948.9973910720287,195.03385800861963,208.06541942000098,247.21266839346603,277.9258516706496,902.2032921594666,254.7771611735488,0.06796937785844792,0.32332397313730604,0.2050572708319627,0.7312929733842379,0.20090583096246076,0.6815874449510568,0.14437215030452258,1.0729261209275214,0.5,muIsoCut,egmIsoCut
egm,0.48,0.5,0.48,0.5,0.1,2.0,150.0,3,2Mu2E_200GeV_0p25GeV_1p0mm_info,18.122780082987553,0.09309647302904564,1.241286307053942,0.0,0.9314194577352471,0.5784879966790574,975.4112520833278,1447.407679659653,1316.265673379954,1830.0018634094354,195.17241573998368,238.18875207545824,247.1032928112517,252.58684876693943,1041.0771061036216,296.9799863052365,-0.06732119798704561,0.3718990757148565,-0.18478051542665827,0.7410443589086632,0.20332148910031253,0.7909323529119365,0.16987890556147656,0.936925081115214,0.5,muIsoCut,egmIsoCut
egm,0.49,0.5,0.49,0.5,0.1,2.0,150.0,3,2Mu2E_200GeV_0p25GeV_1p0mm_info,18.1538122406639,0.09309647302904564,1.2102541493775933,0.0,0.9330143540669856,0.5783519952607338,979.2280625176388,1459.742623158121,1312.4488629456428,1817.6669199109674,195.19755836827915,238.3086754218776,247.0834320447376,252.47370754981006,1054.0091393922748,300.692676412885,-0.07636737521836401,0.3746053451056765,-0.20859766575472782,0.7461075933426254,0.2045723947959393,0.8030858718766922,0.17213974891664857,0.9290508269048278,0.5,muIsoCut,egmIsoCut
egm,0.5,0.5,0.5,0.5,0.1,2.0,150.0,3,2Mu2E_200GeV_0p25GeV_1p0mm_info,18.18484439834025,0.09309647302904564,1.1792219917012448,0.0,0.9346092503987241,0.5676947116591398,1020.0557601249232,1577.9655110367937,1271.6211653383584,1699.444032032295,198.05797301520195,265.0155608184159,244.7965451330017,224.27828764590058,1180.7239921921798,339.5110528657166,-0.15750926405001642,0.4016100525765998,-0.4087645269114252,0.802169535966714,0.21932953060052504,0.9285186692201743,0.19832710760640876,0.8639239711145755,0.5,muIsoCut,egmIsoCut
egm,0.51,0.5,0.51,0.5,0.1,2.0,150.0,3,2Mu2E_200GeV_0p25GeV_1p0mm_info,18.18484439834025,0.09309647302904564,1.1792219917012448,0.0,0.9346092503987241,0.5584003124451539,1054.4976711153465,1619.4985993855291,1237.1792543479348,1657.9109436835595,200.74419884553382,267.13021741630683,242.59858988421385,221.75537136311598,1208.5148947468053,349.319821474273,-0.14605743364852963,0.39665803868552535,-0.38227846539332483,0.8523402469039363,0.23294300060949705,0.9768308759620794,0.20744241760765916,0.872556619450084,0.5,muIsoCut,egmIsoCut
egm,0.52,0.5,0.52,0.5,0.1,2.0,150.0,3,2Mu2E_200GeV_0p25GeV_1p0mm_info,18.18484439834025,0.09309647302904564,1.1792219917012448,0.0,0.9346092503987241,0.5298338515402617,1171.9389859665446,1628.007532771135,1119.7379394967368,1649.4020102979537,231.8189307541537,267.23229021890774,213.10160142041423,221.6323551506736,1105.2137616232287,314.974656823598,0.05693574933705692,0.3271593095003369,0.170614779486284,1.046618985236197,0.2872914054630278,0.9870289490413838,0.20938008953280196,1.0603731392606952,0.5,muIsoCut,egmIsoCut
egm,0.53,0.5,0.53,0.5,0.1,2.0,150.0,3,2Mu2E_200GeV_0p25GeV_1p0mm_info,18.18484439834025,0.09309647302904564,1.1792219917012448,0.0,0.9346092503987241,0.5280272008503701,1180.0136472761583,1636.5565806600396,1111.6632781871233,1640.852962409049,231.936455790592,267.3343271408261,212.97368302032757,221.50926688840502,1108.752517790631,316.74468187964396,0.06039008925873057,0.32582202055497295,0.18151845563303293,1.0614847772974019,0.2913515914729064,0.9973816168496282,0.21135976795443837,1.0642714477235429,0.5,muIsoCut,egmIsoCut
egm,0.54,0.5,0.54,0.5,0.1,2.0,150.0,3,2Mu2E_200GeV_0p25GeV_1p0mm_info,18.215876556016596,0.09309647302904564,1.1481898340248962,0.0,0.9362041467304625,0.5286244607346334,1181.367031726254,1686.969429138883,1110.3098937370273,1590.4401139302058,231.93834078562008,269.53276062610354,212.97163017068206,218.8289028774499,1177.6984440968415,335.69719037508787,0.0031053749858347413,0.34504130281329704,0.00899098829676664,1.0639975725606354,0.29204319547778806,1.0606934611138168,0.22364936051563056,1.0031150483791509,0.5,muIsoCut,egmIsoCut
egm,0.55,0.5,0.55,0.5,0.1,2.0,150.0,3,2Mu2E_200GeV_0p25GeV_1p0mm_info,18.246908713692946,0.09309647302904564,1.1171576763485478,0.0,0.937799043062201,0.5278837956378677,1188.7516436205578,1729.5176103305712,1102.9252818427235,1547.8919327385174,232.05486241843758,271.61311726620545,212.8446616946364,216.24132887635366,1232.3397115010575,351.64158116384533,-0.0366670936813549,0.35840519887499867,-0.10345867152260671,1.0778170227764106,0.29585739914593334,1.1173374405219123,0.23485241503590573,0.9646298277384837,0.5,muIsoCut,egmIsoCut
egm,0.56,0.5,0.56,0.5,0.1,2.0,150.0,3,2Mu2E_200GeV_0p25GeV_1p0mm_info,18.277940871369296,0.09309647302904564,1.0861255186721992,0.0,0.9393939393939394,0.5269929250003637,1196.8655218170372,1734.5117090347978,1094.8114036462441,1542.8978340342906,232.17228275510448,271.6320686476829,212.71657270703668,216.21752257265672,1230.7770203059529,352.2560286963179,-0.02833359126047208,0.35554718734333707,-0.08038060662500107,1.0932161629216723,0.30014757322303226,1.124190902841237,0.23624967687935963,0.9724470818601358,0.5,muIsoCut,egmIsoCut
egm,0.5700000000000001,0.5,0.5700000000000001,0.5,0.1,2.0,150.0,3,2Mu2E_200GeV_0p25GeV_1p0mm_info,18.277940871369296,0.09309647302904564,1.0861255186721992,0.0,0.9393939393939394,0.525245705992009,1204.8818598468692,1865.3149284182352,1086.7950656164119,1412.0946146508536,232.28962535510752,295.52159255365814,212.58842662837506,182.21137758061792,1435.6085201322053,406.0864407588078,-0.191493181177663,0.4078701203945827,-0.49318510478459393,1.1086559904129492,0.3044902242978024,1.3209560528487974,0.2699097353198578,0.839283023853823,0.5,muIsoCut,egmIsoCut
egm,0.58,0.5,0.58,0.5,0.1,2.0,150.0,3,2Mu2E_200GeV_0p25GeV_1p0mm_info,18.308973029045642,0.09309647302904564,1.0550933609958506,0.0,0.9409888357256778,0.5261330685157278,1204.8918029063723,1928.5018348473816,1086.7851225569093,1348.907708221707,232.2896254083468,297.69127032404396,212.58842657020193,178.64463428307556,1553.7512982996152,438.4547655770816,-0.2895359521508434,0.4407107247944939,-0.7030813800776001,1.1086752826277104,0.30449569787824143,1.4296766362094302,0.29078258009221886,0.7754727569495673,0.5,muIsoCut,egmIsoCut
egm,0.59,0.5,0.59,0.5,0.1,2.0,150.0,3,2Mu2E_200GeV_0p25GeV_1p0mm_info,18.308973029045642,0.09309647302904564,1.0550933609958506,0.0,0.9409888357256778,0.5245424332825432,1212.24725316649,1938.078873992302,1079.4296722967913,1339.3306690767865,232.40596908772068,297.78429291389125,212.46123109014883,178.4895310068651,1561.9890532939817,442.0990589000679,-0.2885069850345605,0.4404809464309278,-0.7002344969079934,1.123044218885601,0.3085728749964856,1.4470503205367786,0.29431866281835983,0.7760920286925552,0.5,muIsoCut,egmIsoCut
egm,0.6,0.5,0.6,0.5,0.1,2.0,150.0,3,2Mu2E_200GeV_0p25GeV_1p0mm_info,18.340005186721992,0.09309647302904564,1.024061203319502,0.0,0.9425837320574163,0.5204397248302327,1235.71991338346,1940.6829737627245,1055.9570120798214,1336.7265693063644,232.75654599731175,297.7865805063073,212.0771073910277,178.48571443013975,1533.0568280931618,438.2240329837254,-0.240618372731066,0.4246984792128433,-0.5992261697271791,1.1702369502235475,0.3222182922071548,1.451817460896103,0.29530807093210615,0.8060496458702487,0.5,muIsoCut,egmIsoCut
egm,0.61,0.5,0.61,0.5,0.1,2.0,150.0,3,2Mu2E_200GeV_0p25GeV_1p0mm_info,18.340005186721992,0.09309647302904564,1.024061203319502,0.0,0.9425837320574163,0.5187356783425591,1243.8919608681117,1979.3188913563981,1047.7849645951699,1298.09065171269,232.8736161790331,299.59633394661444,211.94855052970894,175.4309963234135,1597.654656680662,457.75900990247754,-0.2843998570146393,0.43959946941606404,-0.688805346587812,1.1871633998381637,0.3272076783567172,1.5247925010051504,0.309405706233351,0.7785737397420174,0.5,muIsoCut,egmIsoCut
egm,0.62,0.5,0.62,0.5,0.1,2.0,150.0,3,2Mu2E_200GeV_0p25GeV_1p0mm_info,18.37103734439834,0.09309647302904564,0.9930290456431535,0.0,0.9441786283891546,0.519592073155687,1243.9842985290036,1987.2072472453458,1047.692626934278,1290.2022958237426,232.87363448562135,299.6866131670134,211.94853041576258,175.2767288425982,1613.6867744449712,462.4395080868182,-0.29719223655245197,0.44402648742360173,-0.7140355007231366,1.1873561639630008,0.3272651326838689,1.5402291979155047,0.31262795454185394,0.7708957638057565,0.5,muIsoCut,egmIsoCut
egm,0.63,0.5,0.63,0.5,0.1,2.0,150.0,3,2Mu2E_200GeV_0p25GeV_1p0mm_info,18.37103734439834,0.09309647302904564,0.9930290456431535,0.0,0.9441786283891546,0.5194542391776826,1244.6477875579342,2020.8060424080752,1047.0291379053472,1256.6035006610132,232.87457228722246,301.46788384107384,211.94750002297127,172.1949848214565,1683.7791772372454,482.19024473705934,-0.3528157877827516,0.46276713173380335,-0.8200717611603275,1.1887422637042715,0.327678262219633,1.6081493019437454,0.32575666446820223,0.7391989427023081,0.5,muIsoCut,egmIsoCut
egm,0.64,0.5,0.64,0.5,0.1,2.0,150.0,3,2Mu2E_200GeV_0p25GeV_1p0mm_info,18.37103734439834,0.09309647302904564,0.9930290456431535,0.0,0.9441786283891546,0.5177975380101114,1252.6641255877662,2053.182813431972,1039.0127998755152,1224.2267296371163,232.99156119022166,301.82927316417977,211.81888867163713,171.56074039960245,1742.5556655445564,501.4518615768677,-0.3910797235667036,0.47664586625725874,-0.8859811722043264,1.2056291565780988,0.3327099052914305,1.6771262738566197,0.34062308276409775,0.7188660599811043,0.5,muIsoCut,egmIsoCut
egm,0.65,0.5,0.65,0.5,0.1,2.0,150.0,3,2Mu2E_200GeV_0p25GeV_1p0mm_info,18.37103734439834,0.09309647302904564,0.9930290456431535,0.0,0.9441786283891546,0.517760053196816,1252.846395425162,2088.959086056156,1038.8305300381196,1188.4504570129327,232.99158497527813,303.6001489587834,211.81886250910696,168.4070881450106,1825.969658045281,525.3525412720373,-0.45745692745168953,0.4992990773992903,-0.9972559919327977,1.2060161491202892,0.33282657145737193,1.7577165911539754,0.3567870391203188,0.686126623136962,0.5,muIsoCut,egmIsoCut
egm,0.66,0.5,0.66,0.5,0.1,2.0,150.0,3,2Mu2E_200GeV_0p25GeV_1p0mm_info,18.37103734439834,0.09309647302904564,0.9930290456431535,0.0,0.9441786283891546,0.5144767411883567,1268.9664024122555,2097.386676437005,1022.710523051026,1180.0228666320836,233.22539217571924,303.6899416185613,211.56139919282575,168.24511031525302,1817.777846137225,527.1127849510742,-0.43248697733974706,0.49179534756084564,-0.9521292583453714,1.2407874699739871,0.3433459494584672,1.7774118923840685,0.36118597977954564,0.6980866254415012,0.5,muIsoCut,egmIsoCut
egm,0.67,0.5,0.67,0.5,0.1,2.0,150.0,3,2Mu2E_200GeV_0p25GeV_1p0mm_info,18.37103734439834,0.09309647302904564,0.9930290456431535,0.0,0.9441786283891546,0.5137089619986066,1272.780611592421,2100.356904191543,1018.8963138708602,1177.0526388775454,233.2464329328709,303.69286164245455,211.53820153351964,168.23983943374938,1818.139509491057,528.3266577483816,-0.4284783197760358,0.4907477648668624,-0.944306604672191,1.2491757937145107,0.3459275905252569,1.7844205389102004,0.3627971557934544,0.7000456262834882,0.5,muIsoCut,egmIsoCut
egm,0.68,0.5,0.68,0.5,0.1,2.0,150.0,3,2Mu2E_200GeV_0p25GeV_1p0mm_info,18.37103734439834,0.09309647302904564,0.9930290456431535,0.0,0.9441786283891546,0.5135762780271809,1273.4414993659386,2163.9411977503028,1018.2354260973428,1113.4683453187856,233.247369221082,305.80525329211974,211.53716915801925,164.36892907182707,1978.8632490580958,576.6675261274421,-0.5539490821081259,0.534862257187099,-1.1340221798829204,1.2506356258362967,0.3463792045948243,1.9434240828200349,0.3971547220264252,0.6435217289381034,0.5,muIsoCut,egmIsoCut
egm,0.6900000000000001,0.5,0.6900000000000001,0.5,0.1,2.0,150.0,3,2Mu2E_200GeV_0p25GeV_1p0mm_info,18.40206950207469,0.09309647302904564,0.9619968879668049,0.0,0.9457735247208932,0.5113614699115734,1288.9030240588318,2168.058930742871,1002.7739014044496,1109.3506123262177,233.47999771112066,305.80955353492504,211.2803820821027,164.36092830124394,1959.7707778760173,575.5182185777549,-0.5204951352387888,0.5246341695092239,-1.0801719224831836,1.285337624217822,0.35714523934136777,1.954349604762581,0.39979227385346644,0.6576804994795022,0.5,muIsoCut,egmIsoCut
egm,0.7000000000000001,0.5,0.7000000000000001,0.5,0.1,2.0,150.0,3,2Mu2E_200GeV_0p25GeV_1p0mm_info,18.43310165975104,0.09309647302904564,0.9309647302904565,0.0,0.9473684210526316,0.5107551957942487,1296.3506579895002,2172.176053226099,995.3262674737812,1105.2334898429895,233.59576676794285,305.825632732405,211.152378466455,164.3310078746582,1956.1693553645412,576.7700024517901,-0.5089816503802671,0.5214285001055842,-1.0603268853889043,1.302437904386612,0.3625254099601042,1.9653548984791265,0.402439837763791,0.6626985820192032,0.5,muIsoCut,egmIsoCut
egm,0.71,0.5,0.71,0.5,0.1,2.0,150.0,3,2Mu2E_200GeV_0p25GeV_1p0mm_info,18.43310165975104,0.09309647302904564,0.9309647302904565,0.0,0.9473684210526316,0.5106246741476989,1297.016594282235,2173.8538628451515,994.6603311810464,1103.5556802239369,233.59670168327787,305.8270958422347,211.15134417435732,164.32828494809226,1959.3449083765177,578.0251305411207,-0.5106552352638272,0.522144296744013,-1.0623728450555752,1.3039794124916742,0.36301717201655503,1.9698633261567975,0.4035368144178566,0.6619644089906164,0.5,muIsoCut,egmIsoCut
egm,0.72,0.5,0.72,0.5,0.1,2.0,150.0,3,2Mu2E_200GeV_0p25GeV_1p0mm_info,18.464133817427385,0.09309647302904564,0.8999325726141079,0.0,0.9489633173843699,0.5099091215762807,1305.0698977112245,2183.296858386417,986.6070277520565,1094.1126846826717,233.71333097602056,305.91762914587645,211.0222455288477,164.15968434132307,1968.769811655892,583.6735461744548,-0.5085550705817641,0.522496480726003,-1.0556261758796879,1.3227859330018887,0.36900181996562564,1.995495426524229,0.40965818006491034,0.662885975792953,0.5,muIsoCut,egmIsoCut
egm,0.73,0.5,0.73,0.5,0.1,2.0,150.0,3,2Mu2E_200GeV_0p25GeV_1p0mm_info,18.464133817427385,0.09309647302904564,0.8999325726141079,0.0,0.9489633173843699,0.5092786869649403,1308.3181580278394,2193.472379208304,983.3587674354419,1083.9371638607845,233.73341172510894,306.0088521628248,211.00000338219172,163.98957339802814,1989.940346301287,591.6256489721316,-0.5209911550115041,0.527563968413975,-1.0715261088135672,1.3304586294988532,0.371474595698255,2.023615807576483,0.41645005312926475,0.6574660192500835,0.5,muIsoCut,egmIsoCut
egm,0.74,0.5,0.74,0.5,0.1,2.0,150.0,3,2Mu2E_200GeV_0p25GeV_1p0mm_info,18.495165975103735,0.09309647302904564,0.8689004149377594,0.0,0.9505582137161085,0.5101321148983211,1308.320759280717,2228.6173876527705,983.3561661825643,1048.7921554163179,233.7334117395838,307.7549707008381,211.0000033661573,160.68875441113823,2089.5700248063968,621.9221849469849,-0.5971389355277001,0.5544187698041553,-1.1758836475693268,1.3304647942155903,0.37147659489347395,2.1249371251905687,0.43829249354944927,0.6261196053489213,0.5,muIsoCut,egmIsoCut
egm,0.75,0.5,0.75,0.5,0.1,2.0,150.0,3,2Mu2E_200GeV_0p25GeV_1p0mm_info,18.495165975103735,0.09309647302904564,0.8689004149377594,0.0,0.9505582137161085,0.5100034157542548,1308.9842483058446,2240.578675370673,982.6926771574368,1036.8308676984154,233.73434609154006,307.859459338178,210.99896834132716,160.48847647504655,2123.586715516567,633.3167909957774,-0.6223164780363271,0.5639160201299431,-1.2066901573655588,1.332038264589747,0.37198663563921497,2.1609876260188594,0.44726921030198985,0.6164025413897127,0.5,muIsoCut,egmIsoCut
