scan_variable,scan_cut,muIsoCut,egmIsoCut,fixed_mu_iso,fixed_egm_iso,dPhiCut,mJJCut,pixelCut,signal_name,sig_A,sig_B,sig_C,sig_D,signalEff,AsimovSig,ACounts,BCounts,CCounts,DCounts,A_Unc,B_Unc,C_Unc,D_Unc,prediction,predictionUnc,closure,closureUnc,closureSignificance,tf_AC,tf_AC_unc,tf_BD,tf_BD_unc,tf_ratio,fixed_value,fixed_variable,scanned_variable
mu,0.0,0.0,0.1,0.24,0.1,2.0,150.0,3,2Mu2E_200GeV_0p25GeV_1p0mm_info,0.9619968879668049,14.150663900414937,0.27928941908713695,4.06521265560166,0.049441786283891544,3.0803551933370787,0.0026012528776915727,586.1027465206844,0.6660902805405856,4982.3150304782675,0.0026012528776915727,84.67559395014366,0.6608980106962666,460.99448366055793,0.07835661544229872,0.07889946251331242,-29.122644405043253,42.74767077907743,-0.9596291512127298,0.0039052557193605163,0.005501381948824915,0.11763662934505821,0.020181909344149478,0.033197616602099383,0.1,egmIsoCut,muIsoCut
mu,0.01,0.01,0.1,0.24,0.1,2.0,150.0,3,2Mu2E_200GeV_0p25GeV_1p0mm_info,2.0170902489626554,13.095570539419088,0.5275466804979253,3.8169553941908716,0.1036682615629984,0.7349991075823499,6.888045211378798,579.2173025621834,7.575493428312695,4975.405627330495,4.380019970837581,84.56223532186921,4.4296942588608745,460.9736744765562,0.8819093753927935,0.5377617355034038,0.8719652167880793,0.11279943017335456,1.3610378848719913,0.9092536712704912,0.7854780700930857,0.11641609668576042,0.020129669490547727,7.810377577980654,0.1,egmIsoCut,muIsoCut
mu,0.02,0.02,0.1,0.24,0.1,2.0,150.0,3,2Mu2E_200GeV_0p25GeV_1p0mm_info,3.785923236514523,11.32673755186722,1.0550933609958506,3.289408713692946,0.19457735247208932,1.2717048612481967,7.685885822111703,578.4194619514504,124.52253875826028,4858.458582000548,4.430661808167453,84.55959705153383,116.02143341030045,446.1562257114252,14.824920013977684,14.04794090572679,-0.9288498888869163,2.1394073154222055,-0.48465668269747425,0.061722848720845366,0.06762627686502665,0.1190541098969865,0.02055352776701286,0.518443662081486,0.1,egmIsoCut,muIsoCut
mu,0.03,0.03,0.1,0.24,0.1,2.0,150.0,3,2Mu2E_200GeV_0p25GeV_1p0mm_info,5.55475622406639,9.557904564315352,1.4585114107883816,2.885990663900415,0.2854864433811802,1.5667686315679026,10.846857007193565,575.2584907663685,248.72438916695123,4734.256731591857,5.385993995837893,84.50412585343344,164.18399934029483,430.76671773974255,30.222445642667427,20.622151367708703,-1.7862859833612723,2.351328530581295,-0.9090590880540699,0.043609945303405014,0.03602240094485932,0.12150977933402912,0.020996234320080517,0.358900703650541,0.1,egmIsoCut,muIsoCut
mu,0.04,0.04,0.1,0.24,0.1,2.0,150.0,3,2Mu2E_200GeV_0p25GeV_1p0mm_info,7.354621369294605,7.758039419087137,2.1722510373443984,2.1722510373443984,0.37799043062200954,2.030909355542045,10.876018647718148,575.229329125844,300.15094461165,4682.8301761471575,5.3860729408594255,84.50412082172006,167.7638358594949,429.3851955172109,36.86993121913761,21.574212683833657,-2.3900209638637517,2.598713192311655,-1.168981497864819,0.03623516381662591,0.027059006918344237,0.12283796496739911,0.021272191221157026,0.29498342655092524,0.1,egmIsoCut,muIsoCut
mu,0.05,0.05,0.1,0.24,0.1,2.0,150.0,3,2Mu2E_200GeV_0p25GeV_1p0mm_info,9.030357883817427,6.082302904564315,2.4515404564315353,1.8929616182572615,0.4641148325358852,2.4501046315988546,10.881067172006347,575.2242806015557,309.55518523453793,4673.425935524269,5.3860741249906114,84.50412074624661,167.92879757977258,429.3207072749423,38.10131179773219,21.69800741292309,-2.501615346678053,2.6421067499765263,-1.2175536608743864,0.03515065387698864,0.025813822327425705,0.12308406906143181,0.02132607751504555,0.2855824815106234,0.1,egmIsoCut,muIsoCut
mu,0.06,0.06,0.1,0.24,0.1,2.0,150.0,3,2Mu2E_200GeV_0p25GeV_1p0mm_info,10.302676348547719,4.809984439834025,2.6377334024896264,1.7067686721991702,0.5295055821371611,2.48978223636649,14.007869981833222,572.0974777917288,320.66426991240286,4662.316850846405,6.195251046269678,84.44865352419667,168.1188648045048,429.2463139602827,39.3476518013802,21.73538651593525,-1.8089675198592001,1.9877106619982527,-1.1211764241822524,0.04368391272797499,0.0299633093480276,0.12270669199324565,0.02134735684488467,0.35600269242348703,0.1,egmIsoCut,muIsoCut
mu,0.07,0.07,0.1,0.24,0.1,2.0,150.0,3,2Mu2E_200GeV_0p25GeV_1p0mm_info,11.047448132780083,4.06521265560166,2.9170228215767633,1.4274792531120333,0.5677830940988837,2.2190612156378053,21.360718986537915,564.7446287870241,328.7856438969745,4654.195476861833,9.614859541995001,84.12794240657398,168.28090334193098,429.1828145698155,39.89517142891842,21.582507969693175,-0.8676886042113752,1.3143893768645314,-0.7844501071562275,0.06496852701157271,0.04428224919485963,0.12134097753191328,0.021258726749182805,0.5354211605431122,0.1,egmIsoCut,muIsoCut
mu,0.08,0.08,0.1,0.24,0.1,2.0,150.0,3,2Mu2E_200GeV_0p25GeV_1p0mm_info,11.699123443983403,3.4135373443983403,3.103215767634855,1.241286307053942,0.6012759170653906,2.2793698409642817,22.716704692046957,563.388643081515,518.9227586945647,4464.058362064244,9.660224245016382,84.12274534935317,209.65454907003152,410.56220089760654,65.4908975584849,28.844629145474418,-1.8829400410972923,1.7650103750210084,-1.406154045150406,0.0437766590719485,0.02567816256110094,0.12620548330398534,0.022132339985122033,0.34686812273049716,0.1,egmIsoCut,muIsoCut
mu,0.09,0.09,0.1,0.24,0.1,2.0,150.0,3,2Mu2E_200GeV_0p25GeV_1p0mm_info,12.226670124481327,2.885990663900415,3.2583765560165974,1.0861255186721992,0.6283891547049443,2.2228060455858945,26.441177464198468,559.6641703093636,519.6523747568389,4463.328746001968,10.155113656556171,84.0644388799363,209.65559483656511,410.56166687279875,65.16007036857609,28.685065313394084,-1.4643407222240108,1.4396962723822984,-1.2724097278417608,0.050882433620304535,0.028342940186503383,0.12539165321637655,0.02208564025178827,0.40578804342344477,0.1,egmIsoCut,muIsoCut
mu,0.1,0.1,0.1,0.24,0.1,2.0,150.0,3,2Mu2E_200GeV_0p25GeV_1p0mm_info,12.630088174273858,2.482572614107884,3.444569502074689,0.8999325726141079,0.6491228070175438,2.288060886794062,26.536116375432577,559.5692313981295,536.4700391379762,4446.511081620832,10.155533781502623,84.06438812713074,209.91645228074,410.42835405648174,67.51183612459063,28.974975742279923,-1.5441490823085857,1.4629688207831963,-1.3345765916682104,0.04946430264413645,0.0270734454410328,0.12584456017911388,0.02218905613065296,0.3930587271609847,0.1,egmIsoCut,muIsoCut
mu,0.11,0.11,0.1,0.24,0.1,2.0,150.0,3,2Mu2E_200GeV_0p25GeV_1p0mm_info,13.002474066390041,2.110186721991701,3.5997302904564314,0.7447717842323651,0.6682615629984051,2.347543282270471,26.63365653954438,559.4716912340177,579.3335208296971,4403.647599929111,10.155954222200135,84.06433733404847,212.58199083011837,409.0540892429122,73.60277981652445,29.97470397091163,-1.7635251549948676,1.5417831215314293,-1.4840878084491806,0.04597292506292537,0.02432883773534458,0.12704733486008826,0.022443040026119253,0.36185666636418123,0.1,egmIsoCut,muIsoCut
mu,0.12,0.12,0.1,0.24,0.1,2.0,150.0,3,2Mu2E_200GeV_0p25GeV_1p0mm_info,13.374859958506224,1.7378008298755188,3.7548910788381744,0.5896109958506224,0.6874003189792662,1.9166993450266607,44.43210118557692,541.6732465879852,591.1718717957925,4391.809248963014,14.854045300944678,83.36254288212184,212.7332106980156,408.97546603403805,72.91345523777775,29.3333706070639,-0.6410084891831798,0.8583758874210072,-0.8662232762943051,0.07515936279343992,0.03691652046390587,0.12333715238563334,0.022185753614541538,0.6093813691955701,0.1,egmIsoCut,muIsoCut
mu,0.13,0.13,0.1,0.24,0.1,2.0,150.0,3,2Mu2E_200GeV_0p25GeV_1p0mm_info,13.68518153526971,1.4274792531120333,3.8479875518672197,0.49651452282157676,0.7033492822966507,1.82599259598682,51.787551445694774,534.3177963278674,614.6497345197855,4368.331386239022,16.574289036185533,83.03763701190624,213.11615186187896,408.7760469587589,75.18163404376631,29.41982510382217,-0.45173177617024307,0.7338885454894147,-0.6928020822699633,0.08425538731608732,0.03975642532341166,0.1223162230802952,0.02218903628322622,0.6888324802244538,0.1,egmIsoCut,muIsoCut
mu,0.14,0.14,0.1,0.24,0.1,2.0,150.0,3,2Mu2E_200GeV_0p25GeV_1p0mm_info,13.8713744813278,1.241286307053942,3.9410840248962655,0.4034180497925311,0.7129186602870813,1.7913805021117735,55.509422967504065,530.5959248060581,687.0955794435803,4295.885541315228,16.867526528868268,82.97856811474904,216.24281229079196,407.1306877210489,84.86495063679097,30.889861442578308,-0.528838638558214,0.7249069157026128,-0.8340793131424712,0.08078850254349822,0.03534295289273472,0.12351258423975861,0.02258586456727308,0.6540912656047598,0.1,egmIsoCut,muIsoCut
mu,0.15,0.15,0.1,0.24,0.1,2.0,150.0,3,2Mu2E_200GeV_0p25GeV_1p0mm_info,14.08859958506224,1.024061203319502,3.972116182572614,0.37238589211618256,0.7240829346092506,1.8083460072207889,56.177806527846094,529.9275412457159,727.7162015458439,4255.264919212965,16.880469264636517,82.97593611994854,216.88958392344358,406.7865031403579,90.62581642535822,31.717032854219603,-0.6131960648986359,0.7441267828431338,-0.9587699254412004,0.07719741076055604,0.03267180683708945,0.1245345592592926,0.02284651933182586,0.6198874530870087,0.1,egmIsoCut,muIsoCut
mu,0.16,0.16,0.1,0.24,0.1,2.0,150.0,3,2Mu2E_200GeV_0p25GeV_1p0mm_info,14.150663900414937,0.9619968879668049,4.06521265560166,0.27928941908713695,0.7272727272727272,1.8155097914937859,56.212170670322855,529.8931771032392,851.0141655667749,4131.966955192033,16.880494854370454,82.97593091401683,246.04074605101835,389.84651086588326,109.13606155184816,37.33178490450581,-0.9415023517223184,0.8837341039332273,-1.2917439591269455,0.06605315509981621,0.027534518473239886,0.12824235596497222,0.02344490443355478,0.5150650469791572,0.1,egmIsoCut,muIsoCut
mu,0.17,0.17,0.1,0.24,0.1,2.0,150.0,3,2Mu2E_200GeV_0p25GeV_1p0mm_info,14.274792531120331,0.8378682572614108,4.096244813278008,0.24825726141078838,0.733652312599681,1.8307412010227724,56.21982044368554,529.8855273298766,874.5843659491243,4108.396754809683,16.880495432616286,82.97593079637939,246.37193933992162,389.6372906403222,112.80059487995709,37.89688163104893,-1.006420404578623,0.9040628663086084,-1.3638377613912036,0.06428175786411888,0.026465917961287028,0.12897623062075048,0.023612020551835537,0.4984000350664368,0.1,egmIsoCut,muIsoCut
mu,0.18,0.18,0.1,0.24,0.1,2.0,150.0,3,2Mu2E_200GeV_0p25GeV_1p0mm_info,14.398921161825726,0.7137396265560166,4.158309128630705,0.18619294605809128,0.7400318979266347,1.8441530440788627,56.34652224451872,529.7588255290434,916.8579396463282,4066.12318111248,16.88077356722195,82.97587421261858,248.6461125872924,388.1899811263455,119.45373114621862,39.1096022233861,-1.1199840981816558,0.9408205119751986,-1.4814872328387854,0.061456109837750884,0.02483460625708407,0.1302859755921371,0.02389858139673976,0.47170165137451553,0.1,egmIsoCut,muIsoCut
mu,0.19,0.19,0.1,0.24,0.1,2.0,150.0,3,2Mu2E_200GeV_0p25GeV_1p0mm_info,14.429953319502074,0.682707468879668,4.158309128630705,0.18619294605809128,0.7416267942583732,1.4297069221424392,97.16901734351231,488.93633043004985,953.9952941845193,4028.985826574289,37.5477613799746,75.89546648468936,249.12002175512313,387.8860212902392,115.77180423658017,36.893680144058074,-0.19144772069993476,0.5967623931421661,-0.35339587067050665,0.10185481829506607,0.04750288074244239,0.12135469109996248,0.022166311511090192,0.8393150472540535,0.1,egmIsoCut,muIsoCut
mu,0.2,0.2,0.1,0.24,0.1,2.0,150.0,3,2Mu2E_200GeV_0p25GeV_1p0mm_info,14.492017634854772,0.620643153526971,4.189341286307054,0.15516078838174274,0.74481658692185,1.389924506716579,103.98623675228696,482.1191110212752,965.8598975639176,4017.1212231948903,37.80226533196393,75.7690237059177,249.24907660800378,387.80310540492377,115.91871126414958,36.768861505887365,-0.11475051780446499,0.5378228335605652,-0.22627319535116155,0.10766182239738914,0.04799709361757913,0.1200160722652619,0.022135803999088474,0.897061704864269,0.1,egmIsoCut,muIsoCut
mu,0.21,0.21,0.1,0.24,0.1,2.0,150.0,3,2Mu2E_200GeV_0p25GeV_1p0mm_info,14.554081950207468,0.5585788381742739,4.189341286307054,0.15516078838174274,0.7480063795853269,1.3764911315061137,107.04722049931104,479.05812727425115,982.0774447138551,4000.9036760449526,37.925992218104824,75.70716829896871,249.4676644696553,387.66252738135574,117.5914792250088,36.978600488997,-0.09850100429058428,0.5203837379452312,-0.19906177399766653,0.10900079324243217,0.04751850612193429,0.11973748084528207,0.022196029112155423,0.9103314390193056,0.1,egmIsoCut,muIsoCut
mu,0.22,0.22,0.1,0.24,0.1,2.0,150.0,3,2Mu2E_200GeV_0p25GeV_1p0mm_info,14.585114107883818,0.5275466804979253,4.220373443983402,0.12412863070539419,0.7496012759170654,1.3155070043316663,118.15599719522552,467.94935057833663,1027.1792448180386,3955.801875940769,38.758902599790964,75.28415295954414,251.71737438976936,386.2055335983233,121.50958910848763,37.54375520439542,-0.02838274817080233,0.46342533473012165,-0.06214847559525521,0.11502958007699667,0.04710003143024097,0.11829443568051519,0.022261472156367357,0.9724005986863481,0.1,egmIsoCut,muIsoCut
mu,0.23,0.23,0.1,0.24,0.1,2.0,150.0,3,2Mu2E_200GeV_0p25GeV_1p0mm_info,14.616146265560166,0.49651452282157676,4.2514056016597515,0.09309647302904564,0.7511961722488039,1.3147068471364964,118.81948622035296,467.2858615532092,1035.5439253607713,3947.4371953980367,38.764536759183756,75.28125203144546,251.82566400377758,386.13493198712473,122.58460651445704,37.71550536498253,-0.031687734174524085,0.46264911866894837,-0.0696153298835578,0.11474113585182555,0.04668918147457118,0.11837702246358116,0.02231111044914583,0.969285537547,0.1,egmIsoCut,muIsoCut
mu,0.24,0.24,0.1,0.24,0.1,2.0,150.0,3,2Mu2E_200GeV_0p25GeV_1p0mm_info,14.678210580912863,0.4344502074688797,4.2514056016597515,0.09309647302904564,0.7543859649122807,1.278888888760995,126.92556065566379,459.1797871178983,1039.074899469302,3943.906221289506,39.46136081701638,74.91833700800737,251.83003563782097,386.1320809027641,120.97706293377965,37.27665230580047,0.04686603463601635,0.4172113045405083,0.10958114027153215,0.12215246535210297,0.048153193754016166,0.11642766368003651,0.022153632726243395,1.0491704590740498,0.1,egmIsoCut,muIsoCut
mu,0.25,0.25,0.1,0.24,0.1,2.0,150.0,3,2Mu2E_200GeV_0p25GeV_1p0mm_info,14.678210580912863,0.4344502074688797,4.2824377593361,0.062064315352697096,0.7543859649122807,1.27886436625534,126.93060917614878,459.1747385974133,1060.58379103609,3922.397329722718,39.46136097863821,74.9183369228771,252.06761978156024,385.97702756680184,124.15705092377183,37.820121083599815,0.02185098039297928,0.4257393160152945,0.05074332627865286,0.11967994443149993,0.046834258656931006,0.11706482031229438,0.022305062961895508,1.0223391118888592,0.1,egmIsoCut,muIsoCut
mu,0.26,0.26,0.1,0.24,0.1,2.0,150.0,3,2Mu2E_200GeV_0p25GeV_1p0mm_info,14.70924273858921,0.4034180497925311,4.2824377593361,0.062064315352697096,0.7559808612440191,1.281482351208769,126.93825894951149,459.1670888240506,1145.0014813915163,3837.979639367292,39.46136122599602,74.91833679258755,256.49481313651745,383.0492939370962,136.98535331376578,40.35011117309639,-0.07914945775528892,0.46215424503737457,-0.17801771865154534,0.11086296481926282,0.04247978044625031,0.11963770836985116,0.022882619087370076,0.9266557035390391,0.1,egmIsoCut,muIsoCut
mu,0.27,0.27,0.1,0.24,0.1,2.0,150.0,3,2Mu2E_200GeV_0p25GeV_1p0mm_info,14.74027489626556,0.37238589211618256,4.2824377593361,0.062064315352697096,0.7575757575757576,1.2694299113542404,130.00704645516865,456.0983013183934,1145.9839973075525,3836.9971234512545,39.57990236985986,74.85577830714529,256.4957161582562,383.04868926039705,136.22146113049521,40.17912987270186,-0.04780059885038246,0.44415433968848433,-0.11018515705057028,0.1134457782662022,0.04286724507293129,0.11886855440437437,0.02283456420741678,0.9543800615280923,0.1,egmIsoCut,muIsoCut
mu,0.28,0.28,0.1,0.24,0.1,2.0,150.0,3,2Mu2E_200GeV_0p25GeV_1p0mm_info,14.74027489626556,0.37238589211618256,4.2824377593361,0.062064315352697096,0.7575757575757576,1.2622577337254999,131.54265895310232,454.5626888204598,1194.1987540742127,3788.7823666845948,39.59116214245313,74.84982363229794,258.783677114945,381.50669615422584,143.275106380162,41.57754687538539,-0.08919119866082781,0.45537948755408325,-0.20435485826748515,0.11015139523829019,0.040852008585172045,0.11997593021375588,0.0231566772886262,0.9181124500725959,0.1,egmIsoCut,muIsoCut
mu,0.29,0.29,0.1,0.24,0.1,2.0,150.0,3,2Mu2E_200GeV_0p25GeV_1p0mm_info,14.74027489626556,0.37238589211618256,4.313469917012448,0.031032157676348548,0.7575757575757575,1.1227021506396224,167.53390031724336,418.57144745631877,1203.66376522167,3779.3173555371377,51.451062430429594,67.25135234592801,258.8906519792093,381.43411104596413,133.3095998729515,38.235097546638784,0.20428283696305338,0.334369765780944,0.5338993607516269,0.13918662765958553,0.05218613818291985,0.11075318849396522,0.021014130092403962,1.2567279511521205,0.1,egmIsoCut,muIsoCut
mu,0.3,0.3,0.1,0.24,0.1,2.0,150.0,3,2Mu2E_200GeV_0p25GeV_1p0mm_info,14.802339211618257,0.3103215767634855,4.313469917012448,0.031032157676348548,0.7607655502392344,1.1078492302262124,173.65846906416922,412.4468787093929,1215.8400536891554,3767.1410670696523,51.632848797888066,67.11188525582149,259.0148896822496,381.3497576694353,133.11671270755758,38.14383012227255,0.2334568338364822,0.31652686145414566,0.6315480102276024,0.14283002812520204,0.05224240872248134,0.10948538198231667,0.02098131362706613,1.304557974216786,0.1,egmIsoCut,muIsoCut
mu,0.31,0.31,0.1,0.24,0.1,2.0,150.0,3,2Mu2E_200GeV_0p25GeV_1p0mm_info,14.802339211618257,0.3103215767634855,4.344502074688797,0.0,0.7607655502392344,1.098461271181494,176.72190007880062,409.38344769476146,1220.9084352668651,3762.0726854919426,51.72350241886405,67.04204289176968,259.0347791388578,381.3362478812211,132.85753528278985,38.06947685065257,0.24821125608343708,0.3079312347441541,0.6829998718264041,0.1447462356504834,0.05232483421928906,0.10881859068632772,0.02095796101460681,1.3301609103514123,0.1,egmIsoCut,muIsoCut
mu,0.32,0.32,0.1,0.24,0.1,2.0,150.0,3,2Mu2E_200GeV_0p25GeV_1p0mm_info,14.833371369294605,0.27928941908713695,4.344502074688797,0.0,0.7623604465709728,1.1004305899591365,176.82188751051973,409.28346026304246,1237.2183200738914,3745.762800684916,51.72358502887766,67.04197915736515,259.2451325594407,381.193273807242,135.18554753335687,38.496898535648235,0.23547050969403194,0.3121127365988265,0.6457504996333583,0.14291890496736198,0.05142564042271419,0.10926571756978436,0.02107099357688589,1.307994018124527,0.1,egmIsoCut,muIsoCut
mu,0.33,0.33,0.1,0.24,0.1,2.0,150.0,3,2Mu2E_200GeV_0p25GeV_1p0mm_info,14.895435684647303,0.21722510373443984,4.344502074688797,0.0,0.7655502392344498,1.009979869871381,212.6018931741042,373.5034545994579,1293.558257658636,3689.4228631001715,61.278569317083814,58.43708719663802,261.6132306259798,379.57195406547476,130.9550289811922,36.09360761851313,0.384036392968757,0.24564740231415627,1.1480430842348204,0.16435432414069814,0.05787038910756601,0.10123628232888654,0.018956665640347627,1.6234725373138443,0.1,egmIsoCut,muIsoCut
mu,0.34,0.34,0.1,0.24,0.1,2.0,150.0,3,2Mu2E_200GeV_0p25GeV_1p0mm_info,14.895435684647303,0.21722510373443984,4.344502074688797,0.0,0.7655502392344498,1.0027293643106419,215.7580116046551,370.34733616890696,1364.827538128613,3618.153582630195,61.35499368245027,58.35684165376505,265.69406639300024,376.7267097448718,139.7011573810689,37.891698678069844,0.3525099886577989,0.25445110596280857,1.0546968860778179,0.1580844506555695,0.05447914304469971,0.10235810274800032,0.019332021517787595,1.544425369477238,0.1,egmIsoCut,muIsoCut
mu,0.35000000000000003,0.35000000000000003,0.1,0.24,0.1,2.0,150.0,3,2Mu2E_200GeV_0p25GeV_1p0mm_info,14.895435684647303,0.21722510373443984,4.344502074688797,0.0,0.7655502392344498,1.0024415459506535,215.8847134054883,370.2206343680738,1373.0075433546328,3609.9735774041746,61.35507020573567,58.35676119889938,265.79662967243564,376.6543540255695,140.80871031150804,38.09870888979209,0.34775969965491615,0.25594079373326795,1.0395231684946549,0.15723490701152515,0.0540685325951087,0.10255494297392849,0.019386005718434404,1.53317726529766,0.1,egmIsoCut,muIsoCut
mu,0.36,0.36,0.1,0.24,0.1,2.0,150.0,3,2Mu2E_200GeV_0p25GeV_1p0mm_info,14.895435684647303,0.21722510373443984,4.344502074688797,0.0,0.7655502392344498,0.9993822118595882,217.2382518408546,368.86709593270757,1381.8697942309905,3601.111326527817,61.36219554753027,58.34926884857065,265.899976263167,376.5814033843044,141.54694252304344,38.23963141426461,0.34842532876420607,0.2546733984839323,1.0468761909476887,0.1572060209636086,0.05372953112263367,0.10243146142565061,0.01942370849397491,1.5347435131316158,0.1,egmIsoCut,muIsoCut
mu,0.37,0.37,0.1,0.24,0.1,2.0,150.0,3,2Mu2E_200GeV_0p25GeV_1p0mm_info,14.926467842323651,0.18619294605809128,4.344502074688797,0.0,0.7671451355661881,0.9914911998798014,221.71855129648998,364.3867964770722,1382.8104920034798,3600.170628755328,61.445673151037184,58.2613548468625,265.90083447144707,376.5807974114361,139.9594456138974,37.93940191597488,0.36875175849972686,0.24471298126211088,1.1321664161943328,0.1603390721857005,0.054084098253355514,0.1012137573610088,0.01933838385809178,1.584162828910736,0.1,egmIsoCut,muIsoCut
mu,0.38,0.38,0.1,0.24,0.1,2.0,150.0,3,2Mu2E_200GeV_0p25GeV_1p0mm_info,14.926467842323651,0.18619294605809128,4.344502074688797,0.0,0.7671451355661881,0.9783570697447247,227.84312004341584,358.2622277301464,1412.5953472945296,3570.385773464278,61.59797073564761,58.100311693022974,266.2425198143968,376.3393035473779,141.74366248158626,38.279742786069185,0.37788921405844167,0.2377282409179798,1.187194965159383,0.16129397599941975,0.053157144508142906,0.10034272217663788,0.01940803767437084,1.6074307383796762,0.1,egmIsoCut,muIsoCut
mu,0.39,0.39,0.1,0.24,0.1,2.0,150.0,3,2Mu2E_200GeV_0p25GeV_1p0mm_info,14.9575,0.15516078838174274,4.344502074688797,0.0,0.7687400318979266,0.9801650123665138,227.94035223698683,358.16499553657525,1469.494979636634,3513.486141122173,61.59804004163677,58.10023821470127,268.5497280780313,374.69640283949934,149.80040953127903,39.93938571723475,0.34280873017370195,0.24948449580218787,1.0643879161435805,0.15511475397714544,0.05060302873850564,0.10194006213503402,0.01978986115739077,1.5216270299273902,0.1,egmIsoCut,muIsoCut
mu,0.4,0.4,0.1,0.24,0.1,2.0,150.0,3,2Mu2E_200GeV_0p25GeV_1p0mm_info,14.9575,0.15516078838174274,4.344502074688797,0.0,0.7687400318979266,0.9787713618340185,228.60384126211423,357.5015065114478,1476.6208209260742,3506.3602998327333,61.6015853398686,58.096479249529466,268.5854794390138,374.6707767976575,150.55331537161908,40.09105270857187,0.3414226351560008,0.2494995825282529,1.06193178817963,0.15481553424036346,0.05033245262854601,0.10195800657693449,0.019829827660798053,1.5184244910039923,0.1,egmIsoCut,muIsoCut
mu,0.41000000000000003,0.41000000000000003,0.1,0.24,0.1,2.0,150.0,3,2Mu2E_200GeV_0p25GeV_1p0mm_info,14.9575,0.15516078838174274,4.344502074688797,0.0,0.7687400318979266,0.9722175077334759,231.76236517325015,354.342982600312,1484.9509833410596,3498.0301374177484,61.677657848371986,58.01571114719941,268.6869691332975,374.5980023566695,150.42236338214218,40.08519751405924,0.3509629431435237,0.24443476790920368,1.105775987709524,0.1560740844467454,0.05022617074993179,0.10129786442088477,0.019817811037972612,1.5407440752972805,0.1,egmIsoCut,muIsoCut
mu,0.42,0.42,0.1,0.24,0.1,2.0,150.0,3,2Mu2E_200GeV_0p25GeV_1p0mm_info,14.988532157676348,0.12412863070539419,4.344502074688797,0.0,0.770334928229665,0.9679099441144094,234.85495782460288,351.2503899489592,1486.6209474131892,3496.3601733456185,61.7535744354168,57.934896755112604,268.68864553590527,374.59679992189683,149.34851147944255,39.89306100096086,0.36408193012905965,0.2383540102890334,1.1630612981647939,0.15797904518516626,0.05040631455109395,0.100461729494205,0.019758976710466877,1.5725296187965694,0.1,egmIsoCut,muIsoCut
mu,0.43,0.43,0.1,0.24,0.1,2.0,150.0,3,2Mu2E_200GeV_0p25GeV_1p0mm_info,14.988532157676348,0.12412863070539419,4.344502074688797,0.0,0.770334928229665,0.9677183577368956,234.949896735837,351.15545103772513,1510.8596853398833,3472.1214354189246,61.75364352457457,57.9348231119755,268.99276720547954,374.37847419794804,152.8018602253264,40.58425656370258,0.3496406580798489,0.24301797335051437,1.1116734382801747,0.1555074233667057,0.04936757732052864,0.10113570552446904,0.019933118418275848,1.537611494973769,0.1,egmIsoCut,muIsoCut
mu,0.44,0.44,0.1,0.24,0.1,2.0,150.0,3,2Mu2E_200GeV_0p25GeV_1p0mm_info,14.988532157676348,0.12412863070539419,4.344502074688797,0.0,0.770334928229665,0.9469655055561512,245.577566441,340.52778133256214,1558.329664542704,3424.6514562161037,62.26527444276722,57.38459563456904,271.0969600595019,372.85759882043675,154.9514016348288,41.1470627944576,0.3690327505055072,0.2316617064978425,1.2142951004602869,0.15759025322351505,0.04845740308190223,0.0994342886235819,0.019949288294952044,1.5848683125806649,0.1,egmIsoCut,muIsoCut
mu,0.45,0.45,0.1,0.24,0.1,2.0,150.0,3,2Mu2E_200GeV_0p25GeV_1p0mm_info,14.988532157676348,0.12412863070539419,4.344502074688797,0.0,0.770334928229665,0.921058148276583,259.8665328966794,326.23881487688266,1604.930471283159,3378.050649475649,62.85073618803115,56.742763223151485,273.1841028951653,371.33111460933173,154.99785800798688,41.39007530528951,0.40354821269111774,0.21489126597744312,1.3935063429735934,0.16191762668006007,0.047887258609785675,0.09657605783013419,0.01987100863822162,1.6765814459402966,0.1,egmIsoCut,muIsoCut
mu,0.46,0.46,0.1,0.24,0.1,2.0,150.0,3,2Mu2E_200GeV_0p25GeV_1p0mm_info,14.988532157676348,0.12412863070539419,4.344502074688797,0.0,0.770334928229665,0.9033580021911212,270.3438914276063,315.7614563459557,1720.1138358603885,3262.8672848984193,63.353380049514065,56.18100616647904,279.195474568048,366.8327108265666,166.46268526027833,44.24317474161231,0.38425579220141426,0.21818404981806663,1.3443410928535386,0.15716627922615498,0.04480264809538948,0.09677422609476012,0.02036771295483975,1.624051005814913,0.1,egmIsoCut,muIsoCut
mu,0.47000000000000003,0.47000000000000003,0.1,0.24,0.1,2.0,150.0,3,2Mu2E_200GeV_0p25GeV_1p0mm_info,14.988532157676348,0.12412863070539419,4.344502074688797,0.0,0.770334928229665,0.8865842185939959,280.85771161105424,305.24763616250783,1812.3309695152664,3170.650151243541,63.85212071222851,55.613513628677694,283.30779200839123,363.66611849191435,174.4783303107945,46.42105731723462,0.3787661043381968,0.21740749860146472,1.3475455778127958,0.1549704310831115,0.042757032045235455,0.09627288461415036,0.020726476653439914,1.6096996750872643,0.1,egmIsoCut,muIsoCut
mu,0.48,0.48,0.1,0.24,0.1,2.0,150.0,3,2Mu2E_200GeV_0p25GeV_1p0mm_info,14.988532157676348,0.12412863070539419,4.344502074688797,0.0,0.770334928229665,0.8863958048840795,280.97921090613204,305.12613686743003,1821.8221912890044,3161.1589294698038,63.85219413687527,55.61342932676345,283.4055221037503,363.5899624477354,175.8486617376762,46.74022897076379,0.3741577493559738,0.21885751136581094,1.3285595080656836,0.15422976635679753,0.042473832804130286,0.09652350409304047,0.02080281800428218,1.597846740086571,0.1,egmIsoCut,muIsoCut
mu,0.49,0.49,0.1,0.24,0.1,2.0,150.0,3,2Mu2E_200GeV_0p25GeV_1p0mm_info,15.019564315352698,0.09309647302904564,4.344502074688797,0.0,0.7719298245614036,0.8824896030749689,284.7010824254059,301.40426534815623,1876.1273066453837,3106.853814113424,63.9289378156736,55.52519362718025,285.51071342263776,361.939198308972,182.00816851771668,48.38412389003851,0.36070433253303713,0.22246185755339562,1.2808693165058382,0.15174934100525764,0.04116314800402722,0.09701269624562794,0.021145468684530676,1.5642214563446535,0.1,egmIsoCut,muIsoCut
mu,0.5,0.5,0.1,0.24,0.1,2.0,150.0,3,2Mu2E_200GeV_0p25GeV_1p0mm_info,15.019564315352698,0.09309647302904564,4.344502074688797,0.0,0.7719298245614036,0.871488907848345,292.0589799505956,294.04636782296654,1999.617945512686,2983.3631752461224,64.35039620299074,55.036194691259645,308.23908852133326,342.79004515764836,197.08642876277392,52.88239279710616,0.32518278055989625,0.23429178055598246,1.1402391548619326,0.14605739091610023,0.039275261843944295,0.09856204241667903,0.021646466894706066,1.4818827546067965,0.1,egmIsoCut,muIsoCut
mu,0.51,0.51,0.1,0.24,0.1,2.0,150.0,3,2Mu2E_200GeV_0p25GeV_1p0mm_info,15.019564315352698,0.09309647302904564,4.344502074688797,0.0,0.7719298245614036,0.8713847206991675,292.130001517886,293.97534625567613,2007.9468182884286,2975.03430247038,64.3504096689507,55.03617894634707,308.2716386295654,342.76077308858953,198.4134638982708,53.20034037218821,0.32080422117780083,0.23568806718211727,1.1224341238563882,0.14548692169392077,0.039063568653587656,0.09881410308834682,0.02172176259805996,1.4723295273332102,0.1,egmIsoCut,muIsoCut
mu,0.52,0.52,0.1,0.24,0.1,2.0,150.0,3,2Mu2E_200GeV_0p25GeV_1p0mm_info,15.019564315352698,0.09309647302904564,4.344502074688797,0.0,0.7719298245614036,0.8463970934265873,309.9284461639186,276.17690160964355,2157.5149955676234,2825.4661251911853,65.2569879798392,53.95814801654376,330.9729832059582,320.89442989773664,210.88761296399952,57.60095749861412,0.3195603192471632,0.23466447907110383,1.137848444384048,0.14365065679758074,0.03742269766722756,0.09774560705128116,0.02208924399373912,1.4696379830370894,0.1,egmIsoCut,muIsoCut
mu,0.53,0.53,0.1,0.24,0.1,2.0,150.0,3,2Mu2E_200GeV_0p25GeV_1p0mm_info,15.019564315352698,0.09309647302904564,4.344502074688797,0.0,0.7719298245614036,0.8463546110537534,309.96005506824724,276.1452927053149,2260.242498495247,2722.738622263561,65.25699454151295,53.958140080854065,334.59559213452206,317.1153425424154,229.23806245238035,62.21597314067986,0.26042708179959984,0.25403457468275803,0.8952930799012263,0.13713575214810034,0.03529449610466273,0.10142188840577736,0.023071044832204447,1.352131717361009,0.1,egmIsoCut,muIsoCut
mu,0.54,0.54,0.1,0.24,0.1,2.0,150.0,3,2Mu2E_200GeV_0p25GeV_1p0mm_info,15.019564315352698,0.09309647302904564,4.344502074688797,0.0,0.7719298245614036,0.8463478264338676,309.96510358873223,276.14024418482984,2310.75374296381,2672.227377794998,65.25699463924681,53.958139962654705,336.35470291946575,315.2488930600754,238.78660481338264,64.64328509233209,0.22963391024103996,0.2641916928759567,0.7749057594898847,0.13414025814415256,0.03433330994026881,0.10333710614576831,0.0235869308684779,1.2980841359630588,0.1,egmIsoCut,muIsoCut
mu,0.55,0.55,0.1,0.24,0.1,2.0,150.0,3,2Mu2E_200GeV_0p25GeV_1p0mm_info,15.019564315352698,0.09309647302904564,4.344502074688797,0.0,0.7719298245614036,0.8326535765658628,320.40809797718236,265.6972497963797,2327.042269892748,2655.93885086606,65.74123675238606,53.36708730896643,336.51672662467416,315.07593283756097,232.7947915927408,63.893212361054495,0.2734428590836705,0.24897474799761946,0.9556976466244095,0.1376889892042871,0.03456272048317312,0.1000389183319262,0.023336462351281617,1.3763542379320723,0.1,egmIsoCut,muIsoCut
mu,0.56,0.56,0.1,0.24,0.1,2.0,150.0,3,2Mu2E_200GeV_0p25GeV_1p0mm_info,15.050596473029046,0.062064315352697096,4.344502074688797,0.0,0.773524720893142,0.8326616110095993,321.7373693097741,264.367978463788,2422.976226546414,2560.0048942123926,65.74788037475466,53.358902198256224,339.9507400682773,311.3677007633828,250.21722744595206,68.62336723801607,0.22229354960306547,0.26598913253264367,0.7525538771131098,0.13278601984814437,0.03291511310691578,0.10326854415843727,0.02433524394888245,1.2858322050557875,0.1,egmIsoCut,muIsoCut
mu,0.5700000000000001,0.5700000000000001,0.1,0.24,0.1,2.0,150.0,3,2Mu2E_200GeV_0p25GeV_1p0mm_info,15.050596473029046,0.062064315352697096,4.344502074688797,0.0,0.773524720893142,0.8279186765343619,325.49100371864705,260.61434405491514,2431.4251330183297,2551.555987740478,65.82242038308584,53.26692400062581,340.0309436781047,311.2801119458526,248.3442531556386,68.56094249663472,0.23701653711355342,0.2611040542457294,0.8117026668690163,0.1338684047057571,0.032914353903766055,0.10213937899348284,0.02431223559115857,1.31064439616672,0.1,egmIsoCut,muIsoCut
mu,0.58,0.58,0.1,0.24,0.1,2.0,150.0,3,2Mu2E_200GeV_0p25GeV_1p0mm_info,15.050596473029046,0.062064315352697096,4.344502074688797,0.0,0.773524720893142,0.8231748824425926,329.3104154020327,256.79493237152946,2452.0961112682503,2530.8850094905574,65.89693436732027,53.1747144662311,340.2062711738362,311.0884822773726,248.8006577542495,69.14506099793357,0.24447983993914768,0.25873477678243184,0.8428864653283863,0.13429751545575014,0.032701213162180685,0.10146448037290315,0.02443311174741853,1.3235914180231223,0.1,egmIsoCut,muIsoCut
mu,0.59,0.59,0.1,0.24,0.1,2.0,150.0,3,2Mu2E_200GeV_0p25GeV_1p0mm_info,15.081628630705394,0.031032157676348548,4.344502074688797,0.0,0.7751196172248803,0.821066709990125,332.4057632915335,253.6995844820286,2526.670817699921,2456.3103030588877,65.96799560729846,53.086530995456584,343.4181269605824,307.53916958093356,260.9667580578355,72.85360521872178,0.21491506202027877,0.268907038593893,0.7268750772818383,0.13155879308177118,0.03164484615182583,0.10328482690728932,0.02518569437658208,1.273747529246103,0.1,egmIsoCut,muIsoCut
mu,0.6,0.6,0.1,0.24,0.1,2.0,150.0,3,2Mu2E_200GeV_0p25GeV_1p0mm_info,15.081628630705394,0.031032157676348548,4.344502074688797,0.0,0.7751196172248803,0.8084316492079617,343.0334329966965,243.07191477686564,2534.9744197310624,2448.0067010277457,66.44718472077986,52.48550142904878,343.49750610162056,307.4505066732076,251.707271003675,71.53027753508383,0.26623108189545186,0.2523567934360149,0.9354219184504861,0.13532027397463411,0.03198905521261273,0.09929381103197832,0.024803060226640774,1.3628268727751138,0.1,egmIsoCut,muIsoCut
mu,0.61,0.61,0.1,0.24,0.1,2.0,150.0,3,2Mu2E_200GeV_0p25GeV_1p0mm_info,15.081628630705394,0.031032157676348548,4.344502074688797,0.0,0.7751196172248803,0.807591498309257,343.75784654814436,242.34750122541777,2618.104852669737,2364.8762680890713,66.45048415399314,52.481324042710916,346.7580831661248,303.7683039926974,268.29782917283416,76.32921779713067,0.21951503982540155,0.2684508411786619,0.7456386460448502,0.13130025949786053,0.030767224111264962,0.10247787780510212,0.025802260451102597,1.2812546698866496,0.1,egmIsoCut,muIsoCut
mu,0.62,0.62,0.1,0.24,0.1,2.0,150.0,3,2Mu2E_200GeV_0p25GeV_1p0mm_info,15.081628630705394,0.031032157676348548,4.344502074688797,0.0,0.7751196172248803,0.806720704453273,344.51107197875046,241.5942757948116,2707.1979805412257,2275.783140217583,66.4538346763432,52.477081420229226,350.0642554415877,299.95227589363566,287.3927326307119,81.93129480916423,0.16579536622718938,0.28714228774452144,0.5414401324759298,0.12725743534644463,0.029552376228839487,0.10615874224804797,0.026971966472728884,1.1987466378331608,0.1,egmIsoCut,muIsoCut
mu,0.63,0.63,0.1,0.24,0.1,2.0,150.0,3,2Mu2E_200GeV_0p25GeV_1p0mm_info,15.081628630705394,0.031032157676348548,4.344502074688797,0.0,0.7751196172248803,0.8058469135082726,345.2693459298416,240.83600184372045,2722.723031013317,2260.2580897454914,66.45718512574129,52.472838333170735,350.21930091706463,299.7712328039624,290.1127671623109,82.87579728187592,0.1597494229294787,0.2894345524554577,0.5192152022880288,0.1268103079149195,0.029356930804406,0.10655243440400161,0.02717832658894904,1.1901211701471657,0.1,egmIsoCut,muIsoCut
mu,0.64,0.64,0.1,0.24,0.1,2.0,150.0,3,2Mu2E_200GeV_0p25GeV_1p0mm_info,15.112660788381742,0.0,4.344502074688797,0.0,0.7767145135566188,0.8074874600312595,345.2743944503266,240.83095332323546,2747.525466305712,2235.4556544530956,66.45718522171012,52.47283821162561,350.45328016034296,299.49766138736555,295.99745180011365,84.60141494395778,0.14271820743806196,0.2954068385396076,0.4580393867648021,0.12566740460993003,0.02901713876135612,0.10773237789060718,0.027555567087155855,1.1664775907715905,0.1,egmIsoCut,muIsoCut
mu,0.65,0.65,0.1,0.24,0.1,2.0,150.0,3,2Mu2E_200GeV_0p25GeV_1p0mm_info,15.112660788381742,0.0,4.344502074688797,0.0,0.7767145135566188,0.8066901807307801,345.9670451121754,240.13830266138666,2773.521159250531,2209.459961508276,66.46047770974693,52.46866798545923,350.69861457571193,299.2103482273318,301.4440972821264,86.35574007188615,0.12869129721766714,0.3005316596583454,0.40858247881207027,0.1247392845582846,0.028687607295514853,0.10868642421447525,0.027938680079528405,1.147698854386189,0.1,egmIsoCut,muIsoCut
mu,0.66,0.66,0.1,0.24,0.1,2.0,150.0,3,2Mu2E_200GeV_0p25GeV_1p0mm_info,15.112660788381742,0.0,4.344502074688797,0.0,0.7767145135566188,0.8066783989616563,345.9772961384158,240.12805163514628,2792.712359222599,2190.268761536209,66.46047790752363,52.468667734941455,350.8673520896458,299.0124612608067,306.17638774483754,87.76397166961478,0.11503907579431172,0.30536395486519674,0.36153509063048866,0.12388576109382232,0.02843577702056244,0.10963405763351411,0.028246643278345283,1.1299933959203532,0.1,egmIsoCut,muIsoCut
mu,0.67,0.67,0.1,0.24,0.1,2.0,150.0,3,2Mu2E_200GeV_0p25GeV_1p0mm_info,15.112660788381742,0.0,4.344502074688797,0.0,0.7767145135566188,0.805671974498102,346.8546221169775,239.25072565658468,2804.5580422141193,2178.4230785446885,66.46389851639624,52.46433466249527,350.94818440552325,298.91758498641684,308.01755331843066,88.51082597845028,0.11196929872668371,0.3067134123550237,0.35087284159033566,0.12367532313331822,0.028304240405678156,0.10982748393228457,0.028410094279544305,1.1260871933438055,0.1,egmIsoCut,muIsoCut
mu,0.68,0.68,0.1,0.24,0.1,2.0,150.0,3,2Mu2E_200GeV_0p25GeV_1p0mm_info,15.112660788381742,0.0,4.344502074688797,0.0,0.7767145135566188,0.8049135258604758,347.51795715683454,238.58739061672765,2839.2914903370283,2143.6896304217794,66.46718426888901,52.46017187297116,352.47170595730495,297.11958409231806,316.0061691143724,91.02286407947285,0.09067671869468563,0.31440664089992665,0.27958834976825336,0.1223960126459519,0.02790851802129051,0.11129754383790373,0.02892814298412315,1.099718901472006,0.1,egmIsoCut,muIsoCut
mu,0.6900000000000001,0.6900000000000001,0.1,0.24,0.1,2.0,150.0,3,2Mu2E_200GeV_0p25GeV_1p0mm_info,15.112660788381742,0.0,4.344502074688797,0.0,0.7767145135566188,0.8049107316516564,347.52040442444184,238.58494334912035,2842.5816105842123,2140.3995101745963,66.46718431394221,52.46017181588863,352.4850224674575,297.1037860542354,316.8554138153226,91.28043641951143,0.08823939607202669,0.31527974322563707,0.2715736718171653,0.1222552074249924,0.027867025486209684,0.11146748175515071,0.02898475703620103,1.0967791278674257,0.1,egmIsoCut,muIsoCut
mu,0.7000000000000001,0.7000000000000001,0.1,0.24,0.1,2.0,150.0,3,2Mu2E_200GeV_0p25GeV_1p0mm_info,15.112660788381742,0.0,4.344502074688797,0.0,0.7767145135566188,0.793272109408263,357.93943968192605,228.16590809163617,2975.5554716943257,2007.4256490644818,66.9426666195942,51.85205495864161,371.2089036721196,273.3501428318411,338.20446430609724,99.0371310923016,0.055134956330506135,0.3283021972858521,0.16509177202633515,0.12029331769711891,0.027043429093611453,0.11366095087903656,0.030112084951803127,1.0583522024652146,0.1,egmIsoCut,muIsoCut
mu,0.71,0.71,0.1,0.24,0.1,2.0,150.0,3,2Mu2E_200GeV_0p25GeV_1p0mm_info,15.112660788381742,0.0,4.344502074688797,0.0,0.7767145135566188,0.7931655254112753,358.03697984603775,228.06836792752435,2988.2951077699486,1994.686012988859,66.94273040381842,51.851972611057015,371.296137595338,273.2316397462577,341.6756239713524,100.13534853485461,0.04569739103966575,0.33174775999529715,0.1358342451247213,0.11981312652659235,0.02689703648398775,0.11433797923202171,0.030348654555885472,1.0478856398490315,0.1,egmIsoCut,muIsoCut
mu,0.72,0.72,0.1,0.24,0.1,2.0,150.0,3,2Mu2E_200GeV_0p25GeV_1p0mm_info,15.112660788381742,0.0,4.344502074688797,0.0,0.7767145135566188,0.7930589843699967,358.1345200101496,227.97082776341256,2999.4170447155225,1983.5640760432857,66.94279418798186,51.85189026334163,371.3821394101209,273.1147328117003,344.72271138094794,101.10577104261056,0.03744908094539878,0.33477113602201825,0.11060475936726466,0.11940137522427015,0.026771032461234495,0.11492990345850453,0.03055743508895979,1.0389060778022845,0.1,egmIsoCut,muIsoCut
mu,0.73,0.73,0.1,0.24,0.1,2.0,150.0,3,2Mu2E_200GeV_0p25GeV_1p0mm_info,15.112660788381742,0.0,4.344502074688797,0.0,0.7767145135566188,0.7929581654689076,358.226857668506,227.87849010505613,3003.9581147122076,1979.0230060465997,66.94285787100554,51.851808045992684,371.39594355108466,273.0959609101615,345.8966557882098,101.49788027780804,0.03442009334684304,0.3359122286504561,0.10141132606609549,0.11925161536509164,0.026720662609339252,0.11514696363246336,0.030642473817829575,1.035647068781856,0.1,egmIsoCut,muIsoCut
mu,0.74,0.74,0.1,0.24,0.1,2.0,150.0,3,2Mu2E_200GeV_0p25GeV_1p0mm_info,15.112660788381742,0.0,4.344502074688797,0.0,0.7767145135566188,0.792822894810124,358.3508042311911,227.754543542371,3008.4993386941633,1974.481782064644,66.94292795038902,51.851717570444535,371.40974718003815,273.0771877167793,347.0274579668828,101.8866093181202,0.0315984954703854,0.33699429202279485,0.09288224423692112,0.11911280804426999,0.026671198317195107,0.11534902251881825,0.03072684306791734,1.0326295398371297,0.1,egmIsoCut,muIsoCut
mu,0.75,0.75,0.1,0.24,0.1,2.0,150.0,3,2Mu2E_200GeV_0p25GeV_1p0mm_info,15.112660788381742,0.0,4.344502074688797,0.0,0.7767145135566188,0.79206573913616,359.04574817537684,227.0595995981853,3018.0566874999768,1964.9244332588303,66.9461965879898,51.84749733572821,371.4843024512219,272.97575676966994,348.75577474083025,102.62609862534356,0.028659226538230498,0.3383792346214152,0.0839783541309101,0.11896587286198203,0.02657929571240594,0.11555640296131214,0.030886335575969426,1.0295048116183694,0.1,egmIsoCut,muIsoCut
mu,0.0,0.0,0.2,0.24,0.2,2.0,150.0,3,2Mu2E_200GeV_0p25GeV_1p0mm_info,1.0861255186721992,16.47807572614108,0.15516078838174274,1.7378008298755188,0.055821371610845306,3.3124820511653987,0.0026012528776915727,1392.948003371144,0.6660902805405856,4175.469773627808,0.0026012528776915727,233.53234696096118,0.6608980106962666,406.38468610317886,0.22220951812514272,0.22464608547805887,-84.4240354833698,121.47197508339208,-0.9775088829433023,0.0039052557193605163,0.005501381948824915,0.33360270314228563,0.06467086035229606,0.011706307180894986,0.2,egmIsoCut,muIsoCut
mu,0.01,0.01,0.2,0.24,0.2,2.0,150.0,3,2Mu2E_200GeV_0p25GeV_1p0mm_info,2.203283195020747,15.36091804979253,0.341353734439834,1.5516078838174274,0.11323763955342903,0.6739395737317331,9.978190607801608,1382.97241401622,4.485348031889886,4171.6505158764585,5.343692248393231,233.47120172949752,3.201830621126471,406.37261000962326,1.4869684245499148,1.1003160321034455,0.8509781499476163,0.13612146209088416,1.556366401388983,2.224619034433618,1.9852412896718827,0.33151684417304533,0.0646151160615483,6.710425348017641,0.2,egmIsoCut,muIsoCut
mu,0.02,0.02,0.2,0.24,0.2,2.0,150.0,3,2Mu2E_200GeV_0p25GeV_1p0mm_info,4.189341286307054,13.374859958506224,0.6516753112033195,1.241286307053942,0.21531100478468898,1.1711997880986253,11.471283137064212,1381.4793214869576,120.73714144330776,4055.398722465041,5.425760088739097,233.46930892800603,115.97915718825767,389.48399836612185,41.12933786643552,40.30931249854621,-2.585417374412532,3.9017482051273107,-0.7291858158749004,0.09501039199648903,0.10173006538812485,0.34065191021395713,0.06621687589464469,0.27890755679841855,0.2,egmIsoCut,muIsoCut
mu,0.03,0.03,0.2,0.24,0.2,2.0,150.0,3,2Mu2E_200GeV_0p25GeV_1p0mm_info,6.1443672199170125,11.419834024896266,0.8689004149377594,1.024061203319502,0.3157894736842105,0.519155320454106,138.04146661698536,1254.9091380070363,121.52977955715943,4054.6060843511887,116.33479055303349,202.49339147449504,115.98108068852854,389.4834255878943,37.61372319122939,36.58473886801877,0.7275186644054302,0.35067267209117725,0.8235039890720282,1.135865358433074,1.4461676604279825,0.3095021099214487,0.05812116628311992,3.6699761391654335,0.2,egmIsoCut,muIsoCut
mu,0.04,0.04,0.2,0.24,0.2,2.0,150.0,3,2Mu2E_200GeV_0p25GeV_1p0mm_info,8.347650414937759,9.21655082987552,1.1792219917012448,0.7137396265560166,0.4290271132376396,0.7032028443991619,138.1629659171341,1254.7876387068877,172.86399734223403,4003.2718665661146,116.33483085328477,202.4933683215302,120.99554344831643,387.9549308244533,54.18258221581946,39.272427526767174,0.6078357043354403,0.43569833939803504,0.6839637946737304,0.7992581916499406,0.8751452805532218,0.3134405257825286,0.059001674122783794,2.549951668357276,0.2,egmIsoCut,muIsoCut
mu,0.05,0.05,0.2,0.24,0.2,2.0,150.0,3,2Mu2E_200GeV_0p25GeV_1p0mm_info,10.24061203319502,7.323589211618257,1.241286307053942,0.6516753112033195,0.5263157894736843,0.8587550521899009,138.83150346781747,1254.1191011562044,181.60474893872683,3994.531114969621,116.33670814421404,202.4922897841526,121.22236257900641,387.8841176126237,57.016450228969205,39.54591553903985,0.5893118722712227,0.44673707490185544,0.6658431523117178,0.7644706665388966,0.8190045167653295,0.3139590267444298,0.059153621305094314,2.434937687461982,0.2,egmIsoCut,muIsoCut
mu,0.06,0.06,0.2,0.24,0.2,2.0,150.0,3,2Mu2E_200GeV_0p25GeV_1p0mm_info,11.637059128630705,5.927142116182573,1.303350622406639,0.5896109958506224,0.5980861244019139,0.9516267433260848,145.70933943617501,1247.241265187847,188.96280045806105,3987.173063450287,116.41910602399659,202.44492790987553,121.44515466355631,387.81441991512474,59.11010095779587,39.60206234842138,0.5943286738755147,0.4229954219476842,0.7042280355257077,0.7711006562295004,0.7906796884609485,0.31281342578808224,0.05919242448660274,2.4650497474232074,0.2,egmIsoCut,muIsoCut
mu,0.07,0.07,0.2,0.24,0.2,2.0,150.0,3,2Mu2E_200GeV_0p25GeV_1p0mm_info,12.474927385892116,5.089273858921162,1.4895435684647302,0.4034180497925311,0.6411483253588518,0.9725758894493357,160.41763869846207,1232.53296592556,189.72872418505037,3986.4071397232974,116.88257796252206,202.17769425111223,121.44698811590003,387.81384575971015,58.66106971635223,39.18060904138637,0.6343228201568422,0.36144543043505956,0.82544553409404,0.8455105540160595,0.8200222150544927,0.30918391492021857,0.05896538667368246,2.7346524615752856,0.2,egmIsoCut,muIsoCut
mu,0.08,0.08,0.2,0.24,0.2,2.0,150.0,3,2Mu2E_200GeV_0p25GeV_1p0mm_info,13.281763485477178,4.2824377593361,1.5205757261410788,0.37238589211618256,0.6826156299840511,1.0301362324893069,161.86596206232755,1231.0846425616942,379.7735013242841,3796.362362584064,116.88635491732947,202.1755106782257,174.31560432836284,367.1008307985661,123.1529765809748,61.2059745615757,0.2391669316273305,0.6669582456811222,0.29340995858125396,0.42621710440010957,0.3646920940557685,0.3242800673336498,0.0618011218779486,1.314348760022852,0.2,egmIsoCut,muIsoCut
mu,0.09,0.09,0.2,0.24,0.2,2.0,150.0,3,2Mu2E_200GeV_0p25GeV_1p0mm_info,13.933438796680498,3.63076244813278,1.5516078838174274,0.341353734439834,0.7161084529505581,1.0681050940147565,165.59043483447905,1227.3601697895426,380.5031173865583,3795.6327465217905,116.92829583455615,202.15125702574244,174.31686210139864,367.1002335500234,123.03992560633667,61.070122744917114,0.25696236180957577,0.6413306872485314,0.3225580217461389,0.4351881161232471,0.3663070974390062,0.3233611499727576,0.0617624190700491,1.3458268445665493,0.2,egmIsoCut,muIsoCut
mu,0.1,0.1,0.2,0.24,0.2,2.0,150.0,3,2Mu2E_200GeV_0p25GeV_1p0mm_info,14.460985477178424,3.103215767634855,1.6136721991701244,0.27928941908713695,0.7432216905901116,1.0845167796396755,173.0408240045633,1219.9097806194586,389.9653315088454,3786.1705323995025,117.15929026345138,202.0174690189579,174.47565019074665,367.0247912278897,125.6474102101943,61.16836748812601,0.2738857380447932,0.6055163683029227,0.3585898857544287,0.4437338656106621,0.36010608264081523,0.3222014883324168,0.061826173739235164,1.3771937178417368,0.2,egmIsoCut,muIsoCut
mu,0.11,0.11,0.2,0.24,0.2,2.0,150.0,3,2Mu2E_200GeV_0p25GeV_1p0mm_info,14.988532157676348,2.5756690871369297,1.6136721991701244,0.27928941908713695,0.770334928229665,1.1231402049483776,173.16752580539648,1219.7830788186252,432.799651563845,3743.336212344503,117.15933033784758,202.01744577795347,177.6736827620992,365.4873627625348,141.0297289768504,63.93023019095338,0.18558789633953732,0.6632497056936364,0.24079246788304023,0.40011013220478864,0.3166361042577233,0.3258545344647678,0.06264726654300408,1.227879590081474,0.2,egmIsoCut,muIsoCut
mu,0.12,0.12,0.2,0.24,0.2,2.0,150.0,3,2Mu2E_200GeV_0p25GeV_1p0mm_info,15.454014522821577,2.110186721991701,1.6757365145228216,0.21722510373443984,0.7942583732057417,1.1018529286061276,191.6294594765564,1201.3211451474654,443.974513504813,3732.1613504035354,117.6615685781301,201.72533892299018,177.85335778506632,365.3999630677827,142.90806878492066,63.631454789950716,0.2542479158722265,0.5656226913720127,0.3642298928306294,0.4316226577147407,0.3164350997901846,0.32188349654753645,0.06256682898800639,1.3409282002471279,0.2,egmIsoCut,muIsoCut
mu,0.13,0.13,0.2,0.24,0.2,2.0,150.0,3,2Mu2E_200GeV_0p25GeV_1p0mm_info,15.857432572614108,1.7067686721991702,1.6757365145228216,0.21722510373443984,0.8149920255183413,1.109690340643646,198.9849097366743,1193.9656948873476,467.4523762288061,3708.683487679542,117.89109005992995,201.59128941584444,178.31122265845178,365.176748656603,150.49062640823402,64.50231545623429,0.24370834649026873,0.5530355565585322,0.36086553507841435,0.4256795341206614,0.29995107324071335,0.321937878725367,0.06292462344687189,1.3222412218345778,0.2,egmIsoCut,muIsoCut
mu,0.14,0.14,0.2,0.24,0.2,2.0,150.0,3,2Mu2E_200GeV_0p25GeV_1p0mm_info,16.136721991701243,1.4274792531120333,1.6757365145228216,0.21722510373443984,0.8293460925039873,1.1187430069836901,202.74099141568993,1190.2096132083318,539.8640109953943,3636.2718529129543,117.9326772901483,201.56696334230716,182.0366747274035,363.33400465625186,176.70607746150503,68.9746372957343,0.12841465247057127,0.6105618845150106,0.1905614163063228,0.3755408534121004,0.2524969287327443,0.3273159052326837,0.06436125819444795,1.1473345700849287,0.2,egmIsoCut,muIsoCut
mu,0.15,0.15,0.2,0.24,0.2,2.0,150.0,3,2Mu2E_200GeV_0p25GeV_1p0mm_info,16.353947095435686,1.2102541493775933,1.7067686721991702,0.18619294605809128,0.8405103668261562,1.131787165353703,203.41197622890965,1189.538628395112,580.4820318447803,3595.653832063568,117.93452917182923,201.5658798330715,182.80450947965633,362.9482899798014,192.03900937603942,71.35885922084157,0.05591099926226406,0.6501355868065699,0.08250678396045664,0.3504190742691267,0.23120234895488664,0.3308267936661824,0.06525087290864062,1.059222169963397,0.2,egmIsoCut,muIsoCut
mu,0.16,0.16,0.2,0.24,0.2,2.0,150.0,3,2Mu2E_200GeV_0p25GeV_1p0mm_info,16.47807572614108,1.0861255186721992,1.7378008298755188,0.15516078838174274,0.8468899521531101,0.9142814748611655,319.38120436010456,1073.5694002639173,587.845131876993,3588.290732031355,165.37668131570936,164.88756884878728,182.95232466648906,362.87380283576186,175.87553317341738,63.57779549697565,0.4493240968084131,0.3477541930908972,0.8099579216043602,0.5433084107379073,0.32823276228788234,0.29918684979468274,0.05501788271404633,1.8159501699715517,0.2,egmIsoCut,muIsoCut
mu,0.17,0.17,0.2,0.24,0.2,2.0,150.0,3,2Mu2E_200GeV_0p25GeV_1p0mm_info,16.602204356846475,0.9619968879668049,1.7688329875518671,0.12412863070539419,0.8532695374800638,0.9210964975169709,319.3914553863449,1073.5591492376768,611.4127310064649,3564.723132901883,165.37668139519056,164.88756876907036,183.39748327302155,362.6490218027364,184.1342810817537,64.81774778829953,0.4234840100558742,0.3609637749906987,0.7614742303791406,0.5223827362256344,0.3125915480235204,0.3011620003048427,0.05548195951852228,1.734557267174701,0.2,egmIsoCut,muIsoCut
mu,0.18,0.18,0.2,0.24,0.2,2.0,150.0,3,2Mu2E_200GeV_0p25GeV_1p0mm_info,16.788397302904563,0.7758039419087137,1.7688329875518671,0.12412863070539419,0.8628389154704945,0.9311120454873647,319.5499200767772,1073.4006845472445,653.6545418140697,3522.4813220942788,165.37671237701872,164.8875376953337,186.4413924652171,361.0935572133497,199.18721165098594,67.68292103988423,0.3766632405881125,0.3859146439466866,0.673580545946766,0.488866671361204,0.2888838708334476,0.3047285667107691,0.05627608869660588,1.604269257188507,0.2,egmIsoCut,muIsoCut
mu,0.19,0.19,0.2,0.24,0.2,2.0,150.0,3,2Mu2E_200GeV_0p25GeV_1p0mm_info,16.819429460580913,0.7447717842323651,1.7688329875518671,0.12412863070539419,0.8644338118022329,0.8755843554048618,363.4360001756725,1029.514604448349,687.7283113523589,3488.4075525559892,168.77114828464295,161.41145123734043,187.04790597759597,360.77975380383555,202.965487765636,67.08622356978566,0.44153719590924,0.3183217284939501,0.8835718160397392,0.5284586866301996,0.28439638112867394,0.29512451998162137,0.055431143262991776,1.790629550750676,0.2,egmIsoCut,muIsoCut
mu,0.2,0.2,0.2,0.24,0.2,2.0,150.0,3,2Mu2E_200GeV_0p25GeV_1p0mm_info,16.88149377593361,0.682707468879668,1.7998651452282157,0.09309647302904564,0.8676236044657097,0.8707805736184634,370.25582083732485,1022.6947837866969,699.5903134788797,3476.545550429468,168.82795200932853,161.35203656662387,187.21975343031139,360.6906067682567,205.79835759498866,67.40415342544523,0.4441725260940381,0.3120501467646841,0.9046755255704628,0.529246637215629,0.2798166089581896,0.2941698214367881,0.055547358276173804,1.7991194155494117,0.2,egmIsoCut,muIsoCut
mu,0.21,0.21,0.2,0.24,0.2,2.0,150.0,3,2Mu2E_200GeV_0p25GeV_1p0mm_info,16.943558091286306,0.620643153526971,1.7998651452282157,0.09309647302904564,0.8708133971291865,0.8619898005059444,380.7645925002878,1012.1860121237339,708.3600727128784,3467.7757911954704,169.01573868329345,161.1553199903805,187.36642329673936,360.61443857165074,206.75851044561125,67.35617373275804,0.45699123679559317,0.2989812004489027,0.9563780713291513,0.5375297213492497,0.2777516123414921,0.2918833491754656,0.055506514479021656,1.8415909056398891,0.2,egmIsoCut,muIsoCut
mu,0.22,0.22,0.2,0.24,0.2,2.0,150.0,3,2Mu2E_200GeV_0p25GeV_1p0mm_info,17.005622406639006,0.5585788381742739,1.7998651452282157,0.09309647302904564,0.8740031897926636,0.852040300957825,392.72153353804254,1000.2290710859793,752.6137084752215,3423.522155433127,169.20592601789102,160.95562023206665,190.35031836287376,359.04833405060157,219.88644335777818,69.83326054967124,0.4400957814133255,0.2996914854176141,0.9441956847035241,0.5218102316176084,0.26069830174974773,0.2921637499843886,0.05611826634009143,1.7860197633877943,0.2,egmIsoCut,muIsoCut
mu,0.23,0.23,0.2,0.24,0.2,2.0,150.0,3,2Mu2E_200GeV_0p25GeV_1p0mm_info,17.036654564315352,0.5275466804979253,1.8308973029045643,0.062064315352697096,0.875598086124402,0.8451169628751191,400.74307407363005,992.2075305503918,753.620337507494,3422.5155264008545,169.36689930740613,160.78622609805922,190.351537372548,359.04768778710616,218.4790012734292,69.4555497384101,0.4548152783963343,0.2883204939468766,0.99567800028521,0.5317572445019706,0.2618147121431027,0.2899059253045392,0.05596420950334171,1.8342406901251584,0.2,egmIsoCut,muIsoCut
mu,0.24,0.24,0.2,0.24,0.2,2.0,150.0,3,2Mu2E_200GeV_0p25GeV_1p0mm_info,17.09871887966805,0.4654823651452282,1.8308973029045643,0.062064315352697096,0.8787878787878789,0.8398368268052377,408.8515957765482,984.0990088474737,757.1488643484173,3418.9869995599306,169.52774485130985,160.61662681519138,190.35732077465818,359.0446216180569,217.93281081535946,69.21722660233152,0.4669635313482611,0.2784085337949072,1.042623421136982,0.5399883893749154,0.2618459746253162,0.2878335041853451,0.05586213015685874,1.8760442461458546,0.2,egmIsoCut,muIsoCut
mu,0.25,0.25,0.2,0.24,0.2,2.0,150.0,3,2Mu2E_200GeV_0p25GeV_1p0mm_info,17.1297510373444,0.4344502074688797,1.8308973029045643,0.062064315352697096,0.8803827751196173,0.8382483234135263,411.92527781741995,981.0253268066017,775.5891223948188,3400.5467415135295,169.55537717261623,160.5874564083793,190.64694601403787,358.8909191674823,223.75007023910814,70.17204668748697,0.45681879144527227,0.28108494288553104,1.025464386950167,0.53111275793232,0.2546299801969784,0.28849046973251213,0.056188343433275216,1.841006250309644,0.2,egmIsoCut,muIsoCut
mu,0.26,0.26,0.2,0.24,0.2,2.0,150.0,3,2Mu2E_200GeV_0p25GeV_1p0mm_info,17.16078319502075,0.4034180497925311,1.8308973029045643,0.062064315352697096,0.8819776714513557,0.8397489369350928,411.93292759078264,981.017677033239,860.0068127502452,3316.129051158103,169.5553772301849,160.58745634759575,196.4631320326418,355.7403373772569,254.41768781054026,76.53304809935435,0.3823807936439576,0.3148723702929261,0.846729683428673,0.47898798182010704,0.22548515972134606,0.295832177185817,0.05789857364084821,1.6191206324362981,0.2,egmIsoCut,muIsoCut
mu,0.27,0.27,0.2,0.24,0.2,2.0,150.0,3,2Mu2E_200GeV_0p25GeV_1p0mm_info,17.191815352697095,0.37238589211618256,1.8308973029045643,0.062064315352697096,0.8835725677830942,0.838090998204353,415.09405275479617,977.8565518692254,860.8969910079248,3315.238872900423,169.58303015252602,160.5582541264968,196.46428928289185,355.739698265358,253.92853891252213,76.4123229985144,0.388262642581096,0.31039816479322424,0.8664656388640636,0.48216459935445993,0.2256330415268486,0.29495809785004184,0.05785535830378626,1.634688462086553,0.2,egmIsoCut,muIsoCut
mu,0.28,0.28,0.2,0.24,0.2,2.0,150.0,3,2Mu2E_200GeV_0p25GeV_1p0mm_info,17.191815352697095,0.37238589211618256,1.8308973029045643,0.062064315352697096,0.8835725677830942,0.836565770852989,416.62966525272986,976.3209393712918,909.1117477745851,3267.024116133763,169.58565848530625,160.55547801294838,199.44211214542233,354.0787960162717,271.6799154305413,80.09625501181624,0.3479102951880808,0.32773647992541216,0.7728624979891418,0.45828212678210106,0.21190834716176077,0.2988410567739188,0.05885710349008297,1.5335313418089123,0.2,egmIsoCut,muIsoCut
mu,0.29,0.29,0.2,0.24,0.2,2.0,150.0,3,2Mu2E_200GeV_0p25GeV_1p0mm_info,17.191815352697095,0.37238589211618256,1.861929460580913,0.031032157676348548,0.883572567783094,0.8030416317887098,452.62350786974866,940.3270967542733,918.5741576691648,3257.5617062391825,172.73982539093694,157.15695914521214,199.5808964589262,354.00058708144985,265.155428730696,78.18671747194654,0.41418104866307637,0.2825318919834736,0.9886999977595965,0.4927457452300398,0.21639192947774882,0.28865979574639283,0.057545276049407824,1.707012034550701,0.2,egmIsoCut,muIsoCut
mu,0.3,0.3,0.2,0.24,0.2,2.0,150.0,3,2Mu2E_200GeV_0p25GeV_1p0mm_info,17.25387966804979,0.3103215767634855,1.861929460580913,0.031032157676348548,0.8867623604465709,0.8004841717145366,458.87217716463,934.0784274593918,930.6263455886944,3245.5095183196536,172.79408528438617,157.09729843187486,199.74200420248553,353.9097083191333,267.84022309379407,78.65741793437903,0.4163075548646725,0.27873569228592177,1.0062011204199623,0.49307885956565867,0.21371779256694112,0.2878064051844181,0.05768847365124541,1.713231014611047,0.2,egmIsoCut,muIsoCut
mu,0.31,0.31,0.2,0.24,0.2,2.0,150.0,3,2Mu2E_200GeV_0p25GeV_1p0mm_info,17.25387966804979,0.3103215767634855,1.8929616182572615,0.0,0.8867623604465711,0.7952592059680004,464.9965919262855,927.9540126977364,932.6337434193804,3243.502120488968,172.84830099904346,157.03764493141554,199.74434246740293,353.9083886228534,266.82307963247365,78.43610680493401,0.42618271990524115,0.2719370999953189,1.0440491904094602,0.49858435340483814,0.21389511337172612,0.2860963175685683,0.05760735636857864,1.7427150326230367,0.2,egmIsoCut,muIsoCut
mu,0.32,0.32,0.2,0.24,0.2,2.0,150.0,3,2Mu2E_200GeV_0p25GeV_1p0mm_info,17.28491182572614,0.27928941908713695,1.8929616182572615,0.0,0.8883572567783093,0.7965159666151462,465.19151826923866,927.7590863547831,948.8486893151724,3227.287174593176,172.8483504029787,157.03759055344162,200.01703869163399,353.7543414834497,272.7687204343526,79.57297656483154,0.41364210282853353,0.276995709669961,1.011234301982344,0.49026944286026125,0.20944102594703737,0.2874733595629692,0.057971289282814115,1.7054430490727641,0.2,egmIsoCut,muIsoCut
mu,0.33,0.33,0.2,0.24,0.2,2.0,150.0,3,2Mu2E_200GeV_0p25GeV_1p0mm_info,17.346976141078837,0.21722510373443984,1.8929616182572615,0.0,0.8915470494417864,0.7706183149896948,500.9715239328232,891.9790806911985,1005.1886268999169,3170.9472370084313,175.94398553613593,153.56129407347822,203.07697912311653,352.0066624875005,282.7569052171687,81.35205343235711,0.43558287904786286,0.2562494266711998,1.1257386267667366,0.4983855870692249,0.20192979631085048,0.2812973581776526,0.05762242193331072,1.7717393092418265,0.2,egmIsoCut,muIsoCut
mu,0.34,0.34,0.2,0.24,0.2,2.0,150.0,3,2Mu2E_200GeV_0p25GeV_1p0mm_info,17.346976141078837,0.21722510373443984,1.8929616182572615,0.0,0.8915470494417864,0.7676606085069391,504.88346904685795,888.0671355771638,1075.7020806864102,3100.433783221938,175.9718828228591,153.5293246895824,208.306669653181,348.93736008538883,308.1167773036076,87.17752374764144,0.38972694454567014,0.27396638041569027,1.0019571509757346,0.46935250764290576,0.18714108152286676,0.2864331889243878,0.059087154227815034,1.6386107678562511,0.2,egmIsoCut,muIsoCut
mu,0.35000000000000003,0.35000000000000003,0.2,0.24,0.2,2.0,150.0,3,2Mu2E_200GeV_0p25GeV_1p0mm_info,17.346976141078837,0.21722510373443984,1.8929616182572615,0.0,0.8915470494417864,0.7675614722222169,505.01537335344653,887.9352312705752,1083.8768834066748,3092.2589805016737,175.97190954221168,153.5292940644519,208.4374727280205,348.85924073774436,311.2328162696123,87.81302877652358,0.3837161546133985,0.27631427405106485,0.9853418737984576,0.4659342597714235,0.185438645568462,0.2871477573092926,0.05928341666108196,1.6226289354910628,0.2,egmIsoCut,muIsoCut
mu,0.36,0.36,0.2,0.24,0.2,2.0,150.0,3,2Mu2E_200GeV_0p25GeV_1p0mm_info,17.346976141078837,0.21722510373443984,1.8929616182572615,0.0,0.8915470494417864,0.7665444509237286,506.3715130416905,886.5790915823313,1092.7365330301545,3083.3993308781937,175.97439403834136,153.5264463429667,208.56924284756047,348.78047655130456,314.19782481329594,88.43030514330265,0.37951125463997526,0.27747940024382306,0.9757787480658598,0.4633976239794272,0.18373073164181403,0.2875330103058113,0.05947279733444756,1.611632777351622,0.2,egmIsoCut,muIsoCut
mu,0.37,0.37,0.2,0.24,0.2,2.0,150.0,3,2Mu2E_200GeV_0p25GeV_1p0mm_info,17.378008298755187,0.18619294605809128,1.8929616182572615,0.0,0.8931419457735247,0.764082163452043,511.51270026957553,881.4379043544462,1093.0163430303944,3083.119520877954,176.00476083441518,153.49163249989095,208.56928988999383,348.780448420125,312.48416686471,88.12588584682472,0.38909793109726165,0.27178577434323775,1.0111462347045723,0.46798266424032003,0.18413078549363857,0.2858915777950271,0.05936737828862306,1.636923577286509,0.2,egmIsoCut,muIsoCut
mu,0.38,0.38,0.2,0.24,0.2,2.0,150.0,3,2Mu2E_200GeV_0p25GeV_1p0mm_info,17.378008298755187,0.18619294605809128,1.8929616182572615,0.0,0.8931419457735247,0.7516868467536826,528.7119895404799,864.2386150835418,1111.7264777974653,3064.409386110883,176.23928582690732,153.22229346633253,208.85186972371315,348.61131134584394,313.53413675016714,88.49572163468903,0.406985007049548,0.25901922878884154,1.091110328887473,0.47557740154570716,0.1819703250964008,0.2820245294250218,0.059408835324358415,1.6862980057631574,0.2,egmIsoCut,muIsoCut
mu,0.39,0.39,0.2,0.24,0.2,2.0,150.0,3,2Mu2E_200GeV_0p25GeV_1p0mm_info,17.409040456431537,0.15516078838174274,1.8929616182572615,0.0,0.8947368421052633,0.752951615150396,528.8118229869286,864.1387816370932,1168.6235088866922,3007.512355021656,176.23931006947979,153.22226558204596,211.7852227469835,346.8370933325477,335.776806860213,93.52577829222251,0.36503536368831735,0.27579235020381276,0.9675075825775588,0.45250828771253254,0.17166389700436402,0.28732676033541044,0.06077426967934474,1.5748908566132083,0.2,egmIsoCut,muIsoCut
mu,0.4,0.4,0.2,0.24,0.2,2.0,150.0,3,2Mu2E_200GeV_0p25GeV_1p0mm_info,17.409040456431537,0.15516078838174274,1.8929616182572615,0.0,0.8947368421052633,0.7524180353733273,529.5702509232901,863.3803537007316,1175.6544112648985,3000.4814526434498,176.2405734392337,153.22081241682324,211.83053452153692,346.8094210509278,338.2913500543245,94.0664213611488,0.36119646172623276,0.2770335242847296,0.9574814875738923,0.45044721122895304,0.1704694282770004,0.28774727233860625,0.060941341459798654,1.5654265201822306,0.2,egmIsoCut,muIsoCut
mu,0.41000000000000003,0.41000000000000003,0.2,0.24,0.2,2.0,150.0,3,2Mu2E_200GeV_0p25GeV_1p0mm_info,17.409040456431537,0.15516078838174274,1.8929616182572615,0.0,0.8947368421052633,0.7502080441263794,532.7287748344261,860.2218297895956,1183.9845736798839,2992.1512902284644,176.26717756708328,153.1902059414883,211.95920119738307,346.7307989105194,340.38699170715984,94.57021663327481,0.3610501107004155,0.2760598245109286,0.9615449409943886,0.44994570594672373,0.16927038330015945,0.28749275900548255,0.06108221404912388,1.5650679603312831,0.2,egmIsoCut,muIsoCut
mu,0.42,0.42,0.2,0.24,0.2,2.0,150.0,3,2Mu2E_200GeV_0p25GeV_1p0mm_info,17.440072614107883,0.12412863070539419,1.8929616182572615,0.0,0.8963317384370018,0.7493236343712413,535.9163063970129,857.0342982270088,1185.5595988407792,2990.5762650675692,176.2937800898405,153.15959057628814,211.9613061318146,346.72951213915286,339.7556687208725,94.48841400107116,0.36602849238706014,0.27309136911444876,0.9807105489680888,0.4520365799585471,0.16924380991191165,0.2865783120925174,0.06104796769160178,1.577357953775002,0.2,egmIsoCut,muIsoCut
mu,0.43,0.43,0.2,0.24,0.2,2.0,150.0,3,2Mu2E_200GeV_0p25GeV_1p0mm_info,17.440072614107883,0.12412863070539419,1.8929616182572615,0.0,0.8963317384370018,0.7442211338132917,543.3692968187072,849.5813078053147,1202.4402852570136,2973.695578651336,176.44707374562418,152.9829639223516,212.21934752521452,346.57163533868726,343.5357665527295,95.4241637497027,0.36776743079882057,0.2701672947269447,0.9961917289911936,0.45188879936982956,0.16701372770566722,0.2856988166188237,0.061280655838086055,1.5816964337403427,0.2,egmIsoCut,muIsoCut
mu,0.44,0.44,0.2,0.24,0.2,2.0,150.0,3,2Mu2E_200GeV_0p25GeV_1p0mm_info,17.440072614107883,0.12412863070539419,1.8929616182572615,0.0,0.8963317384370018,0.7351149717870563,557.0579502708943,835.8926543531277,1246.8492807128098,2929.2865831955387,176.6533083974545,152.7447731220126,214.8584063684037,344.94175609541634,355.7972650447723,98.69912178160386,0.3612921871562016,0.26910475299901343,0.9945877079527915,0.4467724839624806,0.16124625650192748,0.285357076070467,0.06203331090131893,1.5656611362675763,0.2,egmIsoCut,muIsoCut
mu,0.45,0.45,0.2,0.24,0.2,2.0,150.0,3,2Mu2E_200GeV_0p25GeV_1p0mm_info,17.440072614107883,0.12412863070539419,1.8929616182572615,0.0,0.8963317384370018,0.7190872019677479,582.4266857710371,810.5239188529847,1282.3703184088015,2893.765545499547,177.0409918665709,152.2952536448922,217.33903540992014,343.3841778131969,359.18314720207326,100.38551919854234,0.3832989525083764,0.2546528762737259,1.0969070772812706,0.4541797930052899,0.15806682685112872,0.28009315409589103,0.062245248893348905,1.6215312168957887,0.2,egmIsoCut,muIsoCut
mu,0.46,0.46,0.2,0.24,0.2,2.0,150.0,3,2Mu2E_200GeV_0p25GeV_1p0mm_info,17.440072614107883,0.12412863070539419,1.8929616182572615,0.0,0.8963317384370018,0.6940530122208382,625.6230662185244,767.3275384054972,1364.8346610694705,2811.3012028388775,180.2146295760404,148.52624135361336,222.45550357261615,340.09189760359413,372.5233069126104,104.48408598284583,0.40455631029676353,0.2393976486687247,1.2149983948336387,0.45838743993231573,0.1517133643579731,0.27294390854691875,0.06230128897805377,1.6794199305368247,0.2,egmIsoCut,muIsoCut
mu,0.47000000000000003,0.47000000000000003,0.2,0.24,0.2,2.0,150.0,3,2Mu2E_200GeV_0p25GeV_1p0mm_info,17.440072614107883,0.12412863070539419,1.8929616182572615,0.0,0.8963317384370018,0.6840858578193914,644.1556716994118,748.7949329246098,1449.0330094269088,2727.1028544814394,180.5415643082485,148.12866245596038,227.47558525971405,336.7548188164653,397.8685927875231,111.8473295502624,0.3823409305116169,0.24518898549695128,1.1596552314870952,0.444541751298112,0.14280719846229878,0.27457524445552817,0.06403095077116161,1.6190161359215784,0.2,egmIsoCut,muIsoCut
mu,0.48,0.48,0.2,0.24,0.2,2.0,150.0,3,2Mu2E_200GeV_0p25GeV_1p0mm_info,17.440072614107883,0.12412863070539419,1.8929616182572615,0.0,0.8963317384370018,0.6801380509667027,651.7223576575507,741.228246966471,1451.0790445375858,2725.0568193707622,180.69128018319748,147.94599808585056,227.47846913664097,336.7528707592707,394.7003118418415,111.41801722145655,0.3943735285367671,0.2396272774904694,1.2107620945815105,0.44912946686872907,0.14304890586120275,0.27200469424987134,0.06385428194005699,1.651182778691848,0.2,egmIsoCut,muIsoCut
mu,0.49,0.49,0.2,0.24,0.2,2.0,150.0,3,2Mu2E_200GeV_0p25GeV_1p0mm_info,17.471104771784233,0.09309647302904564,1.8929616182572615,0.0,0.89792663476874,0.6778554708243711,658.5052129238486,734.4453917001732,1502.3231761469413,2673.8126877614072,180.74433531895093,147.88117640177163,230.0755567622395,334.98386239624335,412.65954740055685,116.4927666123877,0.3733389815271243,0.24674004412897638,1.1432941101057315,0.43832460510443505,0.13777017990476237,0.27468094345646626,0.06513937671516978,1.5957590635475023,0.2,egmIsoCut,muIsoCut
mu,0.5,0.5,0.2,0.24,0.2,2.0,150.0,3,2Mu2E_200GeV_0p25GeV_1p0mm_info,17.471104771784233,0.09309647302904564,1.8929616182572615,0.0,0.89792663476874,0.6741175962023915,665.8922720857596,727.0583325382621,1625.7846533775216,2550.351210530827,180.89383627291465,147.6982636401973,257.7396538804461,314.1961500447572,463.48137239691346,132.37890176451145,0.3039694379615474,0.27435891077407004,0.9029836594409435,0.40958208745690106,0.12882622662221296,0.2850816505335095,0.06773041014715997,1.4367185214846276,0.2,egmIsoCut,muIsoCut
mu,0.51,0.51,0.2,0.24,0.2,2.0,150.0,3,2Mu2E_200GeV_0p25GeV_1p0mm_info,17.471104771784233,0.09309647302904564,1.8929616182572615,0.0,0.89792663476874,0.6707042503396661,672.7461489193481,720.2044557046738,1627.3306708869663,2548.805193021382,180.94683680644584,147.63332731332284,257.74138328499095,314.1947313811916,459.82753145930104,131.91609163880128,0.3164917670685511,0.2687887762376131,0.9508364591541979,0.41340470068856505,0.12903833898363837,0.28256551645319566,0.06758926111877941,1.4630401680915714,0.2,egmIsoCut,muIsoCut
mu,0.52,0.52,0.2,0.24,0.2,2.0,150.0,3,2Mu2E_200GeV_0p25GeV_1p0mm_info,17.471104771784233,0.09309647302904564,1.8929616182572615,0.0,0.89792663476874,0.6620769095495919,690.5445935653805,702.4060110586412,1776.898848166161,2399.2370157421874,181.27122498040785,147.2348466836694,284.5036609369987,290.1837638442321,520.2088929963406,150.95289776151833,0.24666864697263402,0.2947747143439091,0.7220854121671718,0.3886234685097879,0.11949444185510721,0.29276224335066653,0.07085025242109971,1.32743711778537,0.2,egmIsoCut,muIsoCut
mu,0.53,0.53,0.2,0.24,0.2,2.0,150.0,3,2Mu2E_200GeV_0p25GeV_1p0mm_info,17.471104771784233,0.09309647302904564,1.8929616182572615,0.0,0.89792663476874,0.6619741094925472,690.760877786422,702.1897268375997,1879.4416757770725,2296.694188131276,181.27127437841364,147.23478586627263,288.7099075156036,285.9991943829412,574.6192260776817,165.61579900058229,0.16813582738055766,0.3242514764874481,0.4730129554248079,0.36753514976772056,0.11175915985251908,0.3057393232700876,0.0745604931933683,1.202119327787754,0.2,egmIsoCut,muIsoCut
mu,0.54,0.54,0.2,0.24,0.2,2.0,150.0,3,2Mu2E_200GeV_0p25GeV_1p0mm_info,17.471104771784233,0.09309647302904564,1.8929616182572615,0.0,0.89792663476874,0.6466572641583462,724.1482832633245,668.8023213606972,1896.5705632892175,2279.5653006191305,184.2011832046036,143.55236392997966,288.8994386138761,285.8077400175632,556.4353848550369,162.22169539085826,0.23160021543170828,0.2973000522891864,0.6832859965704503,0.38181984750803893,0.11320646560033266,0.2933902885690751,0.07293001785161117,1.3014058828267732,0.2,egmIsoCut,muIsoCut
mu,0.55,0.55,0.2,0.24,0.2,2.0,150.0,3,2Mu2E_200GeV_0p25GeV_1p0mm_info,17.471104771784233,0.09309647302904564,1.8929616182572615,0.0,0.89792663476874,0.6417814672995559,735.2813270607459,657.669277563276,1912.1690408091845,2263.966823099164,184.37447864986927,143.32972024827987,289.0873036480638,285.61771785877,555.474055015671,163.1507562492979,0.24454214384016304,0.2917530630228725,0.7303440969808807,0.38452736728212705,0.11259081507365606,0.2904942205217419,0.07315144098631997,1.3237005768703316,0.2,egmIsoCut,muIsoCut
mu,0.56,0.56,0.2,0.24,0.2,2.0,150.0,3,2Mu2E_200GeV_0p25GeV_1p0mm_info,17.50213692946058,0.062064315352697096,1.8929616182572615,0.0,0.8995215311004786,0.6256782532377059,776.679868061725,616.2707365622969,1968.0337277944636,2208.102136113884,187.40130872269782,139.34886642122845,291.1529476679956,283.5117474631293,549.2687929471682,164.3229194080178,0.29279898252298175,0.2718074629091837,0.9124129491557977,0.394647640989433,0.11169648505684172,0.27909521325263204,0.07257234990455996,1.4140251149065928,0.2,egmIsoCut,muIsoCut
mu,0.5700000000000001,0.5700000000000001,0.2,0.24,0.2,2.0,150.0,3,2Mu2E_200GeV_0p25GeV_1p0mm_info,17.50213692946058,0.062064315352697096,1.8929616182572615,0.0,0.8995215311004786,0.6241828929737763,780.4335024705979,612.5171021534238,1976.4826342663787,2199.653229641969,187.42747333914133,139.31367241432818,291.24658954469413,283.4155499684946,550.3728493579227,165.15403654019568,0.2947857215052636,0.27104636493025236,0.9209434330560407,0.39485978219094015,0.11125641866806407,0.2784607564043726,0.0727908338755115,1.4180087251416362,0.2,egmIsoCut,muIsoCut
mu,0.58,0.58,0.2,0.24,0.2,2.0,150.0,3,2Mu2E_200GeV_0p25GeV_1p0mm_info,17.50213692946058,0.062064315352697096,1.8929616182572615,0.0,0.8995215311004786,0.6221510332799971,785.5772909513606,607.3733136726611,1995.829235718922,2180.306628189426,187.4559848291841,139.2753059073358,291.4497669526215,283.20660873048564,555.9829983317642,167.51496675676935,0.29226187577488394,0.2720138673482558,0.91326975960861,0.39360947163818155,0.1101157398172394,0.27857242913444563,0.0734154175673583,1.4129520026844304,0.2,egmIsoCut,muIsoCut
mu,0.59,0.59,0.2,0.24,0.2,2.0,150.0,3,2Mu2E_200GeV_0p25GeV_1p0mm_info,17.53316908713693,0.031032157676348548,1.8929616182572615,0.0,0.9011164274322169,0.6219976255172118,788.7675777520956,604.1830268719261,2070.3090032393584,2105.8268606689894,187.4809997485681,139.24163104883058,295.19258307558584,279.30322014349053,593.9925943104274,179.21932695197452,0.24693583881421233,0.2892498478362789,0.7509770812582178,0.3809902659544694,0.10560097758578149,0.2869101150509526,0.07629041378861398,1.3279081007193108,0.2,egmIsoCut,muIsoCut
mu,0.6,0.6,0.2,0.24,0.2,2.0,150.0,3,2Mu2E_200GeV_0p25GeV_1p0mm_info,17.53316908713693,0.031032157676348548,1.8929616182572615,0.0,0.9011164274322169,0.6150402742210807,806.845636626075,586.1049679979467,2071.1622161016835,2104.9736478066643,187.79416952572748,138.81897195990035,295.1933518009723,279.3024076836202,576.6905755099166,176.82620397580524,0.2852529042340495,0.2751454204552787,0.8922739249444689,0.3895617785770108,0.10632008019058158,0.27843814985933674,0.07559159469558734,1.3990962760448316,0.2,egmIsoCut,muIsoCut
mu,0.61,0.61,0.2,0.24,0.2,2.0,150.0,3,2Mu2E_200GeV_0p25GeV_1p0mm_info,17.53316908713693,0.031032157676348548,1.8929616182572615,0.0,0.9011164274322169,0.6027304358894524,840.3788084995622,552.5717961244596,2121.483890718319,2054.6519731900294,190.62387390389094,134.90698937317796,297.1857563599216,277.18148585744524,570.5453669232712,178.0877553943461,0.32108549007567166,0.2619599734627735,1.0343631989891706,0.3961278292879311,0.10560782391965602,0.2689369310884037,0.07501623819055478,1.4729395017812477,0.2,egmIsoCut,muIsoCut
mu,0.62,0.62,0.2,0.24,0.2,2.0,150.0,3,2Mu2E_200GeV_0p25GeV_1p0mm_info,17.53316908713693,0.031032157676348548,1.8929616182572615,0.0,0.9011164274322169,0.602194633831125,841.8852593607744,551.0653452632473,2209.823793159202,1966.3120707491466,190.626209897558,134.9036885483619,301.03611607439416,272.9948840256969,619.3102965005246,193.63986657402396,0.2643768380375804,0.28398501889416033,0.8191169364950956,0.3809739319338221,0.10067169925493637,0.28025324843441385,0.07887276552971297,1.3593916718613144,0.2,egmIsoCut,muIsoCut
mu,0.63,0.63,0.2,0.24,0.2,2.0,150.0,3,2Mu2E_200GeV_0p25GeV_1p0mm_info,17.53316908713693,0.031032157676348548,1.8929616182572615,0.0,0.9011164274322169,0.6019254772800564,842.6435333118654,550.3070713121562,2225.348843631293,1950.787020277055,190.62737791711382,134.90203805838937,301.2163989196478,272.79595104627083,627.7595616833181,196.4895767925521,0.2550117138904311,0.2877118982369159,0.7849229683450569,0.3786568275456766,0.09982433611722999,0.28209490097694023,0.07961292459868383,1.3423029846846817,0.2,egmIsoCut,muIsoCut
mu,0.64,0.64,0.2,0.24,0.2,2.0,150.0,3,2Mu2E_200GeV_0p25GeV_1p0mm_info,17.56420124481328,0.0,1.8929616182572615,0.0,0.9027113237639554,0.6027506850609675,843.3094696046003,549.6411350194214,2249.490391151439,1926.6454727569096,190.62852356601118,134.90041915021612,301.48768639163234,272.4961005951838,641.7436260541126,201.1068709125078,0.23901764514158153,0.29404076199192236,0.7274176177200274,0.37488911840736444,0.09851842352354097,0.2852840041364326,0.08081228895613014,1.314090916320985,0.2,egmIsoCut,muIsoCut
mu,0.65,0.65,0.2,0.24,0.2,2.0,150.0,3,2Mu2E_200GeV_0p25GeV_1p0mm_info,17.56420124481328,0.0,1.8929616182572615,0.0,0.9027113237639554,0.6014192672757849,847.0732010544431,545.8774035695785,2272.415003308264,1903.7208606000847,190.65424535997926,134.86406419086626,301.75730660407936,272.1974977776457,651.5976304674502,205.14012523581937,0.2307658539352483,0.29769858936820953,0.6979867767907091,0.37276342561602666,0.09741323701920743,0.28674235538791587,0.0818507947375181,1.2999942931756219,0.2,egmIsoCut,muIsoCut
mu,0.66,0.66,0.2,0.24,0.2,2.0,150.0,3,2Mu2E_200GeV_0p25GeV_1p0mm_info,17.56420124481328,0.0,1.8929616182572615,0.0,0.9027113237639554,0.6003365962448628,850.1522395863408,542.798365037681,2288.537415774675,1887.5984481336739,190.6788161854141,134.8293222633353,301.9378792802006,271.9971818624869,658.0924925204662,207.9735342869885,0.22591218151624848,0.299979454331121,0.6806889754622562,0.37148277923110223,0.09666539252332212,0.28756029417928497,0.08257780984619238,1.2918430908249598,0.2,egmIsoCut,muIsoCut
mu,0.67,0.67,0.2,0.24,0.2,2.0,150.0,3,2Mu2E_200GeV_0p25GeV_1p0mm_info,17.56420124481328,0.0,1.8929616182572615,0.0,0.9027113237639554,0.6000291741754645,851.0295655649024,541.9210390591194,2300.383098766195,1875.7527651421535,190.68000845440594,134.8276361125157,302.03180680080476,271.8928788438585,664.6003792631691,210.32152696261386,0.2190631134865263,0.30280914524560143,0.6566932022436409,0.3699512337842119,0.09607393608315823,0.28890856467326065,0.0831887128400426,1.2805132108236597,0.2,egmIsoCut,muIsoCut
mu,0.68,0.68,0.2,0.24,0.2,2.0,150.0,3,2Mu2E_200GeV_0p25GeV_1p0mm_info,17.56420124481328,0.0,1.8929616182572615,0.0,0.9027113237639554,0.5997970495376619,851.6929006047594,541.2577040192624,2335.1165468891036,1841.0193170192447,190.68115376934594,134.82601633606296,303.8007368033829,269.9149165998083,686.5217594962218,217.6077506687696,0.1939327438226326,0.3128073697555023,0.570872575780684,0.36473250199841395,0.09444436384643567,0.29399892712456777,0.08497770118458087,1.2405912687017264,0.2,egmIsoCut,muIsoCut
mu,0.6900000000000001,0.6900000000000001,0.2,0.24,0.2,2.0,150.0,3,2Mu2E_200GeV_0p25GeV_1p0mm_info,17.56420124481328,0.0,1.8929616182572615,0.0,0.9027113237639554,0.5997952839125881,851.6979491252445,541.2526554987774,2338.4040658834097,1837.7317980249388,190.6811538027935,134.82601628875892,303.8161865979873,269.8975261954373,688.7117106254467,218.33395861516888,0.19136624511917222,0.3138334651179336,0.5622588343784513,0.3642218902845977,0.09427948127847764,0.2945221147506271,0.08516730529989726,1.2366537928501078,0.2,egmIsoCut,muIsoCut
mu,0.7000000000000001,0.7000000000000001,0.2,0.24,0.2,2.0,150.0,3,2Mu2E_200GeV_0p25GeV_1p0mm_info,17.56420124481328,0.0,1.8929616182572615,0.0,0.9027113237639554,0.559760112531869,978.7469463009029,414.20365832311893,2354.7479650753494,1821.387898832999,223.3026349216908,68.36146810076086,303.9955657844851,269.69546875824705,535.4956086993075,137.39498700690373,0.4528763428349166,0.1878507898053907,1.690599409578934,0.4156482820315694,0.10895986276639263,0.22741100815949628,0.05042393684337106,1.8277403780737458,0.2,egmIsoCut,muIsoCut
mu,0.71,0.71,0.2,0.24,0.2,2.0,150.0,3,2Mu2E_200GeV_0p25GeV_1p0mm_info,17.56420124481328,0.0,1.8929616182572615,0.0,0.9027113237639554,0.5595363609194763,979.5345358739858,413.4160687500361,2366.7975517420014,1809.3383121663471,223.30363392877123,68.35820476041333,304.1013614263175,269.576170801538,540.7900406402435,138.98173700174587,0.4479112059507674,0.18966293933731893,1.6680921275180196,0.4138649438575904,0.10830196794273282,0.2284901977535904,0.05085588163470396,1.8113028389249013,0.2,egmIsoCut,muIsoCut
mu,0.72,0.72,0.2,0.24,0.2,2.0,150.0,3,2Mu2E_200GeV_0p25GeV_1p0mm_info,17.56420124481328,0.0,1.8929616182572615,0.0,0.9027113237639554,0.5574314593345108,986.9901275485577,405.9604770754642,2370.561437177115,1805.5744267312336,223.424676048976,67.9615421857935,304.1174860131247,269.5579800087853,532.9906304196729,137.72638018127543,0.4599838280616936,0.18551372096891053,1.729761749846316,0.4163528993890469,0.10833289121352828,0.22483729890348791,0.050432759194916355,1.8517963941906617,0.2,egmIsoCut,muIsoCut
mu,0.73,0.73,0.2,0.24,0.2,2.0,150.0,3,2Mu2E_200GeV_0p25GeV_1p0mm_info,17.56420124481328,0.0,1.8929616182572615,0.0,0.9027113237639554,0.5565483177923438,990.1434489539381,402.8071556700837,2372.0415234267757,1804.0943404815723,223.44566233277516,67.89251113730212,304.1189390531368,269.5563406684292,529.6149307401652,137.26201194374693,0.46511292752611744,0.18381579838617151,1.7561464511921705,0.41742247729437926,0.10834079093399304,0.22327388686478625,0.050290188319601234,1.8695535029009847,0.2,egmIsoCut,muIsoCut
mu,0.74,0.74,0.2,0.24,0.2,2.0,150.0,3,2Mu2E_200GeV_0p25GeV_1p0mm_info,17.56420124481328,0.0,1.8929616182572615,0.0,0.9027113237639554,0.5563284372045576,990.9308845417506,402.0197200822712,2375.9192583836043,1800.216605524744,223.44666069865517,67.88922526057682,304.1350780911845,269.53813117966985,530.5841487419416,137.6666760305922,0.46455988301615336,0.18406003756447228,1.7540293144631416,0.4170726261194183,0.10814361833833276,0.2233174157201415,0.05039997479942868,1.8676224815447817,0.2,egmIsoCut,muIsoCut
mu,0.75,0.75,0.2,0.24,0.2,2.0,150.0,3,2Mu2E_200GeV_0p25GeV_1p0mm_info,17.56420124481328,0.0,1.8929616182572615,0.0,0.9027113237639554,0.5561345999817402,991.6258284859364,401.3247761380855,2385.476607189418,1790.6592567189302,223.44763997949659,67.88600202880222,304.2261204973399,269.43536793171353,534.6359793303784,138.9212985756034,0.4608490783800103,0.18543497387281274,1.736863702854868,0.4156929585883785,0.10763178497731454,0.2241212417338645,0.050739433745238406,1.8547682288946006,0.2,egmIsoCut,muIsoCut
mu,0.0,0.0,0.3,0.24,0.3,2.0,150.0,3,2Mu2E_200GeV_0p25GeV_1p0mm_info,1.0861255186721992,16.88149377593361,0.15516078838174274,1.3343827800829875,0.055821371610845306,3.3124818936774516,0.002601254145426209,1866.4740016835817,0.6660902792728509,3701.9437753153697,0.0026012528776918815,271.41368359904135,0.6608980106962666,382.1262651682994,0.33583443306915717,0.3385556023851415,-128.10481417575272,183.3229308976111,-0.9842499751934661,0.0039052576300406512,0.005501383294563665,0.5041875606348387,0.08991036441879986,0.007745644547682644,0.3,egmIsoCut,muIsoCut
mu,0.01,0.01,0.3,0.24,0.3,2.0,150.0,3,2Mu2E_200GeV_0p25GeV_1p0mm_info,2.265347510373444,15.702271784232366,0.27928941908713695,1.2102541493775933,0.1164274322169059,0.692218111181216,9.980637880479849,1856.495965057247,4.4829007592116445,3698.1269648354314,5.343692808784637,271.36107421428807,3.2018296858615667,382.11342243412065,2.250460097872503,1.6570606790794593,0.7745174081233869,0.2052793202458443,1.381691383676753,2.2263793950761084,1.9873306440928322,0.502009796502447,0.08986046913155492,4.434932167833215,0.3,egmIsoCut,muIsoCut
mu,0.02,0.02,0.3,0.24,0.3,2.0,150.0,3,2Mu2E_200GeV_0p25GeV_1p0mm_info,4.406566390041494,13.561052904564315,0.4344502074688797,1.0550933609958506,0.22647527910685802,1.227160803496883,11.505493306947931,1854.971109630779,120.70293127342404,3581.906934321219,5.425839630623599,271.35944412507513,115.97915346708601,364.1012981008337,62.50872913937971,61.08587938595068,-4.432946460594781,5.895153676172847,-0.8316688371366563,0.09532074478692608,0.1020268047123317,0.5178725030113885,0.09225232216731563,0.18406218563959917,0.3,egmIsoCut,muIsoCut
mu,0.03,0.03,0.3,0.24,0.3,2.0,150.0,3,2Mu2E_200GeV_0p25GeV_1p0mm_info,6.423656639004149,11.54396265560166,0.5896109958506224,0.8999325726141079,0.3301435406698564,0.542509458817155,138.0756767906723,1728.4009261470549,121.49556938347251,3581.1142962111708,116.33479426282948,245.21746123674015,115.98107696741859,364.1006853922851,58.639026089541716,56.9055164899205,0.5753124123487687,0.5457903193342978,0.6133780222231121,1.136466765753972,1.4470052461845175,0.4826433291938512,0.08424289981911454,2.3546720673674035,0.3,egmIsoCut,muIsoCut
mu,0.04,0.04,0.3,0.24,0.3,2.0,150.0,3,2Mu2E_200GeV_0p25GeV_1p0mm_info,8.657971991701245,9.309647302904564,0.8689004149377594,0.620643153526971,0.44497607655502397,0.7289934984468075,138.1971760933565,1728.2794268443706,172.82978716601164,3529.780078428631,116.33483456307945,245.2174421177008,120.9955398814218,362.46516887344814,84.62231608431595,61.06866079979051,0.3876697160067081,0.6789491980723003,0.40775632606461626,0.7996143393997888,0.8754779219596983,0.48962807552978116,0.08575652508010424,1.633105574133183,0.3,egmIsoCut,muIsoCut
mu,0.05,0.05,0.3,0.24,0.3,2.0,150.0,3,2Mu2E_200GeV_0p25GeV_1p0mm_info,10.550933609958506,7.416685684647303,0.9309647302904565,0.5585788381742739,0.5422647527910687,0.862358421958607,146.21856265001227,1720.2580402877147,174.21768975653202,3528.3921758381107,116.5688419496167,245.10628865472282,120.99915676397673,362.46396149142964,84.93936235782414,60.85027026622394,0.4190931656117124,0.6226251054076976,0.4660176890126713,0.8392865434867818,0.8873981231210046,0.48754728912159434,0.08563945553416893,1.7214464365065183,0.3,egmIsoCut,muIsoCut
mu,0.06,0.06,0.3,0.24,0.3,2.0,150.0,3,2Mu2E_200GeV_0p25GeV_1p0mm_info,11.94738070539419,6.020238589211618,0.9930290456431535,0.49651452282157676,0.6140350877192982,0.931843594989363,160.44924762434223,1706.027355313385,174.2228922698938,3528.386973324749,116.88258162598576,244.95683245015192,120.99915681989874,362.4639614727616,84.23934856957626,60.36560444046022,0.4749782263435428,0.5364941239138139,0.5793203139089476,0.9209423947329815,0.926914082557164,0.483514809518135,0.0853635246252056,1.9046829106450358,0.3,egmIsoCut,muIsoCut
mu,0.07,0.07,0.3,0.24,0.3,2.0,150.0,3,2Mu2E_200GeV_0p25GeV_1p0mm_info,12.81628112033195,5.151338174273859,1.1481898340248962,0.341353734439834,0.6586921850079743,0.9566609230208841,175.25493306547074,1691.2216698722566,174.8914298180417,3527.7184357766014,117.34425938362942,244.73600560864463,121.00096174533536,362.4633589404009,83.84460987122438,59.88716460013542,0.5215848797825156,0.46837979150078346,0.6938547662073747,1.0020784508869716,0.9648042065590257,0.4794094825484411,0.08508385780150739,2.090234939784943,0.3,egmIsoCut,muIsoCut
mu,0.08,0.08,0.3,0.24,0.3,2.0,150.0,3,2Mu2E_200GeV_0p25GeV_1p0mm_info,13.623117219917013,4.344502074688797,1.1792219917012448,0.3103215767634855,0.7001594896331739,1.01207298669853,176.70325643060394,1689.773346507123,364.9362069560077,3337.6736586386355,117.34802147879343,244.73420175075586,174.00514858254883,340.2104166312653,184.7572707096808,93.97478995760896,-0.04557932005197585,0.8746307260798035,-0.05357234982397988,0.48420313759633377,0.39585546889755047,0.506272787375008,0.08966358002576047,0.9564075922525799,0.3,egmIsoCut,muIsoCut
mu,0.09,0.09,0.3,0.24,0.3,2.0,150.0,3,2Mu2E_200GeV_0p25GeV_1p0mm_info,14.274792531120331,3.6928267634854772,1.2102541493775933,0.27928941908713695,0.733652312599681,1.0491479237412378,180.4277292040232,1686.0488737337039,365.66582301701413,3336.944042577629,117.38979745233796,244.71416613197138,174.00640859965642,340.2097721757907,184.75900140791828,93.82858003487581,-0.02400557953593374,0.8451677771739878,-0.028821291655941692,0.49342245801196477,0.3977334574605119,0.5052673500725868,0.08961925820045477,0.9765571789688757,0.3,egmIsoCut,muIsoCut
mu,0.1,0.1,0.3,0.24,0.3,2.0,150.0,3,2Mu2E_200GeV_0p25GeV_1p0mm_info,14.802339211618257,3.165280082987552,1.2723184647302905,0.21722510373443984,0.7607655502392344,1.0661872332537834,187.87811837410743,1678.5984845636199,375.1280371393012,3327.4818284553417,117.61988553881143,244.6036593704271,174.16547973222575,340.1283654553052,189.23900628832766,94.0959460532428,-0.007243461484484293,0.8052730654354002,-0.009034822255478301,0.5008373135925859,0.3903605236871954,0.5044651093835864,0.08979270661144696,0.9928086289348468,0.3,egmIsoCut,muIsoCut
mu,0.11,0.11,0.3,0.24,0.3,2.0,150.0,3,2Mu2E_200GeV_0p25GeV_1p0mm_info,15.329885892116183,2.6377334024896264,1.2723184647302905,0.21722510373443984,0.7878787878787878,1.0811140392539775,196.01855695189505,1670.458045985832,409.9486204173465,3292.6612451772967,117.85138109277226,244.49220770014978,177.21540058918728,338.5492890432173,207.97826451778656,97.29864517584653,-0.061013139530593286,0.8082789132620158,-0.07825670635699053,0.47815396171437086,0.3540742804049599,0.5073276360975557,0.09074468281932101,0.9424953968453338,0.3,egmIsoCut,muIsoCut
mu,0.12,0.12,0.3,0.24,0.3,2.0,150.0,3,2Mu2E_200GeV_0p25GeV_1p0mm_info,15.79536825726141,2.1722510373443984,1.3343827800829875,0.15516078838174274,0.8118022328548645,1.065691286494882,214.480490623055,1651.996112314672,421.12348235831445,3281.4863832363285,118.35068255201134,244.25090294825947,177.3955397837326,338.45493316317925,212.00586393237785,97.14041316901363,0.011537770561268701,0.7089619896963956,0.016162247976097794,0.5093054640932217,0.3535662712705776,0.5034292145029137,0.09075450891068243,1.0116724445483567,0.3,egmIsoCut,muIsoCut
mu,0.13,0.13,0.3,0.24,0.3,2.0,150.0,3,2Mu2E_200GeV_0p25GeV_1p0mm_info,16.198786307053943,1.7688329875518671,1.3343827800829875,0.15516078838174274,0.8325358851674641,1.0747380342199164,221.83854213605053,1644.6380608016764,444.59874382942985,3258.0111217652134,118.57887021955463,244.14020395875204,177.85458323845498,338.2139360504376,224.43263345593593,98.55631738296606,-0.01169360064715197,0.6998696356535584,-0.016824083931340036,0.49896349284594205,0.3331294648627063,0.5047981726687906,0.09144062652595587,0.9884415591443181,0.3,egmIsoCut,muIsoCut
mu,0.14,0.14,0.3,0.24,0.3,2.0,150.0,3,2Mu2E_200GeV_0p25GeV_1p0mm_info,16.47807572614108,1.4895435684647302,1.3343827800829875,0.15516078838174274,0.8468899521531101,1.082576886153939,226.2555115885837,1640.2210913491435,516.3494908225007,3186.260374772142,118.62205736075072,244.11922324771925,181.58820123051922,336.2240986180474,265.8060628253028,105.30855265159451,-0.17480480788745,0.7720142816985037,-0.24933765414868672,0.4381828889347367,0.2766284246704165,0.5147793646545412,0.09391926838141491,0.8512052328064724,0.3,egmIsoCut,muIsoCut
mu,0.15,0.15,0.3,0.24,0.3,2.0,150.0,3,2Mu2E_200GeV_0p25GeV_1p0mm_info,16.695300829875517,1.2723184647302905,1.365414937759336,0.12412863070539419,0.8580542264752792,1.0950961842593814,226.9264964018034,1639.5501065359238,556.9675116718867,3145.6423539227562,118.62389848026415,244.11832860502508,182.3579243313073,335.80724642453924,290.29878172892694,108.91591494587267,-0.2792634898611157,0.8231371164919953,-0.3935156918806416,0.40743219603711345,0.2513091824694918,0.521213132984216,0.09549089169437784,0.7816997889219568,0.3,egmIsoCut,muIsoCut
mu,0.16,0.16,0.3,0.24,0.3,2.0,150.0,3,2Mu2E_200GeV_0p25GeV_1p0mm_info,16.819429460580913,1.1481898340248962,1.3964470954356847,0.09309647302904564,0.8644338118022327,0.8916614396887872,350.2510208053103,1516.2255821324165,556.9753154317874,3145.6345501628557,166.03188620607722,214.7063120041403,182.3579243869658,335.80724639431423,268.46736593423634,99.96370586184578,0.23350011852366315,0.4620380405909892,0.4219952848114206,0.6288447819878392,0.3622858936826179,0.4820094508606915,0.08547821752663888,1.3046316433525398,0.3,egmIsoCut,muIsoCut
mu,0.17,0.17,0.3,0.24,0.3,2.0,150.0,3,2Mu2E_200GeV_0p25GeV_1p0mm_info,16.943558091286306,1.024061203319502,1.4274792531120333,0.062064315352697096,0.8708133971291867,0.8890356566756519,357.6167220891331,1508.8598808485938,573.1874643036768,3129.4224012909663,166.19461982473726,214.5803718723548,182.65659572398593,335.6448828094633,276.3639605622996,100.89277431901161,0.2272062700316958,0.4567008658211272,0.41791909018206996,0.6239088332533148,0.3515668492316528,0.4821528344100019,0.08588311185777919,1.294006357998032,0.3,egmIsoCut,muIsoCut
mu,0.18,0.18,0.3,0.24,0.3,2.0,150.0,3,2Mu2E_200GeV_0p25GeV_1p0mm_info,17.1297510373444,0.8378682572614108,1.4274792531120333,0.062064315352697096,0.8803827751196173,0.8887872514411876,365.78892355651965,1500.6876793812073,607.4155383343273,3095.1943272603157,166.35853770446306,214.45331562929906,185.56585557109648,334.0452552631469,294.50203065274775,104.28848225008883,0.19488532405699555,0.46406812403994335,0.3630700713189838,0.6022054104173837,0.3299338683705698,0.48484441385931587,0.08682496261137054,1.2420590878296098,0.3,egmIsoCut,muIsoCut
mu,0.19,0.19,0.3,0.24,0.3,2.0,150.0,3,2Mu2E_200GeV_0p25GeV_1p0mm_info,17.16078319502075,0.8068360995850622,1.4274792531120333,0.062064315352697096,0.8819776714513557,0.8245761970609078,427.44168541184854,1439.0349175258784,623.7226261161829,3078.8872394784594,170.0791138333115,211.51473397671967,185.8593948704127,333.8820220617726,291.5204643818542,101.88983278889216,0.31798775287682,0.3611980972340537,0.6855582262421125,0.6853073265490733,0.3406735922433492,0.4673879897497124,0.08537220151245233,1.466249329419135,0.3,egmIsoCut,muIsoCut
mu,0.2,0.2,0.3,0.24,0.3,2.0,150.0,3,2Mu2E_200GeV_0p25GeV_1p0mm_info,17.222847510373445,0.7447717842323651,1.4585114107883816,0.031032157676348548,0.8851674641148324,0.8210995163659484,434.2615060735009,1432.215096864226,635.5846282427036,3067.0252373519393,170.13548086355104,211.46939684714496,186.03234021400417,333.7856912933132,296.8002639228303,102.5209462545418,0.31654024183162255,0.3569779897784801,0.6920226192520249,0.6832473391846637,0.3341371173668967,0.4669720612083377,0.08565491118690806,1.4631439350283437,0.3,egmIsoCut,muIsoCut
mu,0.21,0.21,0.3,0.24,0.3,2.0,150.0,3,2Mu2E_200GeV_0p25GeV_1p0mm_info,17.28491182572614,0.682707468879668,1.4585114107883816,0.031032157676348548,0.8883572567783093,0.8143705436878219,444.7702777364638,1421.706325201263,644.3543874767023,3058.255478117941,170.3218259403854,211.31933953119406,186.17994550972807,333.7033820740339,299.54420580669506,102.67242448678886,0.3265192824234051,0.3461268497086068,0.7302390049664135,0.6902572348086095,0.3311308005622549,0.4648749378113385,0.08571796943760449,1.484823505561271,0.3,egmIsoCut,muIsoCut
mu,0.22,0.22,0.3,0.24,0.3,2.0,150.0,3,2Mu2E_200GeV_0p25GeV_1p0mm_info,17.346976141078837,0.620643153526971,1.4585114107883816,0.031032157676348548,0.8915470494417862,0.779017438948361,490.104527210151,1376.372075727576,655.230714803113,3047.37915079153,173.6221495727724,208.61624296611438,186.3309911908087,333.61906576139313,295.9399583671033,100.71858370449281,0.39616971087433395,0.29663032307879567,0.9673360305422223,0.7479877181237148,0.339792124751045,0.4516576400970898,0.08444748612040749,1.6560944656287113,0.3,egmIsoCut,muIsoCut
mu,0.23,0.23,0.3,0.24,0.3,2.0,150.0,3,2Mu2E_200GeV_0p25GeV_1p0mm_info,17.378008298755187,0.5896109958506224,1.4895435684647302,0.0,0.8931419457735247,0.7740949569252044,498.2184054040949,1368.258197533632,656.145006177029,3046.4648594176138,173.77905664937404,208.4855561462728,186.33221361630208,333.61838301643803,294.69428498318587,100.3063919095929,0.40850381722817874,0.28826980381630324,1.014322659648003,0.7593114337742513,0.3415271766920061,0.44912981461246826,0.08427614451617593,1.6906279856513717,0.3,egmIsoCut,muIsoCut
mu,0.24,0.24,0.3,0.24,0.3,2.0,150.0,3,2Mu2E_200GeV_0p25GeV_1p0mm_info,17.440072614107883,0.5275466804979253,1.4895435684647302,0.0,0.8963317384370018,0.7705992723725121,506.4192647653694,1360.0573381723575,659.581195359596,3043.0286702350463,173.9358466491461,208.35476692893724,186.33809888834233,333.61509591193914,294.7945425699928,100.09997310499227,0.4178844228870816,0.28114806864814496,1.0545221959809556,0.7677891188048129,0.34145299676662777,0.4469420059940827,0.08419631527099548,1.7178719129277327,0.3,egmIsoCut,muIsoCut
mu,0.25,0.25,0.3,0.24,0.3,2.0,150.0,3,2Mu2E_200GeV_0p25GeV_1p0mm_info,17.471104771784233,0.49651452282157676,1.4895435684647302,0.0,0.89792663476874,0.7578926190899878,525.6127580185065,1340.8638449192206,661.9016421937322,3040.708223400911,174.2758137316901,208.07048901688168,186.34168803782168,333.6130911952784,291.87936352458644,99.14167991992974,0.44468744513558867,0.2635893017529444,1.165739803538872,0.7940949599044276,0.3454019294618203,0.44097090098948,0.08380447538758566,1.8007876667657303,0.3,egmIsoCut,muIsoCut
mu,0.26,0.26,0.3,0.24,0.3,2.0,150.0,3,2Mu2E_200GeV_0p25GeV_1p0mm_info,17.50213692946058,0.4654823651452282,1.4895435684647302,0.0,0.8995215311004786,0.7581521231503984,527.1268586530815,1339.3497442846456,744.8128816879464,2957.796983906697,174.2783689077512,208.0683488241804,192.28582455968856,330.22277479158623,337.266197800724,108.37128760348376,0.3601802065967401,0.29498223442521837,0.9251343362823508,0.7077305879276286,0.2968752208401788,0.452820038553023,0.08662753630526267,1.562940081426535,0.3,egmIsoCut,muIsoCut
mu,0.27,0.27,0.3,0.24,0.3,2.0,150.0,3,2Mu2E_200GeV_0p25GeV_1p0mm_info,17.53316908713693,0.4344502074688797,1.4895435684647302,0.0,0.9011164274322169,0.7572464608082111,530.2879838170951,1336.1886191206318,745.7030599456261,2956.9068056490173,174.30527254557867,208.04581133581746,192.28700695043307,330.22208629299485,336.97373892176967,108.25545300722672,0.36454577662465504,0.2920669585481309,0.9421384012335334,0.7111248596133717,0.29708937909990063,0.45188729538851635,0.08658661084375402,1.5736774785889305,0.3,egmIsoCut,muIsoCut
mu,0.28,0.28,0.3,0.24,0.3,2.0,150.0,3,2Mu2E_200GeV_0p25GeV_1p0mm_info,17.53316908713693,0.4344502074688797,1.4895435684647302,0.0,0.9011164274322169,0.7561641892675284,531.8235963150288,1334.6530066226983,793.9178167122861,2908.6920488823566,174.30782967316998,208.04366889236545,195.3285237121074,328.43216520630665,364.2890973946611,113.79531409068416,0.31501892748122384,0.3101401370599237,0.804816575395851,0.6698723534349909,0.2745289059609922,0.45884988310657665,0.0883183850420596,1.4598943534641813,0.3,egmIsoCut,muIsoCut
mu,0.29,0.29,0.3,0.24,0.3,2.0,150.0,3,2Mu2E_200GeV_0p25GeV_1p0mm_info,17.56420124481328,0.4034180497925311,1.4895435684647302,0.0,0.9027113237639554,0.7333440557875941,567.8174389320475,1298.6591640056795,803.3802266068659,2899.229638987777,177.37804598531156,205.43226731455727,195.47022870471272,328.3478475759835,359.8601088488542,112.10633758116859,0.3662397732523326,0.2795983464619274,0.9910508409493232,0.7067854300201851,0.2798588730552612,0.4479324943915402,0.08714536435516575,1.5778838080953783,0.3,egmIsoCut,muIsoCut
mu,0.3,0.3,0.3,0.24,0.3,2.0,150.0,3,2Mu2E_200GeV_0p25GeV_1p0mm_info,17.626265560165976,0.341353734439834,1.4895435684647302,0.0,0.9059011164274322,0.7315297006191395,574.7269959991786,1291.7496069385486,814.7715267541458,2887.8383388404977,177.43211829708608,205.3855667961502,195.63360536651754,328.2505320162508,364.4528106971434,112.83481712839155,0.36586794559122426,0.27725654684919043,1.000015610875225,0.7053842422411998,0.2758789514507678,0.4473067586799896,0.08742579694656619,1.5769586051478444,0.3,egmIsoCut,muIsoCut
mu,0.31,0.31,0.3,0.24,0.3,2.0,150.0,3,2Mu2E_200GeV_0p25GeV_1p0mm_info,17.657297717842322,0.3103215767634855,1.4895435684647302,0.0,0.9074960127591707,0.7288599223390594,581.0385333451542,1285.438069592573,816.5918020005115,2886.018063594132,177.48496530933198,205.33990050818727,195.63594913802604,328.2491351435944,363.7115799273379,112.60435730697729,0.3740319117333267,0.27224767814798717,1.0339451985417774,0.7115409828040256,0.2762241533218875,0.4454019487292257,0.08734210486614281,1.5975255268507915,0.3,egmIsoCut,muIsoCut
mu,0.32,0.32,0.3,0.24,0.3,2.0,150.0,3,2Mu2E_200GeV_0p25GeV_1p0mm_info,17.688329875518672,0.27928941908713695,1.4895435684647302,0.0,0.9090909090909091,0.7300116593856283,581.2360609409851,1285.2405419967417,832.804146643426,2869.805718951217,177.48501344168827,205.33985890511067,195.9143639644762,328.08304026579725,372.9707714152497,114.31191130231666,0.35831446725546734,0.277620572531899,0.9865171160510514,0.6979264732093698,0.26902726453431025,0.4478493207778673,0.087983084756228,1.5583957389890526,0.3,egmIsoCut,muIsoCut
mu,0.33,0.33,0.3,0.24,0.3,2.0,150.0,3,2Mu2E_200GeV_0p25GeV_1p0mm_info,17.75039419087137,0.21722510373443984,1.4895435684647302,0.0,0.912280701754386,0.7111921803420318,617.045228241291,1249.431374696436,889.1149225914493,2813.4949430031943,180.50114862821906,202.693667872138,199.03738553348285,326.19785173671784,394.8427498543005,118.36968632441436,0.36010727936477926,0.26802613495620187,1.0294209479100451,0.6939994061091976,0.25563704218097544,0.444085168094442,0.0885505691637653,1.5627619564218531,0.3,egmIsoCut,muIsoCut
mu,0.34,0.34,0.3,0.24,0.3,2.0,150.0,3,2Mu2E_200GeV_0p25GeV_1p0mm_info,17.75039419087137,0.21722510373443984,1.4895435684647302,0.0,0.912280701754386,0.7089694474181859,620.9571733553257,1245.519429582401,959.6283763779422,2742.9814892167005,180.52834169179218,202.66944885102578,204.3704724568426,322.8833060184762,435.74329344040075,127.55388393844434,0.29827158435762435,0.2895093072863513,0.8379048132274459,0.6470808790576723,0.23319799759968768,0.45407504005361615,0.09119298202503674,1.425052737937911,0.3,egmIsoCut,muIsoCut
mu,0.35000000000000003,0.35000000000000003,0.3,0.24,0.3,2.0,150.0,3,2Mu2E_200GeV_0p25GeV_1p0mm_info,17.75039419087137,0.21722510373443984,1.4895435684647302,0.0,0.912280701754386,0.7088948633278355,621.0890776619142,1245.3875252758125,967.8031790982066,2734.8066864964367,180.5283677367597,202.66942565139982,204.5037931860382,322.7988814884217,440.72219514545566,128.5411209508271,0.29040420932122735,0.29218751903448437,0.8138740301249728,0.6417514336341005,0.23061694989293088,0.45538411596882544,0.0915479860531433,1.4092530045075908,0.3,egmIsoCut,muIsoCut
mu,0.36,0.36,0.3,0.24,0.3,2.0,150.0,3,2Mu2E_200GeV_0p25GeV_1p0mm_info,17.75039419087137,0.21722510373443984,1.4895435684647302,0.0,0.912280701754386,0.7081294091342709,622.4452173501581,1244.0313855875686,976.6628287216868,2725.9470368729562,180.53078952613,202.6672684096748,204.63809628766157,322.7137568580177,445.71636779131586,129.53209618838295,0.28392675312247284,0.2940067894775547,0.795382799669624,0.6373184266312774,0.22803368541160945,0.45636667505273587,0.09190487115969542,1.3965051820614014,0.3,egmIsoCut,muIsoCut
mu,0.37,0.37,0.3,0.24,0.3,2.0,150.0,3,2Mu2E_200GeV_0p25GeV_1p0mm_info,17.78142634854772,0.18619294605809128,1.4895435684647302,0.0,0.9138755980861244,0.7064771363372291,627.5864045780434,1238.8901983596836,976.9426387219264,2725.667226872716,180.56039002545964,202.64089716891039,204.63814423379105,322.7137264545841,444.04711167213964,129.19321777094925,0.29245262734667754,0.2895102455983132,0.8266785798155819,0.6423984169624082,0.22861764474909316,0.4545273121184054,0.09177861156545591,1.4133329281542975,0.3,egmIsoCut,muIsoCut
mu,0.38,0.38,0.3,0.24,0.3,2.0,150.0,3,2Mu2E_200GeV_0p25GeV_1p0mm_info,17.78142634854772,0.18619294605809128,1.4895435684647302,0.0,0.9138755980861244,0.6970615897283027,644.8148554856691,1221.661747452058,995.6236118522761,2706.9862537423664,180.78900776580917,202.43695888503464,204.9261428586489,322.5309214489839,449.3245134800534,130.24167375542385,0.3031728260329456,0.28101125828081036,0.8773570222999126,0.6476492198553266,0.2252609546708508,0.4512995755937548,0.09210791587272774,1.435076066719636,0.3,egmIsoCut,muIsoCut
mu,0.39,0.39,0.3,0.24,0.3,2.0,150.0,3,2Mu2E_200GeV_0p25GeV_1p0mm_info,17.812458506224065,0.15516078838174274,1.4895435684647302,0.0,0.9154704944178629,0.6978633967883525,645.5781779572453,1220.8984249804819,1051.8571539163756,2650.752711678267,180.79023937521555,202.43585897320483,207.91383872750728,320.6130923453472,484.4702174077509,138.04664504579316,0.24955608174253385,0.2998184510771581,0.7082644590750405,0.6137508078483533,0.21037913073533157,0.4605855610754035,0.09452885354408724,1.3325446121570337,0.3,egmIsoCut,muIsoCut
mu,0.4,0.4,0.3,0.24,0.3,2.0,150.0,3,2Mu2E_200GeV_0p25GeV_1p0mm_info,17.812458506224065,0.15516078838174274,1.4895435684647302,0.0,0.9154704944178629,0.6958266207679616,649.3975896406309,1217.0790132970963,1055.8270725475577,2646.7827930470853,180.8173818726258,202.41161543818586,207.9374653461925,320.5977695228945,485.5045057132057,138.2768235646692,0.25237710540028613,0.2977803173629338,0.7199978118929612,0.6150605591820342,0.20976587398536475,0.459833355609791,0.09460799711538537,1.3375727351627078,0.3,egmIsoCut,muIsoCut
mu,0.41000000000000003,0.41000000000000003,0.3,0.24,0.3,2.0,150.0,3,2Mu2E_200GeV_0p25GeV_1p0mm_info,17.812458506224065,0.15516078838174274,1.4895435684647302,0.0,0.9154704944178629,0.690310734540711,659.9114098240788,1206.5651931136483,1056.8019386902313,2645.807926904412,180.9927295308345,202.2548380349533,207.93857919269473,320.5970470871144,481.9323512763532,137.58072011093995,0.26970144158466935,0.289109985681259,0.7828507774684846,0.6244418993420406,0.2107788678120468,0.45602901890362324,0.09432409880297929,1.3693029905055443,0.3,egmIsoCut,muIsoCut
mu,0.42,0.42,0.3,0.24,0.3,2.0,150.0,3,2Mu2E_200GeV_0p25GeV_1p0mm_info,17.843490663900415,0.12412863070539419,1.4895435684647302,0.0,0.9170653907496014,0.6895181763746666,663.7598291589153,1202.7167737788118,1057.7160760788768,2644.8937895157665,181.01984401321508,202.23057069839444,207.939674590736,320.5963366115602,480.9769192389673,137.40643106814022,0.27537507075648393,0.286194537808829,0.8042773577041974,0.627540645519523,0.21097356263266917,0.4547315958570148,0.09425714057779698,1.3800242851760098,0.3,egmIsoCut,muIsoCut
mu,0.43,0.43,0.3,0.24,0.3,2.0,150.0,3,2Mu2E_200GeV_0p25GeV_1p0mm_info,17.843490663900415,0.12412863070539419,1.4895435684647302,0.0,0.9170653907496014,0.681688255539147,679.231604878049,1187.2449980596782,1066.5779771976715,2636.0318883969717,181.3194916038718,201.96195091175093,208.07177430380844,320.51061769576216,480.3771054676441,137.3732517936661,0.2927639084846585,0.2766729188491773,0.8741539632342812,0.6368325798950613,0.2105584522590351,0.45039098475461453,0.09417484903933096,1.4139549890014456,0.3,egmIsoCut,muIsoCut
mu,0.44,0.44,0.3,0.24,0.3,2.0,150.0,3,2Mu2E_200GeV_0p25GeV_1p0mm_info,17.843490663900415,0.12412863070539419,1.4895435684647302,0.0,0.9170653907496014,0.6749774165260893,692.9228595831137,1173.5537433546133,1110.9843714005904,2591.6254941940524,181.52019054811913,201.78158507391484,210.76277322694062,318.7475062480383,503.08189620240347,142.896188235574,0.2739712808651241,0.280536853958019,0.8217615229372923,0.6237017166223168,0.2017304555348495,0.4528253584415239,0.09572781168430942,1.3773559828206026,0.3,egmIsoCut,muIsoCut
mu,0.45,0.45,0.3,0.24,0.3,2.0,150.0,3,2Mu2E_200GeV_0p25GeV_1p0mm_info,17.843490663900415,0.12412863070539419,1.4895435684647302,0.0,0.9170653907496014,0.6630362787012297,718.320756719978,1148.155846217749,1146.4762474598606,2556.133618134783,181.89750372217753,201.4415195316185,213.29103884986392,317.06127493593385,514.9704994809142,146.36292338408572,0.2830911613463727,0.27289869686502904,0.8709864261573117,0.6265465667618441,0.19687374394119045,0.4491767715396511,0.09651316744914352,1.3948774880192925,0.3,egmIsoCut,muIsoCut
mu,0.46,0.46,0.3,0.24,0.3,2.0,150.0,3,2Mu2E_200GeV_0p25GeV_1p0mm_info,17.843490663900415,0.12412863070539419,1.4895435684647302,0.0,0.9170653907496014,0.6307624229105797,794.3284967423823,1072.1481061953448,1196.129230545613,2506.4806350490303,187.85865560719455,195.89413764843624,216.03909205612106,315.1952252513049,511.6447625254794,146.35101488317278,0.3558776191162928,0.23906511340578196,1.1870607172925818,0.6640825058510194,0.19761791243686447,0.42775040477197707,0.09487693359060864,1.5525000057101639,0.3,egmIsoCut,muIsoCut
mu,0.47000000000000003,0.47000000000000003,0.3,0.24,0.3,2.0,150.0,3,2Mu2E_200GeV_0p25GeV_1p0mm_info,17.843490663900415,0.12412863070539419,1.4895435684647302,0.0,0.9170653907496014,0.6235829679266809,812.8611022232694,1053.6155007144573,1280.3275789030513,2422.2822866915917,188.1723099081863,195.5928665247905,221.2048374605229,311.5916224832074,556.901642114935,158.35935672665707,0.3148870814561745,0.25121211312258224,1.0407392729036413,0.6348852556309894,0.18339237055858426,0.4349680904257899,0.09823848854586271,1.4596134052258887,0.3,egmIsoCut,muIsoCut
mu,0.48,0.48,0.3,0.24,0.3,2.0,150.0,3,2Mu2E_200GeV_0p25GeV_1p0mm_info,17.843490663900415,0.12412863070539419,1.4895435684647302,0.0,0.9170653907496014,0.6207213437021123,820.4277881814083,1046.0488147563185,1282.373614013728,2420.2362515809145,188.31595924816315,195.4545654212538,221.2078030889431,311.58951710578674,554.2539072942193,157.98056901717763,0.3244330393503617,0.24723306584360727,1.082860077058951,0.6397728237822472,0.18369570322999446,0.4322093820688094,0.09807241018992767,1.480238167713798,0.3,egmIsoCut,muIsoCut
mu,0.49,0.49,0.3,0.24,0.3,2.0,150.0,3,2Mu2E_200GeV_0p25GeV_1p0mm_info,17.874522821576765,0.09309647302904564,1.4895435684647302,0.0,0.9186602870813397,0.6165459378151221,834.5634924524111,1031.9131104853159,1326.2648966183792,2376.344968976264,188.51032043813527,195.2671163813267,223.75686728602415,309.76407742021763,575.922331422508,164.17628904054112,0.30991190408997127,0.25099134102387394,1.034647462315461,0.6292585248846778,0.1774074448410065,0.4342438172728208,0.09978095089897825,1.449090349372403,0.3,egmIsoCut,muIsoCut
mu,0.5,0.5,0.3,0.24,0.3,2.0,150.0,3,2Mu2E_200GeV_0p25GeV_1p0mm_info,17.874522821576765,0.09309647302904564,1.4895435684647302,0.0,0.9186602870813397,0.6138533409522334,841.9529988819295,1024.5236040557977,1449.723926581352,2252.8859390132907,188.6536672564841,195.12862804377727,252.11525740149875,287.15643176329877,659.2772214635795,189.66555240167543,0.21696671626674424,0.2855332493407228,0.6828668078142005,0.5807678161643991,0.16472637223267722,0.45476053017780127,0.10421924250343874,1.2770849218979752,0.3,egmIsoCut,muIsoCut
mu,0.51,0.51,0.3,0.24,0.3,2.0,150.0,3,2Mu2E_200GeV_0p25GeV_1p0mm_info,17.874522821576765,0.09309647302904564,1.4895435684647302,0.0,0.9186602870813397,0.6113871963965332,848.8068757155178,1017.6697272222091,1451.2699440907963,2251.339921503846,188.70448833572226,195.0794805547736,252.11702538676838,287.1548795124011,656.015324039617,189.21666354994562,0.2271324104359823,0.28145410673361904,0.7214419604361855,0.5848718077375229,0.16501701336172772,0.45202846425004883,0.10407905273249483,1.2938826954357217,0.3,egmIsoCut,muIsoCut
mu,0.52,0.52,0.3,0.24,0.3,2.0,150.0,3,2Mu2E_200GeV_0p25GeV_1p0mm_info,17.874522821576765,0.09309647302904564,1.4895435684647302,0.0,0.9186602870813397,0.605087256650976,866.6976580199068,999.7789449178201,1600.7457837116347,2101.864081883008,189.01558586510524,194.77806845648215,279.4185004478469,260.66495914320865,761.4155189745264,220.42260222283204,0.12147504734916703,0.31841745026220303,0.3625829594795236,0.5414336660067927,0.15124472859627255,0.47566298579218447,0.10985164980851922,1.1382715960231204,0.3,egmIsoCut,muIsoCut
mu,0.53,0.53,0.3,0.24,0.3,2.0,150.0,3,2Mu2E_200GeV_0p25GeV_1p0mm_info,17.874522821576765,0.09309647302904564,1.4895435684647302,0.0,0.9186602870813397,0.6049482882409883,867.0986175576611,999.3779853800659,1703.1039360058337,1999.5059295888095,189.01567834783378,194.77797870979992,283.7001215212125,255.99836008557412,851.2325746432717,243.94298745142228,0.018297852854475716,0.3534727184115078,0.05141266138729442,0.5091284208943846,0.13967795050555987,0.49981246396482754,0.11655128278440202,1.0186389047917233,0.3,egmIsoCut,muIsoCut
mu,0.54,0.54,0.3,0.24,0.3,2.0,150.0,3,2Mu2E_200GeV_0p25GeV_1p0mm_info,17.874522821576765,0.09309647302904564,1.4895435684647302,0.0,0.9186602870813397,0.5936312474328558,900.7024612408754,965.7741416968515,1720.016385311667,1982.5934802829765,191.8273847763855,192.0094844048584,283.8929657022894,255.7844861253566,837.8658382311436,241.98843072965968,0.06976401832316903,0.3338144143428776,0.20348785397871552,0.5236592330936826,0.14109755100076918,0.48712666076103817,0.11545202739544115,1.074996043689273,0.3,egmIsoCut,muIsoCut
mu,0.55,0.55,0.3,0.24,0.3,2.0,150.0,3,2Mu2E_200GeV_0p25GeV_1p0mm_info,17.874522821576765,0.09309647302904564,1.4895435684647302,0.0,0.9186602870813397,0.5900196688654848,911.8355050382967,954.6410978994303,1735.6148628316337,1966.9950027630093,191.99379686224918,191.84308592697423,284.08414153967897,255.57214215034801,842.3454436115758,244.21774766984024,0.0762089884006023,0.3310105437537465,0.2236918719968307,0.5253674214051431,0.1401120091840542,0.4853297016812243,0.11614105160063296,1.082495918929389,0.3,egmIsoCut,muIsoCut
mu,0.56,0.56,0.3,0.24,0.3,2.0,150.0,3,2Mu2E_200GeV_0p25GeV_1p0mm_info,17.90555497925311,0.062064315352697096,1.4895435684647302,0.0,0.9202551834130782,0.5676287231242267,989.103788108339,877.3728148293877,1755.6098077478498,1947.0000578467934,197.65288385433985,186.0073255429201,284.2932059525963,255.33956287040346,791.1270020552906,235.176110337127,0.2001577472791597,0.28649533221435614,0.6444467197638954,0.56339613947429,0.14490874313259455,0.4506280373713409,0.11233671268719272,1.2502465287352336,0.3,egmIsoCut,muIsoCut
mu,0.5700000000000001,0.5700000000000001,0.3,0.24,0.3,2.0,150.0,3,2Mu2E_200GeV_0p25GeV_1p0mm_info,17.90555497925311,0.062064315352697096,1.4895435684647302,0.0,0.9202551834130782,0.566560399379789,992.8598697848192,873.6167331529077,1764.0562669521576,1938.5535986424854,197.6776915922505,185.98096111786853,284.38910656083357,255.23274748195,794.9788306662518,236.69146172010863,0.19930409631870183,0.28678495937261445,0.6416755352053842,0.5628277784473562,0.14418743958085883,0.4506538966808434,0.11280333751587047,1.2489135955390511,0.3,egmIsoCut,muIsoCut
mu,0.58,0.58,0.3,0.24,0.3,2.0,150.0,3,2Mu2E_200GeV_0p25GeV_1p0mm_info,17.90555497925311,0.062064315352697096,1.4895435684647302,0.0,0.9202551834130782,0.5651056950113423,998.0087067860669,868.4678961516599,1783.3978198842158,1919.212045710427,197.70472491061338,185.95222343275628,284.5971796294464,255.00071502766153,807.0102290666792,240.70738545268992,0.19137957055952826,0.28953649439026735,0.6131731766377801,0.5596108146251189,0.14235417497707423,0.45251273724169583,0.11402879920567548,1.236674171949816,0.3,egmIsoCut,muIsoCut
mu,0.59,0.59,0.3,0.24,0.3,2.0,150.0,3,2Mu2E_200GeV_0p25GeV_1p0mm_info,17.93658713692946,0.031032157676348548,1.4895435684647302,0.0,0.9218500797448166,0.5562072170392186,1033.9737375239274,832.5028654137994,1825.1028434675266,1877.507022127117,200.41682352604474,183.0259120979793,286.5674147862759,252.78456460069816,809.2663989827238,244.27934758337722,0.217324029021582,0.2807678436989164,0.7111586324641238,0.5665290266928044,0.14131944051136477,0.4434086560542487,0.11431141162777386,1.2776679457143763,0.3,egmIsoCut,muIsoCut
mu,0.6,0.6,0.3,0.24,0.3,2.0,150.0,3,2Mu2E_200GeV_0p25GeV_1p0mm_info,17.93658713692946,0.031032157676348548,1.4895435684647302,0.0,0.9218500797448166,0.551434767822453,1052.0517963979069,814.42480653982,1825.956056329852,1876.6538092647913,200.70981040647922,182.7045693412242,286.568206648863,252.78366690850217,792.4231419695084,241.78775782353372,0.24678314824168768,0.27105110226769696,0.8262156574523596,0.5761649042707618,0.1423341911024684,0.43397711528845256,0.11355811442376941,1.327638909917637,0.3,egmIsoCut,muIsoCut
mu,0.61,0.61,0.3,0.24,0.3,2.0,150.0,3,2Mu2E_200GeV_0p25GeV_1p0mm_info,17.93658713692946,0.031032157676348548,1.4895435684647302,0.0,0.9218500797448166,0.54289106290133,1085.6141299081155,780.8624730296117,1876.2485693097653,1826.3612962848777,203.35987814235813,179.75023675503817,288.6201570356278,250.4382643894171,802.1918230690361,247.8444161460023,0.2610709450355696,0.2669829333462684,0.8840468813998336,0.5786089048464892,0.14024893104622319,0.4275509312522203,0.1145585506879398,1.3533098925824978,0.3,egmIsoCut,muIsoCut
mu,0.62,0.62,0.3,0.24,0.3,2.0,150.0,3,2Mu2E_200GeV_0p25GeV_1p0mm_info,17.93658713692946,0.031032157676348548,1.4895435684647302,0.0,0.9218500797448166,0.5406941187087981,1094.502591410754,771.9740115269733,1957.2064611092221,1745.4034044854209,203.49495294661023,179.59730448095237,292.49085320112295,245.90652718326365,865.6523295910746,268.64138094844594,0.20909065324797804,0.2861246907787576,0.6790528314746002,0.5592167270848157,0.13339537247772912,0.4422897363114554,0.1202946745250866,1.2643674070949313,0.3,egmIsoCut,muIsoCut
mu,0.63,0.63,0.3,0.24,0.3,2.0,150.0,3,2Mu2E_200GeV_0p25GeV_1p0mm_info,17.93658713692946,0.031032157676348548,1.4895435684647302,0.0,0.9218500797448166,0.5387124095904289,1102.6137143665499,763.8628885711773,1965.3786625766088,1737.2312030180344,203.62884268903406,179.44548497159698,292.58402317077935,245.79566453225917,864.1796323504907,269.65623345011795,0.21624443711280994,0.28418389160915886,0.7056264561503015,0.5610184619186944,0.13307858057046812,0.43970134041119197,0.12058183300490227,1.2759080092729562,0.3,egmIsoCut,muIsoCut
mu,0.64,0.64,0.3,0.24,0.3,2.0,150.0,3,2Mu2E_200GeV_0p25GeV_1p0mm_info,17.96761929460581,0.0,1.4895435684647302,0.0,0.9234449760765551,0.5394728297195831,1103.308812296006,763.1677906417212,1989.491048460033,1713.1188171346103,203.6299172780846,179.44426555587515,292.8633057111405,245.46283524313228,886.2873215614335,276.72355828828057,0.1967005867404854,0.2913549254826742,0.6316640665025426,0.5545683722226461,0.13092140311348546,0.44548444801873566,0.12266352490137009,1.244865841420625,0.3,egmIsoCut,muIsoCut
mu,0.65,0.65,0.3,0.24,0.3,2.0,150.0,3,2Mu2E_200GeV_0p25GeV_1p0mm_info,17.96761929460581,0.0,1.4895435684647302,0.0,0.9234449760765551,0.5385586796594203,1107.0777462528717,759.3988566848553,2012.410458109835,1690.1994074848083,203.65399701709396,179.41693663232718,293.1408583969369,245.1313045205794,904.1668067695086,283.15346691718145,0.1832851759238736,0.2966286528338537,0.5817654318726023,0.550125220126663,0.12908460972772157,0.4492954223755879,0.12455586260866315,1.2244175941476354,0.3,egmIsoCut,muIsoCut
mu,0.66,0.66,0.3,0.24,0.3,2.0,150.0,3,2Mu2E_200GeV_0p25GeV_1p0mm_info,17.96761929460581,0.0,1.4895435684647302,0.0,0.9234449760765551,0.5377930563367953,1110.2491224431258,756.2274804946013,2028.4405329178894,1674.1693326767538,203.6770205383254,179.39079953051547,293.3267208945113,244.90886902463845,916.2528805189845,287.685038119583,0.17473217316961132,0.30010477952682224,0.550364412651328,0.5473412231839228,0.1278550799736911,0.45170310179168277,0.1258884670074164,1.2117278385135963,0.3,egmIsoCut,muIsoCut
mu,0.67,0.67,0.3,0.24,0.3,2.0,150.0,3,2Mu2E_200GeV_0p25GeV_1p0mm_info,17.96761929460581,0.0,1.4895435684647302,0.0,0.9234449760765551,0.5375596143420367,1111.2187860800439,755.2578168576832,2040.1938782510529,1662.41598734359,203.67815765052953,179.38950846594417,293.42339040985985,244.79304172716388,926.8873652475475,291.31955574491616,0.16588220352424687,0.30348580744986026,0.5185713561250959,0.544663327307222,0.1268969049071031,0.45431337439465186,0.12696343092799484,1.1988714354556622,0.3,egmIsoCut,muIsoCut
mu,0.68,0.68,0.3,0.24,0.3,2.0,150.0,3,2Mu2E_200GeV_0p25GeV_1p0mm_info,17.96761929460581,0.0,1.4895435684647302,0.0,0.9234449760765551,0.5374000945285123,1111.8821211199008,754.5944818178261,2074.927326373962,1627.682539220681,203.67922987519026,179.38829105885486,295.2439015501196,242.59422481814636,961.9374005231164,302.6285529585986,0.13485667027882264,0.3149544776713452,0.4110477662794913,0.5358655732116506,0.12429682924715532,0.46360052629127474,0.13007970455564674,1.1558778362451052,0.3,egmIsoCut,muIsoCut
mu,0.6900000000000001,0.6900000000000001,0.3,0.24,0.3,2.0,150.0,3,2Mu2E_200GeV_0p25GeV_1p0mm_info,17.96761929460581,0.0,1.4895435684647302,0.0,0.9234449760765551,0.5373912462232786,1111.9189325299849,754.5576704077421,2078.1830824786684,1624.426783115974,203.67923201071284,179.38828863416146,295.2597976393566,242.57487754427544,965.3306641423009,303.741912140504,0.13183359334852496,0.3160879951482504,0.40083113251847907,0.5350437802639548,0.12403302480813763,0.464507036112979,0.13040943456522325,1.1518529078509365,0.3,egmIsoCut,muIsoCut
mu,0.7000000000000001,0.7000000000000001,0.3,0.24,0.3,2.0,150.0,3,2Mu2E_200GeV_0p25GeV_1p0mm_info,17.96761929460581,0.0,1.4895435684647302,0.0,0.9234449760765551,0.509212770089197,1239.0628686168775,627.4137343208497,2094.4320427593743,1608.1778228352687,234.49947213776156,136.65791312133453,295.4443574460516,242.3500587393032,817.1207254382776,245.2047422499968,0.3405332803246691,0.23396478718797378,1.2436158578485659,0.5915985065738565,0.1396424120929353,0.3901395264950858,0.1033331446479112,1.51637674831009,0.3,egmIsoCut,muIsoCut
mu,0.71,0.71,0.3,0.24,0.3,2.0,150.0,3,2Mu2E_200GeV_0p25GeV_1p0mm_info,17.96761929460581,0.0,1.4895435684647302,0.0,0.9234449760765551,0.508916815723393,1240.51134596221,625.965256975517,2105.8207416537766,1596.7891239408661,234.50135472606777,136.65468262451148,295.5524751694247,242.2181944835702,825.5132765686948,248.15935351220392,0.3345379070850977,0.2363114956215858,1.2154730109203002,0.589086868328589,0.13869564464642611,0.3920149803066284,0.10421222213614813,1.5027151969238877,0.3,egmIsoCut,muIsoCut
mu,0.72,0.72,0.3,0.24,0.3,2.0,150.0,3,2Mu2E_200GeV_0p25GeV_1p0mm_info,17.96761929460581,0.0,1.4895435684647302,0.0,0.9234449760765551,0.5074010771457125,1247.9695388896596,618.5070640480674,2109.5820258360127,1593.0278397586308,234.61661986509563,136.45669398986715,295.5690661243327,242.19794893442813,819.063768129817,247.64946174900808,0.3436828843927132,0.23367387994661276,1.2572789453353581,0.5915719434493655,0.1387027690736642,0.3882587915988845,0.1040282815873535,1.523653697610347,0.3,egmIsoCut,muIsoCut
mu,0.73,0.73,0.3,0.24,0.3,2.0,150.0,3,2Mu2E_200GeV_0p25GeV_1p0mm_info,17.96761929460581,0.0,1.4895435684647302,0.0,0.9234449760765551,0.5067584066184015,1251.1520219317615,615.3245810059655,2111.0329504489523,1591.5769151456907,234.63660693733735,136.42232345368,295.57055975024235,242.1961261593225,816.1531204452552,247.43666601481854,0.3476786944042771,0.23254553441916162,1.2756662512131498,0.5926729005654221,0.13870744313801442,0.3866131602880402,0.10396316557765345,1.5329868753662195,0.3,egmIsoCut,muIsoCut
mu,0.74,0.74,0.3,0.24,0.3,2.0,150.0,3,2Mu2E_200GeV_0p25GeV_1p0mm_info,17.96761929460581,0.0,1.4895435684647302,0.0,0.9234449760765551,0.5065938963148094,1251.9686191562955,614.5079837814316,2114.881523769059,1587.7283418255838,234.6375594987191,136.42068510329392,295.5871640910611,242.17586118822447,818.5352285225454,248.38683965373986,0.34620148141240303,0.23318525618549135,1.2685056931322267,0.5919804987113821,0.13840029886453226,0.3870359730902485,0.10424803119697272,1.5295231964738971,0.3,egmIsoCut,muIsoCut
mu,0.75,0.75,0.3,0.24,0.3,2.0,150.0,3,2Mu2E_200GeV_0p25GeV_1p0mm_info,17.96761929460581,0.0,1.4895435684647302,0.0,0.9234449760765551,0.5064534968444022,1252.666164353359,613.8104385843682,2124.4362713219953,1578.1735942726475,234.63849208795276,136.4190810783402,295.68083846600615,242.06148202821035,826.2723214841806,251.01797116982758,0.34038904777897305,0.23541489431112428,1.2409374483989044,0.5896463834962906,0.13759979271753475,0.38893721249167307,0.10502782168405163,1.516045172738298,0.3,egmIsoCut,muIsoCut
mu,0.0,0.0,0.4,0.24,0.4,2.0,150.0,3,2Mu2E_200GeV_0p25GeV_1p0mm_info,1.1171576763485478,17.005622406639006,0.12412863070539419,1.2102541493775933,0.05741626794258373,3.3686912225206753,0.002601254145426209,2142.3000889312098,0.6660902792728509,3426.117688067742,0.0026012528776918815,282.0169510716454,0.6608980106962666,374.3692154605225,0.416496277840129,0.4193478234857181,-159.1136430949876,227.2112971019357,-0.9869779637505751,0.0039052576300406512,0.005501383294563665,0.6252850263703059,0.10697567650512194,0.006245563967380025,0.4,egmIsoCut,muIsoCut
mu,0.01,0.01,0.4,0.24,0.4,2.0,150.0,3,2Mu2E_200GeV_0p25GeV_1p0mm_info,2.2963796680497923,15.82640041493776,0.24825726141078838,1.0861255186721992,0.11802232854864432,0.6184719121251169,13.041621631307136,2129.2610685540476,1.421917008384357,3425.3618613386307,6.158301253933771,281.9497047776059,0.9391974434158021,374.3686207187643,0.8838869150847766,0.6032223363609434,0.9322256894063728,0.05624595943277136,1.9647992978284816,9.171858522267474,7.4470536983420565,0.6216163882089623,0.10672842893976768,14.754853147765253,0.4,egmIsoCut,muIsoCut
mu,0.02,0.02,0.4,0.24,0.4,2.0,150.0,3,2Mu2E_200GeV_0p25GeV_1p0mm_info,4.437598547717842,13.68518153526971,0.4034180497925311,0.9309647302904565,0.22807017543859648,1.110015520001187,14.569078314456114,2127.733611870899,117.63934626591586,3309.1444320810992,6.229716202469241,281.9481358947954,115.93875284250657,355.9648182897179,75.64045518892424,75.65662067863762,-4.191849035080708,5.647595829546568,-0.8044951663527711,0.12384528456596221,0.13304796846509945,0.6429860211730866,0.10974263307981956,0.19260960656658518,0.4,egmIsoCut,muIsoCut
mu,0.03,0.03,0.4,0.24,0.4,2.0,150.0,3,2Mu2E_200GeV_0p25GeV_1p0mm_info,6.4546887966804976,11.668091286307053,0.5585788381742739,0.7758039419087137,0.33173843700159494,0.5392454774705299,141.14186305486137,2001.160827130494,118.42938311928343,3308.3543952277314,116.37505742730028,256.8859799742016,115.94067698392008,355.9641915856397,71.63568770667499,71.14936212745329,0.49245612778378567,0.6551663160514772,0.509570235592755,1.1917807839351968,1.5254120307886163,0.6048810339113454,0.10131580114624986,1.9702730241495232,0.4,egmIsoCut,muIsoCut
mu,0.04,0.04,0.4,0.24,0.4,2.0,150.0,3,2Mu2E_200GeV_0p25GeV_1p0mm_info,8.720036307053942,9.40274377593361,0.8068360995850622,0.5275466804979253,0.44816586921850077,0.7262407939372717,141.2925239955347,2001.0101661898211,169.73443926383345,3257.049339083181,116.3751013673144,256.88596006839424,120.9568112417118,354.29111770540425,104.2785365403964,76.35482693329918,0.26196706243500945,0.813357750270277,0.265928525502624,0.8324328557500996,0.9066361047013957,0.6143628658548601,0.103376149633443,1.3549530774321854,0.4,egmIsoCut,muIsoCut
mu,0.05,0.05,0.4,0.24,0.4,2.0,150.0,3,2Mu2E_200GeV_0p25GeV_1p0mm_info,10.644030082987552,7.47875,0.8378682572614108,0.49651452282157676,0.5470494417862838,0.8591587966410419,149.97739957858565,1992.3252906067698,170.45885282795868,3256.324925519056,116.61090076970667,256.77900716411955,120.95862380477779,354.29049888186665,104.29225929989953,76.06827238546605,0.3046134978140348,0.7413392921041092,0.32813143485254503,0.8798451772402538,0.926173581270508,0.6118324602662908,0.10319620925457018,1.4380491954567343,0.4,egmIsoCut,muIsoCut
mu,0.06,0.06,0.4,0.24,0.4,2.0,150.0,3,2Mu2E_200GeV_0p25GeV_1p0mm_info,12.040477178423236,6.082302904564315,0.8999325726141079,0.4344502074688797,0.6188197767145134,0.9284619157680026,164.20808455418336,1978.094605631172,170.46405534005274,3256.3197230069622,116.9245275911042,256.63634884035906,120.95862386071853,354.2904988627679,103.55065135029155,75.54087931621758,0.36939370779808844,0.6428462581743675,0.4357447213186088,0.9633003522449963,0.9683571850453635,0.6074632634060125,0.10285679916806165,1.5857754868069307,0.4,egmIsoCut,muIsoCut
mu,0.07,0.07,0.4,0.24,0.4,2.0,150.0,3,2Mu2E_200GeV_0p25GeV_1p0mm_info,12.971441908713693,5.151338174273859,0.9930290456431535,0.341353734439834,0.6666666666666665,0.9581253994658169,179.01376999531183,1963.2889201900434,171.1325928882006,3255.6511854588143,117.38604037593295,256.42558028280484,120.96042939097252,354.2898824299944,103.19985292080611,75.02423782001708,0.4235088567571713,0.5643997567362735,0.5441983437173428,1.0460530456186095,1.00855475372416,0.603040316161315,0.10251948372892734,1.734632026391395,0.4,egmIsoCut,muIsoCut
mu,0.08,0.08,0.4,0.24,0.4,2.0,150.0,3,2Mu2E_200GeV_0p25GeV_1p0mm_info,13.778278008298756,4.344502074688797,1.024061203319502,0.3103215767634855,0.7081339712918661,1.0111983866997034,181.12298113269478,1961.1797090526607,360.5164822539168,3066.267296093098,117.39166146912876,256.42300699436237,173.97571007396328,331.4893641958486,230.58577139582752,117.95088567782625,-0.27308953261372837,1.0511553959921864,-0.2972295158123495,0.5023986143444263,0.40596566705245024,0.6395984171215304,0.1085110925452235,0.7854907093195094,0.4,egmIsoCut,muIsoCut
mu,0.09,0.09,0.4,0.24,0.4,2.0,150.0,3,2Mu2E_200GeV_0p25GeV_1p0mm_info,14.429953319502074,3.6928267634854772,1.0550933609958506,0.27928941908713695,0.7416267942583732,1.0479707326222099,184.84745390738175,1957.4552362779737,361.2460983136556,3065.5376800333593,117.43342191810687,256.4038847504406,173.9769703042774,331.4887027855584,230.66852883092204,117.79727778669627,-0.24788588619943375,1.0171584249318248,-0.27547725768594133,0.5116939802817914,0.40792819750721093,0.6385356960468588,0.10845882911829698,0.8013553250815297,0.4,egmIsoCut,muIsoCut
mu,0.1,0.1,0.4,0.24,0.4,2.0,150.0,3,2Mu2E_200GeV_0p25GeV_1p0mm_info,14.9575,3.165280082987552,1.1171576763485478,0.21722510373443984,0.7687400318979266,1.0648304109058935,192.3901807358224,1949.912509449533,370.61597477758625,3056.167803569429,117.66346092947218,256.2984015958974,174.13604384680966,331.4051666828532,236.46238422399853,118.18388532707806,-0.2290771978050854,0.9707682828651404,-0.26426990655368454,0.5191092500836734,0.40035537799641224,0.6380253424475406,0.10871839725855349,0.8136185438846503,0.4,egmIsoCut,muIsoCut
mu,0.11,0.11,0.4,0.24,0.4,2.0,150.0,3,2Mu2E_200GeV_0p25GeV_1p0mm_info,15.485046680497925,2.6377334024896264,1.1171576763485478,0.21722510373443984,0.79585326953748,1.0781376672891896,201.1915070858597,1941.111183099496,404.77567028338166,3022.0081080636323,117.89672328720452,256.1911851267597,177.18523885922409,329.78498662174934,259.9975089865385,122.21033992744452,-0.2922886892814167,0.9707908663602635,-0.34630729611205685,0.4970444664942595,0.3635569695309334,0.6423249421204476,0.11000092132228154,0.7738209026313269,0.4,egmIsoCut,muIsoCut
mu,0.12,0.12,0.4,0.24,0.4,2.0,150.0,3,2Mu2E_200GeV_0p25GeV_1p0mm_info,15.950529045643153,2.1722510373443984,1.1792219917012448,0.15516078838174274,0.8197767145135567,1.0635860084339535,219.6534407570197,1922.6492494283355,415.95053222434973,3010.833246122665,118.39583352851902,255.96090971396504,177.3654086871959,329.688122430778,265.6164965663066,122.16602230989967,-0.2092526101611636,0.8568415036174363,-0.2701741517976707,0.5280758737881504,0.3629380893884164,0.6385771287414581,0.1100759391090272,0.8269570738133238,0.4,egmIsoCut,muIsoCut
mu,0.13,0.13,0.4,0.24,0.4,2.0,150.0,3,2Mu2E_200GeV_0p25GeV_1p0mm_info,16.353947095435686,1.7688329875518671,1.1792219917012448,0.15516078838174274,0.8405103668261563,1.0547305875219637,235.02522904696966,1907.2774611383854,431.4120569185107,2995.371721428504,118.85343478446596,255.74874728617544,177.6712196204134,329.52341948532654,274.6979570974979,122.75405152166253,-0.1688019971787782,0.7887721731494941,-0.23218816840693174,0.5447813181803667,0.35529885488455026,0.6367414927149001,0.11043892763763628,0.8555769090177567,0.4,egmIsoCut,muIsoCut
mu,0.14,0.14,0.4,0.24,0.4,2.0,150.0,3,2Mu2E_200GeV_0p25GeV_1p0mm_info,16.63323651452282,1.4895435684647302,1.1792219917012448,0.15516078838174274,0.8548644338118023,1.0628111634325403,239.4474010052582,1902.8552891800973,503.15760140582614,2923.626176941189,118.89652225170252,255.72871894834915,181.40861146892442,327.4807810477197,327.482395210989,131.23720683802938,-0.36765900918589467,0.8726850169302616,-0.4971302260929074,0.475889463532381,0.29202197552396103,0.6508545121767032,0.11386772048725792,0.7311764067530653,0.4,egmIsoCut,muIsoCut
mu,0.15,0.15,0.4,0.24,0.4,2.0,150.0,3,2Mu2E_200GeV_0p25GeV_1p0mm_info,16.85046161825726,1.2723184647302905,1.2102541493775933,0.12412863070539419,0.8660287081339714,1.0750640645559673,240.11838581847792,1902.1843043668778,543.7756222552119,2883.0081560918024,118.898359121177,255.7278649205146,182.17909335423326,327.0527850597473,358.7785388555313,135.76125200520912,-0.494173541241264,0.931164293411777,-0.6575212259209935,0.44157622370534,0.26399889244104596,0.6597915099017525,0.11606112490356778,0.6692663016701954,0.4,egmIsoCut,muIsoCut
mu,0.16,0.16,0.4,0.24,0.4,2.0,150.0,3,2Mu2E_200GeV_0p25GeV_1p0mm_info,16.974590248962656,1.1481898340248962,1.241286307053942,0.09309647302904564,0.8724082934609251,0.8835924362937752,363.4429102219848,1778.8597799633706,543.7834260151128,2883.000352331902,166.2280895282146,227.81962810590574,182.17909340994643,327.05278502871323,335.5235335876957,126.21683194448771,0.07681915329490518,0.5467057219346275,0.13376715396715128,0.668359668269632,0.3789234967669418,0.6170168444566951,0.10556421037272914,1.0832113811384614,0.4,egmIsoCut,muIsoCut
mu,0.17,0.17,0.4,0.24,0.4,2.0,150.0,3,2Mu2E_200GeV_0p25GeV_1p0mm_info,17.09871887966805,1.024061203319502,1.2723184647302905,0.062064315352697096,0.8787878787878789,0.88125399082476,370.80861150580756,1771.4940786795478,559.9955748870022,2866.7882034600125,166.3906312559133,227.70094099228493,182.4780574491719,326.8860731513113,346.04190285203646,127.47573526673102,0.06679108274534562,0.5417907290711574,0.11815674155759918,0.6621634672392377,0.36720848077981816,0.6179368523079167,0.10617599762577667,1.0715714150501627,0.4,egmIsoCut,muIsoCut
mu,0.18,0.18,0.4,0.24,0.4,2.0,150.0,3,2Mu2E_200GeV_0p25GeV_1p0mm_info,17.28491182572614,0.8378682572614108,1.2723184647302905,0.062064315352697096,0.8883572567783093,0.8460205119061653,411.697233636877,1730.605456548478,561.50722825397,2865.2765500930445,169.73720204852754,225.2173237991489,182.4804977572607,326.8847108828586,339.1461368977373,124.8709183964945,0.1762243969876437,0.45535163479681634,0.34429883727906896,0.7332002384315989,0.3849086971179736,0.6039924685427939,0.10452948818215324,1.2139228162903002,0.4,egmIsoCut,muIsoCut
mu,0.19,0.19,0.4,0.24,0.4,2.0,150.0,3,2Mu2E_200GeV_0p25GeV_1p0mm_info,17.31594398340249,0.8068360995850622,1.2723184647302905,0.062064315352697096,0.8899521531100479,0.7851112502866965,480.7028444969105,1661.5998456884445,570.4614670311211,2856.322311315894,173.54113069501975,222.29943017382527,182.63103674078675,326.80062834959955,331.8528451200703,121.24338014335423,0.30965075634745254,0.3545834388338506,0.7031208225552268,0.8426561166324773,0.4065985351977546,0.5817270127764235,0.10240568119698265,1.4485421823729843,0.4,egmIsoCut,muIsoCut
mu,0.2,0.2,0.4,0.24,0.4,2.0,150.0,3,2Mu2E_200GeV_0p25GeV_1p0mm_info,17.378008298755187,0.7447717842323651,1.303350622406639,0.031032157676348548,0.8931419457735246,0.7824427926528528,487.52266515856286,1654.7800250267926,582.3234691576417,2844.4603091893728,173.5963736062857,222.25629298010938,182.80703631129083,326.7022095820444,338.7697981769298,122.04253083038004,0.30511990028864067,0.3519782219482078,0.700993489264767,0.837202501667651,0.39742178619862556,0.5817553578374167,0.10281024325151394,1.4390971916095772,0.4,egmIsoCut,muIsoCut
mu,0.21,0.21,0.4,0.24,0.4,2.0,150.0,3,2Mu2E_200GeV_0p25GeV_1p0mm_info,17.440072614107883,0.682707468879668,1.303350622406639,0.031032157676348548,0.8963317384370015,0.7769654740347399,498.06059845824706,1644.242091727108,591.0640667549192,2835.719711592095,173.77901001746267,222.11352137108616,182.95724139542241,326.6181166005413,342.7180808783811,122.2926491986891,0.31189481372493766,0.343410651062136,0.7310366738180223,0.8426507826684795,0.3930343999820193,0.5798323737729212,0.10293381898427528,1.4532661865452954,0.4,egmIsoCut,muIsoCut
mu,0.22,0.22,0.4,0.24,0.4,2.0,150.0,3,2Mu2E_200GeV_0p25GeV_1p0mm_info,17.50213692946058,0.620643153526971,1.303350622406639,0.031032157676348548,0.8995215311004784,0.7459411595363216,544.7166234777015,1597.5860667076533,600.6186185355626,2826.1651598114518,177.01735592463137,219.54137742112698,183.10856015454814,326.53330836047326,339.52012077087164,120.12365664542683,0.3767032138596552,0.2994315983314218,0.9591885673604222,0.9069259704366771,0.4041167859727761,0.5652840426403942,0.10148980190504198,1.6043721421897956,0.4,egmIsoCut,muIsoCut
mu,0.23,0.23,0.4,0.24,0.4,2.0,150.0,3,2Mu2E_200GeV_0p25GeV_1p0mm_info,17.53316908713693,0.5896109958506224,1.3343827800829875,0.0,0.9011164274322169,0.7413698431724339,553.4939906967729,1588.808699488582,600.8694208843513,2825.9143574626637,177.17248879450176,219.4162024848564,183.10861141808633,326.5332796136528,337.8257237826914,119.57777863656396,0.38964879572149425,0.29128059049470245,1.0089757457009743,0.9211551985490428,0.4071141796331331,0.5622281847618142,0.10123795455442207,1.6384009615940662,0.4,egmIsoCut,muIsoCut
mu,0.24,0.24,0.4,0.24,0.4,2.0,150.0,3,2Mu2E_200GeV_0p25GeV_1p0mm_info,17.595233402489626,0.5275466804979253,1.3343827800829875,0.0,0.904306220095694,0.7381557097252719,562.3557378302971,1579.9469523550576,603.6447222946684,2823.1390560523464,177.3275099297745,219.29093670423106,183.11340767126435,326.5305899938397,337.8248893727155,119.27715410182999,0.39926835160227103,0.28437779269915225,1.0506319340041388,0.9316005210690533,0.40762378679962097,0.5596419166699957,0.10111134695102708,1.6646367852720914,0.4,egmIsoCut,muIsoCut
mu,0.25,0.25,0.4,0.24,0.4,2.0,150.0,3,2Mu2E_200GeV_0p25GeV_1p0mm_info,17.626265560165976,0.49651452282157676,1.3343827800829875,0.0,0.9059011164274322,0.7272689459249171,581.5492310834342,1560.753459101921,605.9651691288046,2820.81860921821,177.6609869391188,219.0208538434904,183.11706002567283,326.5285417819732,335.2793514345045,118.25973908200781,0.423472109472358,0.26902254383592117,1.1539124670985232,0.9597073573049203,0.4123918134601777,0.5532980582308636,0.10065185336568087,1.7345214627600996,0.4,egmIsoCut,muIsoCut
mu,0.26,0.26,0.4,0.24,0.4,2.0,150.0,3,2Mu2E_200GeV_0p25GeV_1p0mm_info,17.657297717842322,0.4654823651452282,1.3343827800829875,0.0,0.9074960127591707,0.7276058139138495,583.0633317180092,1559.2393584673457,688.8764086230188,2737.907369723995,177.66349342925017,219.0188206548198,189.16255257915168,323.0638868280504,392.31539434912514,129.55708073926976,0.3271478877034524,0.3023367092232664,0.8674900700985977,0.8463975894942937,0.3471769929834424,0.5695004059339417,0.10447449215251954,1.4862106869024256,0.4,egmIsoCut,muIsoCut
mu,0.27,0.27,0.4,0.24,0.4,2.0,150.0,3,2Mu2E_200GeV_0p25GeV_1p0mm_info,17.688329875518672,0.4344502074688797,1.3343827800829875,0.0,0.9090909090909091,0.7269298111360535,586.2244568820229,1556.0782333033321,689.7665868806986,2737.0171914663156,177.6898845334969,218.99741010565828,189.16375449228346,323.0631830727401,392.1534637237576,129.43936298998065,0.33105236548894423,0.29977765693635433,0.8827955224792164,0.8498881622159754,0.3473998722518745,0.5685306757133253,0.10442879685971243,1.4948853219742908,0.4,egmIsoCut,muIsoCut
mu,0.28,0.28,0.4,0.24,0.4,2.0,150.0,3,2Mu2E_200GeV_0p25GeV_1p0mm_info,17.688329875518672,0.4344502074688797,1.3343827800829875,0.0,0.9090909090909091,0.7259889339837529,587.7600693799566,1554.5426208053987,737.9813436473586,2688.802434699656,177.69239295397495,218.9953748023083,192.25468823207484,321.2333748592998,426.6670683029195,136.25757377792377,0.2740795257612145,0.31922740543978195,0.7194181990487004,0.7964429920071466,0.31784549093531494,0.5781542744619851,0.10679260577118421,1.3775613658625896,0.4,egmIsoCut,muIsoCut
mu,0.29,0.29,0.4,0.24,0.4,2.0,150.0,3,2Mu2E_200GeV_0p25GeV_1p0mm_info,17.719362033195022,0.4034180497925311,1.3343827800829875,0.0,0.9106858054226475,0.7061606675530845,623.7565132498528,1518.546176935502,747.4411522890607,2679.342626057954,180.70511401914672,216.5161020936792,192.39865715427223,321.1471671927693,423.62029150514064,134.5991109577723,0.32085632373115647,0.29201949753035455,0.888212192962227,0.8345225725658535,0.323412254684137,0.5667607278617065,0.10556961205262165,1.472442481528965,0.4,egmIsoCut,muIsoCut
mu,0.3,0.3,0.4,0.24,0.4,2.0,150.0,3,2Mu2E_200GeV_0p25GeV_1p0mm_info,17.78142634854772,0.341353734439834,1.3343827800829875,0.0,0.9138755980861244,0.7047149319765322,630.7584079753403,1511.544282210015,758.7401147779841,2668.0436635690307,180.75821465355264,216.47177306469666,192.5646176932659,321.04768225818736,429.8540154481093,135.52423505503506,0.31851242882692643,0.2903530999826143,0.8892678846635582,0.8313233947830837,0.31823076505633935,0.5665365611700779,0.10597302039323205,1.4673781919142816,0.4,egmIsoCut,muIsoCut
mu,0.31,0.31,0.4,0.24,0.4,2.0,150.0,3,2Mu2E_200GeV_0p25GeV_1p0mm_info,17.812458506224065,0.3103215767634855,1.3343827800829875,0.0,0.9154704944178629,0.7024137944173476,637.1648842325501,1505.137805952805,760.4654511131156,2666.3183272338997,180.81011311653202,216.4284262598151,192.56697666209013,321.04626733530125,429.28306380384254,135.272674888437,0.3262606360975091,0.28570302844097045,0.920597463774636,0.8378617112715813,0.31866150079637623,0.5645004163903676,0.10587138737144186,1.4842534867010209,0.4,egmIsoCut,muIsoCut
mu,0.32,0.32,0.4,0.24,0.4,2.0,150.0,3,2Mu2E_200GeV_0p25GeV_1p0mm_info,17.843490663900415,0.27928941908713695,1.3343827800829875,0.0,0.9170653907496013,0.7031627366473111,638.0232996006307,1504.2793905847245,776.0169079837802,2650.766870363235,180.8113681807704,216.42737773930364,192.84868975598306,320.87712466006093,440.3805760803558,137.2340711427553,0.30977352025229943,0.2907340380212481,0.8706986343407691,0.8221770595930962,0.3098956536529781,0.5674883775722581,0.10670158669254327,1.4487998205538732,0.4,egmIsoCut,muIsoCut
mu,0.33,0.33,0.4,0.24,0.4,2.0,150.0,3,2Mu2E_200GeV_0p25GeV_1p0mm_info,17.90555497925311,0.21722510373443984,1.3343827800829875,0.0,0.9202551834130782,0.6867125036055624,673.9272518269003,1468.3754383584546,832.2328990058396,2594.550879341175,183.77294157558816,213.91836443645693,196.02053831363224,318.9493609179073,470.9987989151837,142.71550803717335,0.3011132913257515,0.2848958362483262,0.8721335130781448,0.809782036533227,0.29178758655039344,0.5659459022562371,0.10788009751966707,1.4308470709035912,0.4,egmIsoCut,muIsoCut
mu,0.34,0.34,0.4,0.24,0.4,2.0,150.0,3,2Mu2E_200GeV_0p25GeV_1p0mm_info,17.90555497925311,0.21722510373443984,1.3343827800829875,0.0,0.9202551834130782,0.6847439525162768,677.8417981938128,1464.4608919915422,902.7437515394553,2524.040026807559,183.7996505981257,213.89541635696693,201.4335141088206,315.5586881460868,523.7765271461988,154.2717214109527,0.22728794750949055,0.3093520814946535,0.6420385343931198,0.7508684463757123,0.2636753673589567,0.5802050983493366,0.11154900617553612,1.2941431375075934,0.4,egmIsoCut,muIsoCut
mu,0.35000000000000003,0.35000000000000003,0.4,0.24,0.4,2.0,150.0,3,2Mu2E_200GeV_0p25GeV_1p0mm_info,17.90555497925311,0.21722510373443984,1.3343827800829875,0.0,0.9202551834130782,0.6846620156861527,678.0054653900005,1464.2972247953546,910.8867913701207,2515.8969869768944,183.7996785113373,213.8953923712299,201.56877527113588,315.4723048167652,530.1524695209082,155.49760773710688,0.21807050741699363,0.31230064475541297,0.6141282741910871,0.7443355989059528,0.2604725104640387,0.582017957164,0.11204501831634381,1.2788876867869823,0.4,egmIsoCut,muIsoCut
mu,0.36,0.36,0.4,0.24,0.4,2.0,150.0,3,2Mu2E_200GeV_0p25GeV_1p0mm_info,17.90555497925311,0.21722510373443984,1.3343827800829875,0.0,0.9202551834130782,0.6839842202047712,679.3616050782443,1462.941085107111,919.7464409936008,2507.037337353414,183.80205719768225,213.8933483500908,201.70503263197483,315.3852026992415,536.7031580913799,156.74768640195913,0.2099889748264976,0.31451465368378095,0.5905623733811027,0.7386401020963245,0.2572468549925107,0.5835338242913779,0.11255147015925307,1.265805119340429,0.4,egmIsoCut,muIsoCut
mu,0.37,0.37,0.4,0.24,0.4,2.0,150.0,3,2Mu2E_200GeV_0p25GeV_1p0mm_info,17.93658713692946,0.18619294605809128,1.3343827800829875,0.0,0.9218500797448166,0.6825486988916019,684.6242916012073,1457.678398584148,919.9047516987625,2506.879026648252,183.83115646147286,213.86833943468775,201.70505803185367,315.3851864547132,534.8982823072419,156.34418710194285,0.21869806714538942,0.3101009186298339,0.6204349645580458,0.7442338897988413,0.2580012024553723,0.5814713765957401,0.11238194066479595,1.2799149188666936,0.4,egmIsoCut,muIsoCut
mu,0.38,0.38,0.4,0.24,0.4,2.0,150.0,3,2Mu2E_200GeV_0p25GeV_1p0mm_info,17.93658713692946,0.18619294605809128,1.3343827800829875,0.0,0.9218500797448166,0.6741451774741755,701.9476814200672,1440.3550087652882,938.4907859178782,2488.2929924291366,184.0557347701285,213.67509727795013,201.99721744147192,315.19814469093944,543.2478845094782,157.80387068211033,0.2260849364008627,0.3028496421544731,0.6545861982223882,0.7479537273597596,0.25373082999299545,0.5788526564788401,0.11291827376437738,1.2921314586505677,0.4,egmIsoCut,muIsoCut
mu,0.39,0.39,0.4,0.24,0.4,2.0,150.0,3,2Mu2E_200GeV_0p25GeV_1p0mm_info,17.96761929460581,0.15516078838174274,1.3343827800829875,0.0,0.9234449760765551,0.6748988561519045,702.8033415499997,1439.4993486353553,994.631990323621,2432.1517880233937,184.05696768233733,213.67403526422288,205.02757774343107,313.23543642980275,588.6853399747467,167.6578930512515,0.1623754396550976,0.3240833849411174,0.4583601720131245,0.7065963576350789,0.23549648570471352,0.5918624634053923,0.1163127473191073,1.1938522905634925,0.4,egmIsoCut,muIsoCut
mu,0.4,0.4,0.4,0.24,0.4,2.0,150.0,3,2Mu2E_200GeV_0p25GeV_1p0mm_info,17.96761929460581,0.15516078838174274,1.3343827800829875,0.0,0.9234449760765551,0.67158958454312,709.805236276755,1432.4974539086002,995.4194259114336,2431.364352435581,184.10910157969911,213.6291164940523,205.02866579428846,313.2347242457669,586.4755694722925,167.1834225178388,0.17375141870096866,0.31844318950689304,0.4959183083240728,0.7130715131732914,0.23617890173152878,0.5891743261241855,0.11610965955477455,1.2102895213784162,0.4,egmIsoCut,muIsoCut
mu,0.41000000000000003,0.41000000000000003,0.4,0.24,0.4,2.0,150.0,3,2Mu2E_200GeV_0p25GeV_1p0mm_info,17.96761929460581,0.15516078838174274,1.3343827800829875,0.0,0.9234449760765551,0.6667094726900147,720.3216577130804,1421.9810324722746,996.3916908012293,2430.392087545785,184.2813171404017,213.48057722310952,205.02979542665764,313.23398483882715,582.971814503834,166.4193471953274,0.19067848611592875,0.31023684806011603,0.5531513880094501,0.7229302134523498,0.23735048127352637,0.5850829747837905,0.1157655886099085,1.2356028881535972,0.4,egmIsoCut,muIsoCut
mu,0.42,0.42,0.4,0.24,0.4,2.0,150.0,3,2Mu2E_200GeV_0p25GeV_1p0mm_info,17.998651452282157,0.12412863070539419,1.3343827800829875,0.0,0.9250398724082936,0.666092613713831,724.1726783007947,1418.1300118845604,997.3032269369976,2429.480551410017,184.30794784087507,213.45758609428387,205.0309063486653,313.2332576731796,582.1432224463962,166.23702379791808,0.1961265042305348,0.3074952020836495,0.5722336277799415,0.7261308885211726,0.2375677816088819,0.5837173757417029,0.11568711406141781,1.2439768262826019,0.4,egmIsoCut,muIsoCut
mu,0.43,0.43,0.4,0.24,0.4,2.0,150.0,3,2Mu2E_200GeV_0p25GeV_1p0mm_info,17.998651452282157,0.12412863070539419,1.3343827800829875,0.0,0.9250398724082936,0.6591453742570317,739.6444540199284,1402.6582361654268,1006.1651280557921,2420.618650291223,184.60225823708805,213.20311196668965,205.16487894176473,313.1455232308434,583.0351689805021,166.36202233869722,0.2117359011999118,0.29882290092278446,0.6302079076107009,0.7351123919879232,0.23691814015567478,0.5794627071871375,0.11565955700883264,1.2686103572675964,0.4,egmIsoCut,muIsoCut
mu,0.44,0.44,0.4,0.24,0.4,2.0,150.0,3,2Mu2E_200GeV_0p25GeV_1p0mm_info,17.998651452282157,0.12412863070539419,1.3343827800829875,0.0,0.9250398724082936,0.6531755813062423,753.3357087249931,1388.9669814603621,1050.5715222587107,2376.2122560883035,184.79939201028637,213.03226377978956,207.89350847865546,311.34070630603844,614.0904089443736,173.52803692630664,0.18483831068659895,0.305033946261504,0.549288794659049,0.7170722723430902,0.22600293609875574,0.5845298448829926,0.1179114846865311,1.2267504877986668,0.4,egmIsoCut,muIsoCut
mu,0.45,0.45,0.4,0.24,0.4,2.0,150.0,3,2Mu2E_200GeV_0p25GeV_1p0mm_info,17.998651452282157,0.12412863070539419,1.3343827800829875,0.0,0.9250398724082936,0.641965616722817,780.0845430430784,1362.2181471422768,1084.7124611367603,2342.071317210254,185.17238446053904,212.70813038459923,210.45416875702907,309.61555051950415,630.9009414589091,177.88898284487436,0.19124029941961174,0.2980895137146587,0.5809900222068684,0.7191625163276569,0.22047922469798223,0.5816296613737945,0.11899756508028851,1.2364612124990555,0.4,egmIsoCut,muIsoCut
mu,0.46,0.46,0.4,0.24,0.4,2.0,150.0,3,2Mu2E_200GeV_0p25GeV_1p0mm_info,17.998651452282157,0.12412863070539419,1.3343827800829875,0.0,0.9250398724082936,0.6130008824534341,856.1214447022039,1286.1812454831513,1134.3362825857912,2292.4474957612238,191.03137292964652,207.46222609219168,213.2387824472603,307.7043514985085,636.4211417843015,179.30024573445553,0.2566228241068341,0.2671637585623545,0.8385656565673187,0.7547333695001107,0.22020651034120284,0.5610515607713256,0.11773317502430526,1.3452121378336677,0.4,egmIsoCut,muIsoCut
mu,0.47000000000000003,0.47000000000000003,0.4,0.24,0.4,2.0,150.0,3,2Mu2E_200GeV_0p25GeV_1p0mm_info,17.998651452282157,0.12412863070539419,1.3343827800829875,0.0,0.9250398724082936,0.6054648653989673,877.7150339301153,1264.5876562552398,1215.4736471962055,2211.3101311508094,191.3643090926968,207.1551638361645,218.44930656240055,304.0273782624092,695.0960650408339,194.17689983741616,0.2080617989093505,0.28063347194955585,0.6698514828978324,0.7221176995114497,0.2040359091432196,0.5718725919268156,0.12230228568074974,1.2627247916855253,0.4,egmIsoCut,muIsoCut
mu,0.48,0.48,0.4,0.24,0.4,2.0,150.0,3,2Mu2E_200GeV_0p25GeV_1p0mm_info,17.998651452282157,0.12412863070539419,1.3343827800829875,0.0,0.9250398724082936,0.6028891711448832,885.2817198882542,1257.0209702971008,1217.5196823068825,2209.264096040132,191.50556411211278,207.02458697607588,218.45230959890063,304.02522050253293,692.7409788410441,193.78785073135256,0.21749092602015296,0.27671395223612477,0.7067054349452676,0.7271190213622469,0.20435540902587054,0.5689772320793044,0.12211406517648113,1.2779404523886126,0.4,egmIsoCut,muIsoCut
mu,0.49,0.49,0.4,0.24,0.4,2.0,150.0,3,2Mu2E_200GeV_0p25GeV_1p0mm_info,18.029683609958507,0.09309647302904564,1.3343827800829875,0.0,0.9266347687400319,0.599192101285414,899.4174241592568,1242.8852660260982,1261.4109649115333,2165.372813435482,191.6966913904127,206.8476231637246,221.03315380121762,302.1540851807153,724.027332829087,202.04516946730988,0.19500410667951895,0.2826661951467786,0.6297359936319363,0.7130248976568361,0.19673634404360069,0.5739821144490094,0.12465928012448503,1.2422423621009515,0.4,egmIsoCut,muIsoCut
mu,0.5,0.5,0.4,0.24,0.4,2.0,150.0,3,2Mu2E_200GeV_0p25GeV_1p0mm_info,18.029683609958507,0.09309647302904564,1.3343827800829875,0.0,0.9266347687400319,0.5967617538699929,906.806930588775,1235.4957595965802,1384.8699948745063,2041.9137834725084,191.8376572721397,206.71689324012786,249.7010661496688,278.93032075130594,837.9398876235789,235.76498319013837,0.07594454854958144,0.3252879649734545,0.22657210530636915,0.6547957093047913,0.1820109175187751,0.6050675447694359,0.13069249285207019,1.0821861376721247,0.4,egmIsoCut,muIsoCut
mu,0.51,0.51,0.4,0.24,0.4,2.0,150.0,3,2Mu2E_200GeV_0p25GeV_1p0mm_info,18.029683609958507,0.09309647302904564,1.3343827800829875,0.0,0.9266347687400319,0.5945338064968816,913.6608074223635,1228.6418827629916,1386.4160123839506,2040.3677659630641,191.88763507946368,206.67050152869885,249.70285122827437,278.928722721734,834.8537984985066,235.27700641394284,0.0862541200012602,0.3211529873285526,0.25957065871153706,0.6590091280403768,0.18232902867042974,0.6021668756284563,0.1305231566424854,1.0943961793856507,0.4,egmIsoCut,muIsoCut
mu,0.52,0.52,0.4,0.24,0.4,2.0,150.0,3,2Mu2E_200GeV_0p25GeV_1p0mm_info,18.029683609958507,0.09309647302904564,1.3343827800829875,0.0,0.9266347687400319,0.5888337260812307,931.5515897267524,1210.7511004586027,1535.891852004789,1890.8919263422258,192.193580221275,206.3860179863008,277.24216456769466,251.5741013231032,983.4421122086067,277.01225970495557,-0.055703326637094985,0.36860165718995663,-0.15390656966470273,0.6065216040509653,0.1662683301844889,0.6403068750738709,0.13845742735148234,0.9472358140477443,0.4,egmIsoCut,muIsoCut
mu,0.53,0.53,0.4,0.24,0.4,2.0,150.0,3,2Mu2E_200GeV_0p25GeV_1p0mm_info,18.029683609958507,0.09309647302904564,1.3343827800829875,0.0,0.9266347687400319,0.5864137449645903,939.3053982692115,1202.9972919161437,1630.897155294283,1795.8866230527317,192.33427055031152,206.2549128394107,281.46085693098087,246.84515852328485,1092.4770172171145,305.25295538093553,-0.16306902869944206,0.4028981604997038,-0.4245411416735745,0.5759439798027737,0.1542321208365361,0.6698626051745031,0.1471991345876588,0.8597941956361885,0.4,egmIsoCut,muIsoCut
mu,0.54,0.54,0.4,0.24,0.4,2.0,150.0,3,2Mu2E_200GeV_0p25GeV_1p0mm_info,18.029683609958507,0.09309647302904564,1.3343827800829875,0.0,0.9266347687400319,0.5740813641328596,980.354428615487,1161.948261569868,1640.3644179370551,1786.4193604099594,195.23668567076544,203.50969821315167,281.55922661792397,246.73294911102622,1066.9491307604412,300.2919370739179,-0.08832999537447717,0.3752355819220394,-0.2417633700841053,0.59764429043663,0.15712718329899691,0.6504342078464803,0.14508016158723844,0.9188389590015074,0.4,egmIsoCut,muIsoCut
mu,0.55,0.55,0.4,0.24,0.4,2.0,150.0,3,2Mu2E_200GeV_0p25GeV_1p0mm_info,18.029683609958507,0.09309647302904564,1.3343827800829875,0.0,0.9266347687400319,0.5708406935555775,991.5850125770202,1150.717677608335,1655.8653552929102,1770.9184230541043,195.40021610765075,203.35268929521618,281.7519708058887,246.51282566573565,1075.9578257640296,303.48582114887114,-0.08508883466051365,0.37335648416507855,-0.2337520926774057,0.5988319094952115,0.15590849678390123,0.6497858188316892,0.1461745095578557,0.9215835312809804,0.4,egmIsoCut,muIsoCut
mu,0.56,0.56,0.4,0.24,0.4,2.0,150.0,3,2Mu2E_200GeV_0p25GeV_1p0mm_info,18.060715767634854,0.062064315352697096,1.3343827800829875,0.0,0.9282296650717704,0.5508833818343211,1068.8532956470626,1073.4493945382926,1675.8603002091259,1750.9234781378887,200.96340193495718,197.85669506297273,281.96276443791527,246.27169090505794,1027.429951709504,294.3266333403451,0.03875493868640023,0.3293790827470536,0.11623009118981117,0.6377937919489371,0.16091954928589336,0.6130761326473894,0.14214439799451697,1.0403174385452127,0.4,egmIsoCut,muIsoCut
mu,0.5700000000000001,0.5700000000000001,0.4,0.24,0.4,2.0,150.0,3,2Mu2E_200GeV_0p25GeV_1p0mm_info,18.060715767634854,0.062064315352697096,1.3343827800829875,0.0,0.9282296650717704,0.5499220656038812,1072.6144258440277,1069.6882643413273,1684.3017108929487,1742.4820674540656,200.9878010908387,197.83190973951298,282.0594573780137,246.16094079753634,1033.972060547304,296.4553174437841,0.036026333755782236,0.33017642270496134,0.1078899749011889,0.6368303368138069,0.16004070293839467,0.6138876745539454,0.1428676325108678,1.0373727364318426,0.4,egmIsoCut,muIsoCut
mu,0.58,0.58,0.4,0.24,0.4,2.0,150.0,3,2Mu2E_200GeV_0p25GeV_1p0mm_info,18.060715767634854,0.062064315352697096,1.3343827800829875,0.0,0.9282296650717704,0.545972936444298,1088.2743277905752,1054.0283623947798,1693.1321988797076,1733.651579467307,201.1721333442529,197.64446226554256,282.1568458689933,246.0493052214716,1029.3933221872653,296.70041909956325,0.054104929336016405,0.32388684820184976,0.16425603929228402,0.6427580365612633,0.15997135799151835,0.6079816584129594,0.14297800074202485,1.057199715924132,0.4,egmIsoCut,muIsoCut
mu,0.59,0.59,0.4,0.24,0.4,2.0,150.0,3,2Mu2E_200GeV_0p25GeV_1p0mm_info,18.091747925311203,0.031032157676348548,1.3343827800829875,0.0,0.9298245614035088,0.5381353526830579,1124.244561034191,1018.0581291511642,1734.832019957263,1691.951758389752,203.83810278772555,194.89378787024992,284.1440026139209,243.75178368423852,1043.8594551360604,302.95183160202777,0.07150144077564802,0.31773517236610993,0.2201466087640904,0.6480423165476773,0.15834012705246012,0.6017063572309299,0.14416223831181446,1.0770075947510125,0.4,egmIsoCut,muIsoCut
mu,0.6,0.6,0.4,0.24,0.4,2.0,150.0,3,2Mu2E_200GeV_0p25GeV_1p0mm_info,18.091747925311203,0.031032157676348548,1.3343827800829875,0.0,0.9298245614035088,0.5338611440753895,1142.414957566527,999.8877326188283,1735.5928951612316,1691.1908831857832,204.12619997314792,194.59202240337544,284.144786226798,243.75087021554404,1026.1396640354715,299.9610910369538,0.10178026185750844,0.30773345818323317,0.32046945587085723,0.6582274914535184,0.15951583398128316,0.5912329250115684,0.14318086283734816,1.1133133213794533,0.4,egmIsoCut,muIsoCut
mu,0.61,0.61,0.4,0.24,0.4,2.0,150.0,3,2Mu2E_200GeV_0p25GeV_1p0mm_info,18.091747925311203,0.031032157676348548,1.3343827800829875,0.0,0.9298245614035088,0.5189446237862315,1209.383761149389,932.9189290359659,1752.4789380684917,1674.3048402785234,209.3062812345561,189.0091038396676,284.3373273439597,243.5262420142881,976.4773622639544,290.5356135645228,0.19258270729886617,0.2779198384600545,0.6504342907044046,0.6900988850013346,0.163711094092752,0.5571977734238487,0.13896707062064198,1.2385169466145567,0.4,egmIsoCut,muIsoCut
mu,0.62,0.62,0.4,0.24,0.4,2.0,150.0,3,2Mu2E_200GeV_0p25GeV_1p0mm_info,18.091747925311203,0.031032157676348548,1.3343827800829875,0.0,0.9298245614035088,0.5170562738611808,1218.277425157783,924.0252650275722,1833.431627362193,1593.352150984822,209.43752102820662,188.86366904217672,288.2655370775762,238.86340532631667,1063.2534335464813,317.14625385598316,0.12724851368827095,0.30046544587743224,0.4078931607011452,0.664479333167472,0.15480293735671757,0.5799253256453377,0.14699703327833147,1.1458015433763702,0.4,egmIsoCut,muIsoCut
mu,0.63,0.63,0.4,0.24,0.4,2.0,150.0,3,2Mu2E_200GeV_0p25GeV_1p0mm_info,18.091747925311203,0.031032157676348548,1.3343827800829875,0.0,0.9298245614035088,0.5153519303408622,1226.3885481135787,915.9141420717763,1841.6038288295797,1585.179949517435,209.5676141835202,188.71930421644885,288.3600722622703,238.74927224099753,1064.0754013019332,318.61270708349224,0.13235050756248035,0.2991278007122711,0.42562070885237074,0.6659350555830472,0.1543450412985562,0.5777982129729823,0.14746744313727436,1.1525391401897365,0.4,egmIsoCut,muIsoCut
mu,0.64,0.64,0.4,0.24,0.4,2.0,150.0,3,2Mu2E_200GeV_0p25GeV_1p0mm_info,18.122780082987553,0.0,1.3343827800829875,0.0,0.9314194577352473,0.5160882185379894,1227.083646043035,915.2190441423202,1865.7162147130036,1561.0675636340106,209.56865832079228,188.71814472417952,288.6434417968985,238.40660598722545,1093.8277435574162,327.74122750446475,0.10859561441905607,0.3074307276173956,0.34254619978702117,0.6577011210849089,0.15156090825489704,0.5862776637365912,0.15043695251961384,1.1218253086653622,0.4,egmIsoCut,muIsoCut
mu,0.65,0.65,0.4,0.24,0.4,2.0,150.0,3,2Mu2E_200GeV_0p25GeV_1p0mm_info,18.122780082987553,0.0,1.3343827800829875,0.0,0.9314194577352473,0.5153013145743582,1230.852579999901,911.4501101854543,1888.635624362806,1538.1481539842089,209.5920557672354,188.69215897269666,288.92504827722297,238.0652489312795,1119.136114077686,336.14552035389187,0.09076348194535533,0.3139343118921927,0.2820164131700963,0.6517152192420229,0.14918314984721223,0.5925632767068363,0.1531681044413711,1.0998238413691832,0.4,egmIsoCut,muIsoCut
mu,0.66,0.66,0.4,0.24,0.4,2.0,150.0,3,2Mu2E_200GeV_0p25GeV_1p0mm_info,18.122780082987553,0.0,1.3343827800829875,0.0,0.9314194577352473,0.5146419542073286,1234.023956190155,908.2787339952002,1904.6656991708603,1522.1180791761549,209.6144270680499,188.66730682194657,289.1136210057027,237.83620502286564,1136.5526588208816,342.1070449532147,0.07898655198736992,0.3183254381241134,0.24293883170577185,0.647895300853767,0.1475924631524945,0.5967202849905083,0.15510432599704785,1.0857604763077104,0.4,egmIsoCut,muIsoCut
mu,0.67,0.67,0.4,0.24,0.4,2.0,150.0,3,2Mu2E_200GeV_0p25GeV_1p0mm_info,18.122780082987553,0.0,1.3343827800829875,0.0,0.9314194577352473,0.5143039302289172,1235.6545075993229,906.6481825860324,1915.7581567317743,1511.0256216152409,209.61657381099153,188.6649217057969,289.21094365060276,237.71785028355688,1149.4964918056894,346.4585947670494,0.06972662282519781,0.3217453911103004,0.2127697875190417,0.6449950393046021,0.1464692220131224,0.6000217134748865,0.15652627377224915,1.0749528305721854,0.4,egmIsoCut,muIsoCut
mu,0.68,0.68,0.4,0.24,0.4,2.0,150.0,3,2Mu2E_200GeV_0p25GeV_1p0mm_info,18.122780082987553,0.0,1.3343827800829875,0.0,0.9314194577352473,0.5138927640508706,1237.642219436557,904.6604707487982,1949.167228057306,1477.616550289709,209.61969932942137,188.6614490338615,291.0563033815455,235.45482482331394,1193.364098254533,360.3480365514583,0.03577618837387586,0.3338303937734513,0.1062124400833336,0.6349594850669068,0.14337118503037946,0.6122430549193739,0.16068582925894503,1.0371036142672527,0.4,egmIsoCut,muIsoCut
mu,0.6900000000000001,0.6900000000000001,0.4,0.24,0.4,2.0,150.0,3,2Mu2E_200GeV_0p25GeV_1p0mm_info,18.122780082987553,0.0,1.3343827800829875,0.0,0.9314194577352473,0.5138851587606921,1237.6790308466411,904.6236593387141,1952.4229841620127,1474.3607941850023,209.61970140442483,188.66144672834753,291.0724281645848,235.43489085749445,1197.9483118892736,361.81092056015797,0.032100987386196156,0.33515584025562645,0.09501597608556499,0.6339195148216602,0.14303308767465533,0.6135700724725065,0.16116437551099574,1.0331656370838809,0.4,egmIsoCut,muIsoCut
mu,0.7000000000000001,0.7000000000000001,0.4,0.24,0.4,2.0,150.0,3,2Mu2E_200GeV_0p25GeV_1p0mm_info,18.122780082987553,0.0,1.3343827800829875,0.0,0.9314194577352473,0.48947414459217387,1364.8229669335335,777.4797232518217,1968.6719444427185,1458.1118339042966,239.67726654252223,148.6215616968753,291.2596413551041,235.20324740190944,1049.7154490822215,305.049696591389,0.230877942037634,0.2611492027470937,0.8122501115210178,0.6932708980722944,0.1591920400240628,0.5332099398507808,0.13336782633040395,1.3001837480117244,0.4,egmIsoCut,muIsoCut
mu,0.71,0.71,0.4,0.24,0.4,2.0,150.0,3,2Mu2E_200GeV_0p25GeV_1p0mm_info,18.122780082987553,0.0,1.3343827800829875,0.0,0.9314194577352473,0.48921528745319703,1366.2740455317437,776.0286446536114,1980.0580420842432,1446.725736262772,239.67910847534046,148.6185912292918,291.3693118837337,235.06737409327405,1062.1099218871059,309.1651036033777,0.22262307085417798,0.26419951907890454,0.7775367479981358,0.6900171694429624,0.15799395004693767,0.5364034282394625,0.13471871468355684,1.2863772547235162,0.4,egmIsoCut,muIsoCut
mu,0.72,0.72,0.4,0.24,0.4,2.0,150.0,3,2Mu2E_200GeV_0p25GeV_1p0mm_info,18.122780082987553,0.0,1.3343827800829875,0.0,0.9314194577352473,0.4877740084832827,1374.3957274843208,767.9069627010343,1983.1558372413513,1443.627941105664,239.7927954870825,148.43508995855254,291.38539153331493,235.04744174673436,1054.8972710880553,308.38768229629255,0.23246467520753433,0.2613031273075132,0.8178740892483682,0.6930346580307879,0.15807990175658418,0.5319285813440963,0.13443557976607987,1.3028716303974548,0.4,egmIsoCut,muIsoCut
mu,0.73,0.73,0.4,0.24,0.4,2.0,150.0,3,2Mu2E_200GeV_0p25GeV_1p0mm_info,18.122780082987553,0.0,1.3343827800829875,0.0,0.9314194577352473,0.4872127067082747,1377.5782105264225,764.7244796589324,1984.6067618542913,1442.1770164927239,239.81235115325796,148.4034936679721,291.3869066044056,235.04556351955065,1052.351657203295,308.21391525514724,0.23608572699392993,0.26027410321393507,0.8328040773949155,0.6941315715559189,0.15807599518100943,0.5302570148557008,0.1343782612633245,1.3090474092922908,0.4,egmIsoCut,muIsoCut
mu,0.74,0.74,0.4,0.24,0.4,2.0,150.0,3,2Mu2E_200GeV_0p25GeV_1p0mm_info,18.122780082987553,0.0,1.3343827800829875,0.0,0.9314194577352473,0.4870685361294885,1378.3974090038341,763.905281181521,1988.4527339215206,1438.3310444254946,239.81328317019566,148.4019875663561,291.4037493204958,235.02468200736988,1056.0778415439165,309.5516375548363,0.23383645772582928,0.26115392644710395,0.8231318060018606,0.6932009926559493,0.15768650925114716,0.5311053280412534,0.1348210080857902,1.3052043654175225,0.4,egmIsoCut,muIsoCut
mu,0.75,0.75,0.4,0.24,0.4,2.0,150.0,3,2Mu2E_200GeV_0p25GeV_1p0mm_info,18.122780082987553,0.0,1.3343827800829875,0.0,0.9314194577352473,0.4868297476032369,1379.7558419731472,762.5468482122078,1997.3465937022067,1429.437184644808,239.81510627837702,148.399041436271,291.49801887141433,234.90775054209743,1065.503518570818,312.79101666738967,0.2277593715080245,0.26345554544900823,0.7973032969864583,0.6907944000924163,0.1567800515722963,0.5334595016861048,0.13587959711653977,1.2949331634529393,0.4,egmIsoCut,muIsoCut
mu,0.0,0.0,0.5,0.24,0.5,2.0,150.0,3,2Mu2E_200GeV_0p25GeV_1p0mm_info,1.1171576763485478,17.16078319502075,0.12412863070539419,1.0550933609958506,0.05741626794258373,3.3686910631817057,0.0026012554131608456,2598.0186699063033,0.6660902780051163,2970.3991070926472,0.0026012528776921907,330.8477114081696,0.6608980106962666,332.0025030511826,0.5825866880879038,0.5864134062132179,-222.9636619842683,317.7742248427025,-0.98902876442997,0.0039052595407207927,0.005501384640302752,0.8746362277388305,0.14819769043185535,0.004465010042880269,0.5,egmIsoCut,muIsoCut
mu,0.01,0.01,0.5,0.24,0.5,2.0,150.0,3,2Mu2E_200GeV_0p25GeV_1p0mm_info,2.327411825726141,15.950529045643153,0.21722510373443984,0.9619968879668049,0.11961722488038279,0.6266069820999391,13.041621638913544,2584.9796495228034,1.4219170007779491,2969.643280369875,6.158301253933771,330.79039205583916,0.9391974434158021,332.0018324145114,1.2377333448156413,0.844161642714346,0.905093601157505,0.07872830954553976,1.8989861629563007,9.17185857668085,7.447053767417096,0.8704680682054308,0.14791376534961048,10.536697337548157,0.5,egmIsoCut,muIsoCut
mu,0.02,0.02,0.5,0.24,0.5,2.0,150.0,3,2Mu2E_200GeV_0p25GeV_1p0mm_info,4.468630705394191,13.809310165975104,0.37238589211618256,0.8068360995850622,0.22966507177033493,1.1142216790109707,14.661415986757616,2583.359855174959,117.54700859361436,2853.5181887770386,6.230400485238371,330.7890419294199,115.93871607203815,311.10177263075565,106.41818380235894,106.47696183980456,-6.258383767193922,7.890264827446622,-0.8602808121547216,0.12472810803246663,0.1339539987576808,0.9053244746556657,0.15225073551914403,0.13777171779201725,0.5,egmIsoCut,muIsoCut
mu,0.03,0.03,0.5,0.24,0.5,2.0,150.0,3,2Mu2E_200GeV_0p25GeV_1p0mm_info,6.485720954356847,11.792219917012448,0.5275466804979253,0.6516753112033195,0.3333333333333333,0.5415891403935238,141.26336236388426,2456.757908797833,118.30788381026055,2852.7573135603925,116.3750977136073,309.7047703587052,115.94063654666334,311.1010569181429,101.88522796607656,101.28058807334128,0.2787568817480959,0.9311692535192835,0.2552455953979881,1.1940316893034717,1.5286663526388442,0.8611871388848246,0.14354785899066502,1.386495031555693,0.5,egmIsoCut,muIsoCut
mu,0.04,0.04,0.5,0.24,0.5,2.0,150.0,3,2Mu2E_200GeV_0p25GeV_1p0mm_info,8.75106846473029,9.526872406639004,0.7758039419087137,0.4034180497925311,0.4497607655502392,0.7267567630744646,142.10407271606417,2455.9171984456525,168.922890543304,2802.142306827349,116.37702186404958,309.7040473304224,120.95496346190316,309.1860210817442,148.05123604381382,108.87410491620865,-0.0418507591941617,1.146734126388409,-0.0373178917576088,0.8412363313167156,0.915131246347801,0.8764427104440314,0.1468591194981727,0.9598303703051175,0.5,egmIsoCut,muIsoCut
mu,0.05,0.05,0.5,0.24,0.5,2.0,150.0,3,2Mu2E_200GeV_0p25GeV_1p0mm_info,10.706094398340248,7.571846473029046,0.7758039419087137,0.4034180497925311,0.5502392344497608,0.8618357816308825,150.7889483029183,2447.2323228587984,169.64730410362603,2801.4178932670266,116.61281738306106,309.61534033825717,120.9567760526585,309.1853119819538,148.19865579000808,108.5540413194126,0.01717826499927977,1.0468845276553465,0.016258533274660928,0.8888378692467259,0.9349401532086452,0.8735691767874105,0.14666444281433988,1.017478515571562,0.5,egmIsoCut,muIsoCut
mu,0.06,0.06,0.5,0.24,0.5,2.0,150.0,3,2Mu2E_200GeV_0p25GeV_1p0mm_info,12.102541493775934,6.175399377593361,0.8378682572614108,0.341353734439834,0.6220095693779903,0.9309478739321057,165.01963328358696,2433.0016378781306,169.65250661064914,2801.4126907600034,116.9264390636081,309.4970371404132,120.95677610860011,309.18531196006876,147.34167079890665,107.94081911230263,0.10712641964426528,0.910006106989452,0.1110898863668935,0.9726919842234069,0.9777279334044515,0.8684909745368772,0.14626498593410112,1.1199793811813588,0.5,egmIsoCut,muIsoCut
mu,0.07,0.07,0.5,0.24,0.5,2.0,150.0,3,2Mu2E_200GeV_0p25GeV_1p0mm_info,13.03350622406639,5.244434647302905,0.9309647302904565,0.24825726141078838,0.6698564593301435,0.960532159863163,179.82531872471543,2418.195952437002,170.321044158797,2800.744153211856,117.38794433344906,309.3222893293612,120.95858166643521,309.18460559943054,147.0572237479529,107.35221436982732,0.18222180952686307,0.8008539546235923,0.20599322482128632,1.0558021154277166,1.0184461342413262,0.8634119434521882,0.14588568551028736,1.2228254698519607,0.5,egmIsoCut,muIsoCut
mu,0.08,0.08,0.5,0.24,0.5,2.0,150.0,3,2Mu2E_200GeV_0p25GeV_1p0mm_info,13.840342323651452,4.437598547717842,0.9619968879668049,0.21722510373443984,0.7113237639553429,1.013485044891854,181.9345298633661,2416.086741298351,359.70493352324553,2611.3602638474076,117.3935653354787,309.32015609819973,173.97442540800918,282.770221420828,332.8067493010999,170.36383196912982,-0.8292665474280212,1.5066667566151328,-0.7292250857133505,0.5057882528364287,0.40786593859966447,0.925221530995745,0.15513963375631726,0.546667188226897,0.5,egmIsoCut,muIsoCut
mu,0.09,0.09,0.5,0.24,0.5,2.0,150.0,3,2Mu2E_200GeV_0p25GeV_1p0mm_info,14.492017634854772,3.785923236514523,0.9930290456431535,0.18619294605809128,0.7448165869218499,1.0483583146591202,186.31989041157055,2411.7013807501467,359.7736618094668,2611.291535561186,117.43718472330808,309.3035980958734,173.97443037387745,282.77021836557674,332.2749011848497,170.08157106504396,-0.7833571093825378,1.4480238195169899,-0.7061667829941354,0.5178808517401812,0.41141807229402255,0.923566498763936,0.1550231940706239,0.5607401875590896,0.5,egmIsoCut,muIsoCut
mu,0.1,0.1,0.5,0.24,0.5,2.0,150.0,3,2Mu2E_200GeV_0p25GeV_1p0mm_info,15.019564315352698,3.2583765560165974,1.0550933609958506,0.12412863070539419,0.7719298245614036,1.065226096904015,193.86261724001122,2404.158653921706,369.14353827339744,2601.9216590972555,117.66721637840213,309.2161611891401,174.13350623667387,282.67228520701025,341.0862233212589,170.83878367770666,-0.7594223588706521,1.3845550819985069,-0.7097156649411791,0.5251686597218219,0.4037059041595984,0.9239934820927068,0.15556328046190213,0.5683683596256476,0.5,egmIsoCut,muIsoCut
mu,0.11,0.11,0.5,0.24,0.5,2.0,150.0,3,2Mu2E_200GeV_0p25GeV_1p0mm_info,15.547110995850623,2.730829875518672,1.0550933609958506,0.12412863070539419,0.799043062200957,1.0785627082801073,202.6639435913163,2395.3573275704002,403.3032337779252,2567.7619635927276,117.90047130609764,309.1272990478033,177.18274491964505,280.77103433433274,376.22465398276967,177.11379867961682,-0.8563965909074023,1.3892718097063912,-0.8157311387872995,0.5025100882352734,0.3663319376147545,0.9328580146965396,0.1577905232879938,0.5386779984934158,0.5,egmIsoCut,muIsoCut
mu,0.12,0.12,0.5,0.24,0.5,2.0,150.0,3,2Mu2E_200GeV_0p25GeV_1p0mm_info,16.0436255186722,2.2343153526970956,1.0861255186721992,0.09309647302904564,0.824561403508772,1.0662304559682765,221.12847851535392,2376.892792646363,414.4754944660155,2556.5897029046373,118.3995657763135,308.93648372241563,177.36291726194975,280.65725431344515,385.34294900958423,177.4509002816058,-0.7426201798916108,1.2306776412692666,-0.7697877382470906,0.5335139989403768,0.36568311277408677,0.9297122608081719,0.1581732353330351,0.5738485135999051,0.5,egmIsoCut,muIsoCut
mu,0.13,0.13,0.5,0.24,0.5,2.0,150.0,3,2Mu2E_200GeV_0p25GeV_1p0mm_info,16.447043568464732,1.8308973029045643,1.0861255186721992,0.09309647302904564,0.8452950558213717,1.0417124855229276,243.8531158100086,2354.168155351709,422.5841701554718,2548.481027215181,119.08436978738263,308.67316213615317,177.51651786189473,280.56012671906655,390.36358745147567,177.07773379619377,-0.6008144335363614,1.0669808935077922,-0.6865679804236916,0.5770521780792055,0.3717140966919931,0.923753455572787,0.15815209249104364,0.6246820237564316,0.5,egmIsoCut,muIsoCut
mu,0.14,0.14,0.5,0.24,0.5,2.0,150.0,3,2Mu2E_200GeV_0p25GeV_1p0mm_info,16.726332987551867,1.5516078838174274,1.0861255186721992,0.09309647302904564,0.8596491228070176,1.0350422509339814,255.6307380258795,2342.390533135838,486.97426438520495,2484.090932985448,119.3540764548697,308.5689754080845,181.10790085536823,278.2553271119767,459.19571285813913,188.33391977000184,-0.7963243247048448,1.1163395504004325,-0.9129753837815064,0.5249368533850718,0.3133432667409853,0.9429568386696252,0.16305466864048418,0.5566923446100474,0.5,egmIsoCut,muIsoCut
mu,0.15,0.15,0.5,0.24,0.5,2.0,150.0,3,2Mu2E_200GeV_0p25GeV_1p0mm_info,16.943558091286306,1.3343827800829875,1.1171576763485478,0.062064315352697096,0.8708133971291867,1.0469292355704791,256.336086981576,2341.6851841801413,527.557921092114,2443.5072762785394,119.35590990180482,308.56826622694405,181.87965424585306,277.7514899867146,505.5743355508867,195.24753508834198,-0.9723104206830799,1.193120518644865,-1.0891408495914696,0.48589183620051934,0.28150813586600715,0.9583295318631205,0.1667727819621366,0.5070195794299281,0.5,egmIsoCut,muIsoCut
mu,0.16,0.16,0.5,0.24,0.5,2.0,150.0,3,2Mu2E_200GeV_0p25GeV_1p0mm_info,17.09871887966805,1.1792219917012448,1.1171576763485478,0.062064315352697096,0.8787878787878789,0.8710684832219593,379.66321263796056,2218.358058523756,527.563123599137,2443.5020737715163,166.5556699177366,285.8660822291514,181.87965428305634,277.7514899623528,478.9535147845113,184.49482625304645,-0.2615220512323695,0.7364889255563852,-0.39947162006952336,0.7196545695761014,0.4015306529603163,0.9078601087903915,0.1560004380987121,0.7926932383172446,0.5,egmIsoCut,muIsoCut
mu,0.17,0.17,0.5,0.24,0.5,2.0,150.0,3,2Mu2E_200GeV_0p25GeV_1p0mm_info,17.222847510373445,1.0550933609958506,1.1481898340248962,0.031032157676348548,0.8851674641148324,0.8690783734569896,387.0289139217833,2210.9923572399334,543.7752724710265,2427.2899248996264,166.71789227100732,285.77150408587414,182.1791097158985,277.555167131786,495.31906310665335,186.66616242049696,-0.2797986023513348,0.732488685320744,-0.4326793379870281,0.7117442324345579,0.38840623270965136,0.9108892739013708,0.15719388982578003,0.7813729427135884,0.5,egmIsoCut,muIsoCut
mu,0.18,0.18,0.5,0.24,0.5,2.0,150.0,3,2Mu2E_200GeV_0p25GeV_1p0mm_info,17.409040456431537,0.8689004149377594,1.1481898340248962,0.031032157676348548,0.894736842105263,0.8359670700633051,427.91753605285277,2170.1037351088644,545.2869258379942,2425.778271532659,170.05802301805275,283.7965414834744,182.18155402836956,277.5535627410308,487.81424434122283,183.70470416996517,-0.1399725490122754,0.6241300413339748,-0.23926709972357793,0.7847566405433822,0.40743738493769116,0.8946010278745494,0.15544914644397867,0.8772141056084604,0.5,egmIsoCut,muIsoCut
mu,0.19,0.19,0.5,0.24,0.5,2.0,150.0,3,2Mu2E_200GeV_0p25GeV_1p0mm_info,17.440072614107883,0.8378682572614108,1.1481898340248962,0.031032157676348548,0.8963317384370014,0.7772619180112673,497.67637234349235,2100.3448988182245,553.4879391845392,2417.577258186114,173.85621293282125,281.4857463095556,182.33111870599066,277.4553332878159,480.8597390992515,179.69691689499624,0.033790298633333826,0.494267663166082,0.06725740557353156,0.8991638970069072,0.43174328807013707,0.8687808804067317,0.15329058720405475,1.0349720134102758,0.5,egmIsoCut,muIsoCut
mu,0.2,0.2,0.5,0.24,0.5,2.0,150.0,3,2Mu2E_200GeV_0p25GeV_1p0mm_info,17.50213692946058,0.7758039419087137,1.1792219917012448,0.0,0.8995215311004786,0.772468566943402,507.5571767521688,2090.464094409548,562.2889575640356,2408.7762398066175,173.9382915955806,281.43503489722235,182.48173654089743,277.3562954891227,487.98425401479307,180.42554140749994,0.038562990799621444,0.4846884210186538,0.07809954919897061,0.9026625366271153,0.42603696087407783,0.867853169532001,0.15374199373767478,1.0401097424278414,0.5,egmIsoCut,muIsoCut
mu,0.21,0.21,0.5,0.24,0.5,2.0,150.0,3,2Mu2E_200GeV_0p25GeV_1p0mm_info,17.56420124481328,0.7137396265560166,1.1792219917012448,0.0,0.9027113237639554,0.7673562676343836,518.0951100518531,2079.9261611098636,571.0295551613129,2400.03564220934,174.12056936670487,281.32229821719517,182.63220916663843,277.2572361424392,494.86736349199066,181.10425418472386,0.0448329777857539,0.47459330380582365,0.09245594792419719,0.907299990637952,0.4209321649085557,0.866623030312666,0.15415059042155227,1.0469373174984864,0.5,egmIsoCut,muIsoCut
mu,0.22,0.22,0.5,0.24,0.5,2.0,150.0,3,2Mu2E_200GeV_0p25GeV_1p0mm_info,17.626265560165976,0.6516753112033195,1.1792219917012448,0.0,0.9059011164274322,0.7327690577743544,572.764871848262,2025.2563993134547,572.570370165002,2398.494827205651,177.50626415317635,279.1983781062719,182.63464974314752,277.2556284940468,483.4706304474001,177.05274165026617,0.1559003454815887,0.40495340259913853,0.35616363385846567,1.0003396991765465,0.4448857415373675,0.8443863944759744,0.15191275668995338,1.1846942415472677,0.5,egmIsoCut,muIsoCut
mu,0.23,0.23,0.5,0.24,0.5,2.0,150.0,3,2Mu2E_200GeV_0p25GeV_1p0mm_info,17.688329875518672,0.5896109958506224,1.1792219917012448,0.0,0.9090909090909091,0.7298213712204769,581.5422390673332,2016.4790320943835,572.8211725137908,2398.244024856862,177.6609701107912,279.09996031902716,182.63470113970715,277.2555946379458,481.63651052261844,176.4245072168817,0.17179444902392937,0.39503525133185896,0.39901996520224003,1.0152247629312836,0.4482938655979064,0.8408147841480543,0.1516321660334099,1.207429724204895,0.5,egmIsoCut,muIsoCut
mu,0.24,0.24,0.5,0.24,0.5,2.0,150.0,3,2Mu2E_200GeV_0p25GeV_1p0mm_info,17.75039419087137,0.5275466804979253,1.1792219917012448,0.0,0.912280701754386,0.7265041962773108,591.0648739731073,2006.9563971886093,574.9355861518582,2396.1296112187947,177.81679354214938,279.0007098291662,182.63831411088296,277.25321465614337,481.5560256825743,176.0328026037538,0.18527382206697596,0.38571270918121564,0.43766315383241716,1.0280540780736938,0.4497876499184159,0.8375825697374393,0.1514941176975564,1.2274062465220144,0.5,egmIsoCut,muIsoCut
mu,0.25,0.25,0.5,0.24,0.5,2.0,150.0,3,2Mu2E_200GeV_0p25GeV_1p0mm_info,17.78142634854772,0.49651452282157676,1.1792219917012448,0.0,0.9138755980861244,0.716342738717136,610.2583672262444,1987.7629039354727,577.2560329859944,2393.8091643846587,178.1493546659624,278.78847821043666,182.641975965901,277.25080240407294,479.3398511102571,174.93733372406467,0.21452965358105647,0.3670860487813137,0.524344549693452,1.0571710512396686,0.4551079641454494,0.8303765118413011,0.1510394970980088,1.2731225367820997,0.5,egmIsoCut,muIsoCut
mu,0.26,0.26,0.5,0.24,0.5,2.0,150.0,3,2Mu2E_200GeV_0p25GeV_1p0mm_info,17.812458506224065,0.4654823651452282,1.1792219917012448,0.0,0.9154704944178629,0.6984475675351595,644.488888524502,1953.5323826372148,627.450851816526,2343.614345554127,181.13102265002914,276.86054392878845,185.84493759449077,275.1140817714188,523.0150429238269,182.37731877401146,0.18848089976970495,0.36344929479365307,0.4725859923412702,1.0271543765677413,0.4193956016901675,0.8335553954698632,0.15339582392941162,1.2322568867648551,0.5,egmIsoCut,muIsoCut
mu,0.27,0.27,0.5,0.24,0.5,2.0,150.0,3,2Mu2E_200GeV_0p25GeV_1p0mm_info,17.843490663900415,0.4344502074688797,1.1792219917012448,0.0,0.9170653907496013,0.697964721356525,647.6500136885157,1950.3712574732012,628.3410300742057,2342.7241672964474,181.15690860214968,276.84360678278694,185.84616096346122,275.11325535781504,523.1082267623874,182.27913381905734,0.19229797621223577,0.3609083428893397,0.48461854065002546,1.0307301014737644,0.4195990233773653,0.8325227889393272,0.15337102888370452,1.2380803446677568,0.5,egmIsoCut,muIsoCut
mu,0.28,0.28,0.5,0.24,0.5,2.0,150.0,3,2Mu2E_200GeV_0p25GeV_1p0mm_info,17.843490663900415,0.4344502074688797,1.1792219917012448,0.0,0.9170653907496013,0.6971461703987014,649.1856261864493,1948.8356449752673,676.5557868408657,2294.509410529787,181.15936901653745,276.84199675685045,188.99136138578436,272.962202768037,574.630911147728,192.62104560277098,0.11484344697630255,0.3860714013567524,0.28194830293824097,0.9595448576647025,0.3788746228377816,0.8493474186821025,0.15737445051474844,1.1297436556098432,0.5,egmIsoCut,muIsoCut
mu,0.29,0.29,0.5,0.24,0.5,2.0,150.0,3,2Mu2E_200GeV_0p25GeV_1p0mm_info,17.874522821576765,0.4034180497925311,1.1792219917012448,0.0,0.9186602870813397,0.6799081462001615,685.2112316930671,1912.8100394686498,685.9864338458464,2285.0787635248066,184.1153702215924,274.88495520663906,189.13781207258896,272.8607462842999,574.230419775807,191.25418624523107,0.16196583883051807,0.3586248892226624,0.4180472038540388,0.9988699453596579,0.3845566383255793,0.8370871367768871,0.15640433053735694,1.1932687786909473,0.5,egmIsoCut,muIsoCut
mu,0.3,0.3,0.5,0.24,0.5,2.0,150.0,3,2Mu2E_200GeV_0p25GeV_1p0mm_info,17.93658713692946,0.341353734439834,1.1792219917012448,0.0,0.9218500797448166,0.678828888628422,692.2131264185546,1905.8081447431623,697.2853963347699,2273.7798010358833,184.16748758643863,274.8500403254272,189.30663133707822,272.74364914739743,584.4419001962524,192.86074492913414,0.1556908156016924,0.35789157958196105,0.4041369286449935,0.9927256903086207,0.37735738026818944,0.8381674179157185,0.1572250133450381,1.1844002392472428,0.5,egmIsoCut,muIsoCut
mu,0.31,0.31,0.5,0.24,0.5,2.0,150.0,3,2Mu2E_200GeV_0p25GeV_1p0mm_info,17.96761929460581,0.3103215767634855,1.1792219917012448,0.0,0.9234449760765551,0.6768553472244062,698.7119403341206,1899.309330827596,698.918395011545,2272.146802359108,184.21844872492403,274.81588618595634,189.30900838410622,272.7419992649784,584.2325978912135,192.62846263987544,0.16384340360372796,0.35299634309663547,0.42950581000675475,0.9997046083220903,0.37788138471296995,0.8359096026962674,0.15715288353013546,1.1959482282503924,0.5,egmIsoCut,muIsoCut
mu,0.32,0.32,0.5,0.24,0.5,2.0,150.0,3,2Mu2E_200GeV_0p25GeV_1p0mm_info,17.998651452282157,0.27928941908713695,1.1792219917012448,0.0,0.9250398724082934,0.6776068167234022,699.5703557022014,1898.4509154595153,714.4698518822097,2256.5953454884434,184.21968056862565,274.8150604351652,189.59556243539836,272.54288015509786,601.0762838298833,195.65970379345757,0.14079223207429015,0.3597449265389504,0.3665072090924113,0.9791460813346331,0.36605247861793555,0.8412899190167357,0.15860405396051944,1.1638628482307478,0.5,egmIsoCut,muIsoCut
mu,0.33,0.33,0.5,0.24,0.5,2.0,150.0,3,2Mu2E_200GeV_0p25GeV_1p0mm_info,18.060715767634854,0.21722510373443984,1.1792219917012448,0.0,0.9282296650717704,0.6632535316648246,735.5034695651924,1862.5178015965246,770.6566812675477,2200.408516103105,187.12732229995157,272.8434961651826,192.820929219213,270.2705830708742,652.3160482591268,205.39998193063605,0.1131026905355641,0.35903249179694313,0.2993868589850637,0.9543853799534489,0.34055868433886516,0.8464418256729072,0.16181527742121798,1.1275262528464118,0.5,egmIsoCut,muIsoCut
mu,0.34,0.34,0.5,0.24,0.5,2.0,150.0,3,2Mu2E_200GeV_0p25GeV_1p0mm_info,18.060715767634854,0.21722510373443984,1.1792219917012448,0.0,0.9282296650717704,0.6615096423115832,739.4180159321049,1858.603255229612,841.1675338011631,2129.89766356949,187.15355261335145,272.8255044804123,198.32125430831414,266.2607348221064,734.0243351862333,223.5610635608704,0.007294494629093373,0.39312464359782023,0.018499519267922534,0.8790377495797288,0.304064910281809,0.8726256134366492,0.1682499228965189,1.0073480952705787,0.5,egmIsoCut,muIsoCut
mu,0.35000000000000003,0.35000000000000003,0.5,0.24,0.5,2.0,150.0,3,2Mu2E_200GeV_0p25GeV_1p0mm_info,18.060715767634854,0.21722510373443984,1.1792219917012448,0.0,0.9282296650717704,0.6611440625339134,740.2425709005423,1857.778700261175,848.6496858595787,2122.4155115110743,187.15474690566592,272.8246852128049,198.45753625360956,266.1591725313601,742.8344270113181,225.28698530844244,-0.0035013605170297613,0.3962259567863164,-0.008849424303241066,0.8722592881782155,0.3004027833851353,0.8753133824104552,0.1690343731491439,0.9965108562331936,0.5,egmIsoCut,muIsoCut
mu,0.36,0.36,0.5,0.24,0.5,2.0,150.0,3,2Mu2E_200GeV_0p25GeV_1p0mm_info,18.060715767634854,0.21722510373443984,1.1792219917012448,0.0,0.9282296650717704,0.660544112091078,741.5987105887863,1856.4225605729312,857.5093354830587,2113.555861887594,187.15708295053378,272.82308269689537,198.5959282578903,266.05592663539363,753.185522558625,227.30799653669655,-0.01562409940092735,0.3995561396594398,-0.039351625671595225,0.8648287311892916,0.29623042181005677,0.878340901250171,0.1699622706216426,0.9846162577176504,0.5,egmIsoCut,muIsoCut
mu,0.37,0.37,0.5,0.24,0.5,2.0,150.0,3,2Mu2E_200GeV_0p25GeV_1p0mm_info,18.091747925311203,0.18619294605809128,1.1792219917012448,0.0,0.9298245614035088,0.6593566434463759,746.8639983646267,1851.1572727970902,857.6650449353431,2113.40015243531,187.18566067191674,272.80347613182647,198.59595403837915,266.05590739169287,751.2410197029649,226.84904982949942,-0.00586053330716485,0.39472577400701647,-0.014882408237913298,0.8708108168509195,0.2971394481519776,0.8759142326473137,0.16976915864539824,0.9941736124312424,0.5,egmIsoCut,muIsoCut
mu,0.38,0.38,0.5,0.24,0.5,2.0,150.0,3,2Mu2E_200GeV_0p25GeV_1p0mm_info,18.091747925311203,0.18619294605809128,1.1792219917012448,0.0,0.9298245614035088,0.6488092930347995,771.5402371881913,1826.4810339735254,868.8982301497539,2102.1669672208996,187.5504075321547,272.55284402352635,198.75672061691867,265.9358284023407,754.9477099432137,227.23265028999623,0.02150571862000039,0.3785728391489685,0.05631551755396279,0.8879523635986887,0.29638893754421825,0.8688563099191708,0.1699744569909091,1.0219783794644874,0.5,egmIsoCut,muIsoCut
mu,0.39,0.39,0.5,0.24,0.5,2.0,150.0,3,2Mu2E_200GeV_0p25GeV_1p0mm_info,18.122780082987553,0.15516078838174274,1.1792219917012448,0.0,0.9314194577352473,0.6465021900645183,779.7779079595499,1818.2433632021668,917.6574239140708,2053.407773456582,187.69569642112052,272.45281003465635,201.7017613526124,263.70911680426383,812.5636526232993,240.02775575563015,-0.04204497758796477,0.39706838853896426,-0.10759955478820588,0.8497483784673965,0.2769851174136029,0.8854760299954676,0.17474690522169598,0.9596514752316289,0.5,egmIsoCut,muIsoCut
mu,0.4,0.4,0.5,0.24,0.5,2.0,150.0,3,2Mu2E_200GeV_0p25GeV_1p0mm_info,18.122780082987553,0.15516078838174274,1.1792219917012448,0.0,0.9314194577352473,0.6436408602137744,786.7798026863052,1811.241468475412,918.4448595018832,2052.6203378687696,187.7468199120199,272.4175834334369,201.70286734400568,263.7082708669516,810.4398974069985,239.53529503933947,-0.03007206672046059,0.39129146318776614,-0.0777409714462539,0.8566434822369343,0.27781262812415847,0.8824045221904111,0.17454411954225038,0.9708058613644345,0.5,egmIsoCut,muIsoCut
mu,0.41000000000000003,0.41000000000000003,0.5,0.24,0.5,2.0,150.0,3,2Mu2E_200GeV_0p25GeV_1p0mm_info,18.122780082987553,0.15516078838174274,1.1792219917012448,0.0,0.9314194577352473,0.6391509475632867,797.9571118948804,1800.0641592668364,918.7562366194293,2052.308960751224,187.91686385804041,272.3003129424362,201.70293289255142,263.7082207307424,805.8339189028118,238.4933153678478,-0.009871215997093508,0.38195356201089153,-0.025942034701282292,0.868518851998186,0.27962594291113685,0.8770921891838078,0.17408445969603423,0.9902252724498666,0.5,egmIsoCut,muIsoCut
mu,0.42,0.42,0.5,0.24,0.5,2.0,150.0,3,2Mu2E_200GeV_0p25GeV_1p0mm_info,18.1538122406639,0.12412863070539419,1.1792219917012448,0.0,0.9330143540669857,0.6384407647795677,802.4981818915659,1795.523089270151,918.9777233462263,2052.0874740244267,187.9441436587032,272.2814848923568,201.70297732028303,263.7081867492256,804.0815714142532,238.10108478405027,-0.0019730755264206756,0.37828104658734746,-0.005219851528462062,0.8732509630042723,0.280289499120689,0.8749739531077994,0.17392013825169853,0.9980308098345017,0.5,egmIsoCut,muIsoCut
mu,0.43,0.43,0.5,0.24,0.5,2.0,150.0,3,2Mu2E_200GeV_0p25GeV_1p0mm_info,18.1538122406639,0.12412863070539419,1.1792219917012448,0.0,0.9330143540669857,0.6324173733489222,817.9725588635772,1780.0487122981397,927.8370232121433,2043.2281741585098,188.23276880311676,272.0820334007786,201.83915885212642,263.6039695685502,808.3263138594461,238.8742368901798,0.011792871166158347,0.3701308426464813,0.0317179481516925,0.8815907733793391,0.27917101320937077,0.8711942869676027,0.1742560021591357,1.011933602604218,0.5,egmIsoCut,muIsoCut
mu,0.44,0.44,0.5,0.24,0.5,2.0,150.0,3,2Mu2E_200GeV_0p25GeV_1p0mm_info,18.1538122406639,0.12412863070539419,1.1792219917012448,0.0,0.9330143540669857,0.62715870284338,831.8484888853548,1766.1727822763619,972.0587420983492,1999.0064552723036,188.42614957832382,271.94814635492025,204.61210206149445,261.4574277170332,858.8384937626612,250.5735775460492,-0.03244581824446424,0.38135166711259155,-0.08608845461692273,0.8557594853678004,0.2646173507894242,0.8835253020910204,0.178497444187345,0.968573829569445,0.5,egmIsoCut,muIsoCut
mu,0.45,0.45,0.5,0.24,0.5,2.0,150.0,3,2Mu2E_200GeV_0p25GeV_1p0mm_info,18.1538122406639,0.12412863070539419,1.1792219917012448,0.0,0.9330143540669857,0.6173801607375464,858.5999244563176,1739.421346705399,1006.1970797235209,1964.868117647132,188.7919768716604,271.6943091411383,207.21331661576238,259.4007329124705,890.74715180352,258.5270870414325,-0.037441451404224946,0.37775667647284217,-0.10042152018198977,0.8533118826902584,0.2570705347507494,0.8852611180786533,0.18105044631504394,0.963909817413266,0.5,egmIsoCut,muIsoCut
mu,0.46,0.46,0.5,0.24,0.5,2.0,150.0,3,2Mu2E_200GeV_0p25GeV_1p0mm_info,18.1538122406639,0.12412863070539419,1.1792219917012448,0.0,0.9330143540669857,0.5919007578765375,934.6394273683209,1663.3818437933955,1055.818299919674,1915.2468974509788,194.54198522288212,267.6072198882719,210.0409002278261,257.11654760033525,916.9726330159199,264.9414843095391,0.018902256672549855,0.3493671064117331,0.053748247960741055,0.8852275315169548,0.2548790697669151,0.8684947335026136,0.1819805107944201,1.01926643578696,0.5,egmIsoCut,muIsoCut
mu,0.47000000000000003,0.47000000000000003,0.5,0.24,0.5,2.0,150.0,3,2Mu2E_200GeV_0p25GeV_1p0mm_info,18.1538122406639,0.12412863070539419,1.1792219917012448,0.0,0.9330143540669857,0.5852217048465793,956.2330165962323,1641.788254565484,1136.9556645300884,1834.1095328405647,194.86892355016383,267.3692405367349,215.3288205664055,252.70456634558823,1017.7366305360439,290.3194786158644,-0.06431864709998947,0.37312349743376294,-0.17589750869154483,0.8410468819744612,0.2339840645111604,0.8951418795707231,0.19094950492037302,0.9395682418275371,0.5,egmIsoCut,muIsoCut
mu,0.48,0.48,0.5,0.24,0.5,2.0,150.0,3,2Mu2E_200GeV_0p25GeV_1p0mm_info,18.1538122406639,0.12412863070539419,1.1792219917012448,0.0,0.9330143540669857,0.5823392667347768,965.7823658711204,1632.2389052905962,1137.019036324016,1834.0461610466368,195.0109996254454,267.265632238555,215.32882454533814,252.70456295515135,1011.9083949800806,289.16683697785237,-0.0477602726441948,0.36661543246120804,-0.13225004065934237,0.8493985896608169,0.23514172518130888,0.8899660978866121,0.19045303486274964,0.954416793715929,0.5,egmIsoCut,muIsoCut
mu,0.49,0.49,0.5,0.24,0.5,2.0,150.0,3,2Mu2E_200GeV_0p25GeV_1p0mm_info,18.18484439834025,0.09309647302904564,1.1792219917012448,0.0,0.9346092503987241,0.5697588786346863,1012.6344908058056,1585.3867803559112,1148.193898264984,1822.871299105669,197.92143532243065,265.1175467423816,215.4771032134337,252.5781400065697,998.606664380371,286.6228641634286,0.01385280330938754,0.3424410331970899,0.04027302296154631,0.88193683343552,0.23897080525305647,0.8697195359506337,0.1888783803806414,1.014047399167057,0.5,egmIsoCut,muIsoCut
mu,0.5,0.5,0.5,0.24,0.5,2.0,150.0,3,2Mu2E_200GeV_0p25GeV_1p0mm_info,18.18484439834025,0.09309647302904564,1.1792219917012448,0.0,0.9346092503987241,0.5676947116591398,1020.0557601249232,1577.9655110367937,1271.6211653383584,1699.444032032295,198.05797301520195,265.0155608184159,244.7965451330017,224.27828764590058,1180.7239921921798,339.5110528657166,-0.15750926405001642,0.4016100525765998,-0.4087645269114252,0.802169535966714,0.21932953060052504,0.9285186692201743,0.19832710760640876,0.8639239711145755,0.5,egmIsoCut,muIsoCut
mu,0.51,0.51,0.5,0.24,0.5,2.0,150.0,3,2Mu2E_200GeV_0p25GeV_1p0mm_info,18.18484439834025,0.09309647302904564,1.1792219917012448,0.0,0.9346092503987241,0.5656272345335402,1027.5705247307612,1570.4507464309556,1272.5062950755532,1698.5589022951,198.10748394814485,264.9785518764217,244.79747386697983,224.27727394182494,1176.5317400763872,338.7745308049101,-0.14496446887152192,0.39675982429659723,-0.3795701383814845,0.8075170462475006,0.219930431317676,0.9245783259614699,0.19809191814236635,0.8733895480491205,0.5,egmIsoCut,muIsoCut
mu,0.52,0.52,0.5,0.24,0.5,2.0,150.0,3,2Mu2E_200GeV_0p25GeV_1p0mm_info,18.18484439834025,0.09309647302904564,1.1792219917012448,0.0,0.9346092503987241,0.5607945921212479,1045.4613070351502,1552.5599641265667,1421.982134696391,1549.0830626742618,198.40383811344657,264.75672828587994,272.8323791530354,189.1787295234996,1425.1737593861237,405.12910935167855,-0.3632008662547346,0.46593258349299477,-0.8417427389350313,0.7352140941337267,0.19841011101188305,1.002244490005786,0.2102187851169893,0.7335676089668323,0.5,egmIsoCut,muIsoCut
mu,0.53,0.53,0.5,0.24,0.5,2.0,150.0,3,2Mu2E_200GeV_0p25GeV_1p0mm_info,18.18484439834025,0.09309647302904564,1.1792219917012448,0.0,0.9346092503987241,0.5587375862752993,1053.217716830487,1544.8035543312299,1516.9848367330076,1454.0803606376453,198.54012776958214,264.65454051655337,277.11821173946777,182.84308994531506,1611.6327756631556,451.63954103534604,-0.5301990746159697,0.5168092865571143,-1.1318789807415826,0.694283615318599,0.18224938813351402,1.06239214568155,0.2257727988017641,0.6535097403917641,0.5,egmIsoCut,muIsoCut
mu,0.54,0.54,0.5,0.24,0.5,2.0,150.0,3,2Mu2E_200GeV_0p25GeV_1p0mm_info,18.18484439834025,0.09309647302904564,1.1792219917012448,0.0,0.9346092503987241,0.5463933929203573,1101.619596181467,1496.4016749802497,1519.0992503710752,1451.9659469995784,201.4873160445412,262.41773877532967,277.1205928807094,182.83948102058037,1565.5895149703388,442.50832870882783,-0.42117072027143143,0.4784552106079417,-0.9542368968621857,0.7251794745553135,0.18733140708106702,1.030603836179833,0.2225016160944695,0.7036452311718107,0.5,egmIsoCut,muIsoCut
mu,0.55,0.55,0.5,0.24,0.5,2.0,150.0,3,2Mu2E_200GeV_0p25GeV_1p0mm_info,18.18484439834025,0.09309647302904564,1.1792219917012448,0.0,0.9346092503987241,0.5434832250957619,1113.5135151828572,1484.5077559788597,1533.936852687073,1437.1283446835803,201.64686044836102,262.2951616444901,277.3156345741043,182.54352258897856,1584.507857923525,448.26910979019016,-0.42298035571065595,0.4779825792566718,-0.9582112112379129,0.7259187451114826,0.18575253004767753,1.0329681141357707,0.22478094950425553,0.7027503900435688,0.5,egmIsoCut,muIsoCut
mu,0.56,0.56,0.5,0.24,0.5,2.0,150.0,3,2Mu2E_200GeV_0p25GeV_1p0mm_info,18.215876556016596,0.062064315352697096,1.1792219917012448,0.0,0.9362041467304626,0.5265347377729159,1190.810959889621,1407.2103112720959,1553.9026359665677,1417.1625614040859,207.0422701803581,258.0575643327542,277.52979624772917,182.21775712900484,1542.9901068502354,442.00763106347796,-0.29574731743589155,0.4342009012276264,-0.7215373312429182,0.7663356328299847,0.19101321097069154,0.9929773404949891,0.2223952892026475,0.7717554082835105,0.5,egmIsoCut,muIsoCut
mu,0.5700000000000001,0.5700000000000001,0.5,0.24,0.5,2.0,150.0,3,2Mu2E_200GeV_0p25GeV_1p0mm_info,18.215876556016596,0.062064315352697096,1.1792219917012448,0.0,0.9362041467304626,0.5257029756986362,1194.6012517233075,1403.4200194384093,1562.3148850136695,1408.7503123569843,207.06595510101806,258.03855988765156,277.6280315850927,182.0680501807438,1556.4035493460738,445.9240175897942,-0.30286448896720763,0.4362796948884533,-0.7358866935362598,0.7646353902035923,0.189813405111842,0.9962162969038446,0.22389215585356978,0.7675395319068901,0.5,egmIsoCut,muIsoCut
mu,0.58,0.58,0.5,0.24,0.5,2.0,150.0,3,2Mu2E_200GeV_0p25GeV_1p0mm_info,18.215876556016596,0.062064315352697096,1.1792219917012448,0.0,0.9362041467304626,0.5222879733267495,1210.3534913282117,1387.6677798335052,1571.0530353420716,1400.0121620285818,207.24490183135342,257.8948600024876,277.72695866611394,181.91711092830627,1557.2005277403541,447.7432099828267,-0.28656672525604154,0.43055335300839337,-0.7030009403510739,0.770409059465441,0.18960346999559724,0.9911826607440396,0.22476841527094493,0.7772624461440104,0.5,egmIsoCut,muIsoCut
mu,0.59,0.59,0.5,0.24,0.5,2.0,150.0,3,2Mu2E_200GeV_0p25GeV_1p0mm_info,18.246908713692946,0.031032157676348548,1.1792219917012448,0.0,0.937799043062201,0.515607564948089,1246.3237245718276,1351.6975465898895,1612.7528564196264,1358.3123409510265,209.83373000761534,255.7929121416017,279.74558463119746,178.79739007541642,1604.898971728361,462.9958029360674,-0.28770634794721683,0.430124281779156,-0.705404124933393,0.772792755945703,0.1868075856625568,0.9951301374789059,0.22939446736104466,0.7765745673259585,0.5,egmIsoCut,muIsoCut
mu,0.6,0.6,0.5,0.24,0.5,2.0,150.0,3,2Mu2E_200GeV_0p25GeV_1p0mm_info,18.246908713692946,0.031032157676348548,1.1792219917012448,0.0,0.937799043062201,0.5119073749548997,1264.4941211041635,1333.5271500575536,1613.5137316235953,1357.5514657470576,210.11360645205016,255.5630656697148,279.7463805647238,178.79614475532688,1584.9597031127548,459.7295631551375,-0.2534338251638204,0.41899936926890924,-0.6339963998975929,0.7836897178629949,0.1882000437750831,0.9823032008025688,0.22842249281836258,0.7978083724278805,0.5,egmIsoCut,muIsoCut
mu,0.61,0.61,0.5,0.24,0.5,2.0,150.0,3,2Mu2E_200GeV_0p25GeV_1p0mm_info,18.246908713692946,0.031032157676348548,1.1792219917012448,0.0,0.937799043062201,0.49890963310608966,1331.5578635982595,1266.4634075634574,1630.3048356196211,1340.760361751032,215.14959911200904,251.3381350944018,279.941931634557,178.4898140823282,1539.9630511074201,453.15841970634693,-0.15651230277442751,0.38824996137934537,-0.4154483555702884,0.8167539189639841,0.19257396143504374,0.9445859556210755,0.225729442888852,0.864668709187995,0.5,egmIsoCut,muIsoCut
mu,0.62,0.62,0.5,0.24,0.5,2.0,150.0,3,2Mu2E_200GeV_0p25GeV_1p0mm_info,18.246908713692946,0.031032157676348548,1.1792219917012448,0.0,0.937799043062201,0.4959071032262768,1347.8043766113578,1250.2168945503588,1703.9046759086177,1267.1605214620351,215.40280925917745,251.1211618204336,283.83573567174085,172.2305837362015,1681.1211969154858,494.6273872422926,-0.24730355984015362,0.4176322311420367,-0.617831404329526,0.7910092598886923,0.1826022416711153,0.9866286657256912,0.2392842377815987,0.8017294523942139,0.5,egmIsoCut,muIsoCut
mu,0.63,0.63,0.5,0.24,0.5,2.0,150.0,3,2Mu2E_200GeV_0p25GeV_1p0mm_info,18.246908713692946,0.031032157676348548,1.1792219917012448,0.0,0.937799043062201,0.49442775552530843,1355.9181008200314,1242.1031703416854,1712.0742761231268,1258.990921247526,215.52930182145627,251.01260567379,283.93174575244336,172.07225974107774,1689.108992244181,498.2791668633365,-0.24573083818457953,0.4174383404168421,-0.6137298669820391,0.7919738762096313,0.18192952492882197,0.9865862806309146,0.24069276996612074,0.8027416271217251,0.5,egmIsoCut,muIsoCut
mu,0.64,0.64,0.5,0.24,0.5,2.0,150.0,3,2Mu2E_200GeV_0p25GeV_1p0mm_info,18.277940871369296,0.0,1.1792219917012448,0.0,0.9393939393939394,0.4938099367478856,1363.9660477541922,1234.0552234075244,1728.8338130018462,1242.2313843688069,215.65570237750399,250.90401786909553,284.12440422252,171.75395699554966,1717.4549155530483,507.9234898983358,-0.2591625124253534,0.4222643428829851,-0.640599534541154,0.7889515102587455,0.17992190357782026,0.9934181658391791,0.2442560139915953,0.7941786625094452,0.5,egmIsoCut,muIsoCut
mu,0.65,0.65,0.5,0.24,0.5,2.0,150.0,3,2Mu2E_200GeV_0p25GeV_1p0mm_info,18.277940871369296,0.0,1.1792219917012448,0.0,0.9393939393939394,0.4931321035851344,1367.7349817110585,1230.2862894506584,1751.7532226516482,1219.3119747190046,215.67843948409285,250.88447319931234,284.41048522239475,171.2798140879218,1767.5197299903448,523.3690658607987,-0.29229693882593333,0.43353352942947043,-0.7062493025982378,0.7807806282443728,0.17671569358046854,1.009000415774792,0.24985218246063612,0.7738159628455914,0.5,egmIsoCut,muIsoCut
mu,0.66,0.66,0.5,0.24,0.5,2.0,150.0,3,2Mu2E_200GeV_0p25GeV_1p0mm_info,18.277940871369296,0.0,1.1792219917012448,0.0,0.9393939393939394,0.49244573482633563,1371.5672456748298,1226.454025486887,1767.1224096861854,1203.942787684468,215.70119198852828,250.86491170651595,284.601281902988,170.96259578518058,1800.1639405607034,533.8373711094866,-0.3124868257370772,0.44056207399732084,-0.7443906873654346,0.7761585944226692,0.17471483199347806,1.0186979298623606,0.2536603999304022,0.7619124096262161,0.5,egmIsoCut,muIsoCut
mu,0.67,0.67,0.5,0.24,0.5,2.0,150.0,3,2Mu2E_200GeV_0p25GeV_1p0mm_info,18.277940871369296,0.0,1.1792219917012448,0.0,0.9393939393939394,0.49201503862969936,1373.9801841513254,1224.0410870103917,1777.4324801797718,1193.6327171908815,215.70431232535822,250.86222871336028,284.6993635183881,170.7992132026836,1822.7134308508587,541.1157101490603,-0.32659368153602975,0.4455075811045285,-0.7703253672915336,0.7730139960153981,0.17337319180850116,1.0254754828529449,0.2563240169792006,0.7538103142795953,0.5,egmIsoCut,muIsoCut
mu,0.68,0.68,0.5,0.24,0.5,2.0,150.0,3,2Mu2E_200GeV_0p25GeV_1p0mm_info,18.277940871369296,0.0,1.1792219917012448,0.0,0.9393939393939394,0.49166062797968796,1375.9704972414372,1222.0507739202799,1810.8389502524258,1160.2262471182275,215.70734965044738,250.85961703225493,286.57377652511565,167.63522728401736,1907.3324242555811,565.9969429012128,-0.38617247105183217,0.46521599696498905,-0.8772575455466582,0.7598524965732766,0.1692622824521861,1.0532866128098828,0.26440385489348334,0.7214109505732693,0.5,egmIsoCut,muIsoCut
mu,0.6900000000000001,0.6900000000000001,0.5,0.24,0.5,2.0,150.0,3,2Mu2E_200GeV_0p25GeV_1p0mm_info,18.277940871369296,0.0,1.1792219917012448,0.0,0.9393939393939394,0.4911105309369147,1379.0682923985453,1218.9529787631718,1811.0337226101085,1160.0314747605446,215.7290689375058,250.84093957356095,286.57380632197436,167.635176346036,1903.0215979888274,565.3899086227328,-0.3799328202079071,0.4633364831943142,-0.865825914524151,0.7614812883831873,0.16943572124120732,1.0507930218141623,0.2642278038038175,0.7246729589700861,0.5,egmIsoCut,muIsoCut
mu,0.7000000000000001,0.7000000000000001,0.5,0.24,0.5,2.0,150.0,3,2Mu2E_200GeV_0p25GeV_1p0mm_info,18.277940871369296,0.0,1.1792219917012448,0.0,0.9393939393939394,0.4699093910657605,1506.875563525295,1091.145707636422,1826.6193478509572,1144.445849519696,245.03926388171908,222.29702496231303,286.7631948767212,167.31099450582053,1741.5484199009372,515.2277010662019,-0.15573472823902668,0.39016513302084893,-0.41132472067687786,0.8249532478116773,0.18646425153039817,0.9534271176695315,0.23907607861762867,0.86525045546021,0.5,egmIsoCut,muIsoCut
mu,0.71,0.71,0.5,0.24,0.5,2.0,150.0,3,2Mu2E_200GeV_0p25GeV_1p0mm_info,18.277940871369296,0.0,1.1792219917012448,0.0,0.9393939393939394,0.4696792802781923,1508.3584050131044,1089.6628661486127,1837.9736826028825,1133.0915147677704,245.04106725832938,222.29503707390518,286.87458288254356,167.11993452128235,1767.5286106976541,523.535838484987,-0.17182269467467726,0.39586828099254545,-0.44835720625227676,0.8206637664566628,0.18488329771740064,0.9616724262311165,0.24208715614233445,0.853371422608965,0.5,egmIsoCut,muIsoCut
mu,0.72,0.72,0.5,0.24,0.5,2.0,150.0,3,2Mu2E_200GeV_0p25GeV_1p0mm_info,18.277940871369296,0.0,1.1792219917012448,0.0,0.9393939393939394,0.4684204216674198,1516.5092486024027,1081.5120225593143,1841.042316123269,1130.0228812473836,245.15226946018245,222.17239461578495,286.890912970514,167.09189948461298,1762.0080371557267,523.7286467714341,-0.16188413541135516,0.3931232508214156,-0.4245431604422389,0.8237231894787491,0.18495429383956974,0.9570709058258005,0.24224450936854205,0.860671016603526,0.5,egmIsoCut,muIsoCut
mu,0.73,0.73,0.5,0.24,0.5,2.0,150.0,3,2Mu2E_200GeV_0p25GeV_1p0mm_info,18.277940871369296,0.0,1.1792219917012448,0.0,0.9393939393939394,0.46793164291470357,1519.6917316445044,1078.3295395172124,1842.4932407362094,1128.5719566344437,245.17139763769686,222.15128613440058,286.89245177682255,167.08925738034335,1760.4680642354497,524.0373215944817,-0.15843761440380666,0.3922201696523064,-0.41616953509348314,0.8248017946797339,0.18493319227886926,0.9554814233847693,0.24240204696393164,0.8632316385156856,0.5,egmIsoCut,muIsoCut
mu,0.74,0.74,0.5,0.24,0.5,2.0,150.0,3,2Mu2E_200GeV_0p25GeV_1p0mm_info,18.277940871369296,0.0,1.1792219917012448,0.0,0.9393939393939394,0.46780607448700506,1520.510930121916,1077.5103410398008,1846.3392128034386,1124.7259845672145,245.17230928234247,222.15028001772447,286.9095583351559,167.05988194164644,1768.8304726315314,526.848994625487,-0.16331322425265626,0.394009575190797,-0.4273253572239904,0.8235273992871589,0.18441615881832674,0.9580203141251494,0.24343589033908017,0.85961371292966,0.5,egmIsoCut,muIsoCut
mu,0.75,0.75,0.5,0.24,0.5,2.0,150.0,3,2Mu2E_200GeV_0p25GeV_1p0mm_info,18.277940871369296,0.0,1.1792219917012448,0.0,0.9393939393939394,0.4674828607022219,1522.6225885218355,1075.3986826398816,1854.479847153519,1116.5853502171342,245.17500066721337,222.1473096812606,287.00452827978273,166.89667332014275,1786.07500467679,532.7326112888965,-0.1730254221505505,0.39760704833650923,-0.44923826669931116,0.8210510299472608,0.18337115429993772,0.9631137310110299,0.24557222542994994,0.8524964430580398,0.5,egmIsoCut,muIsoCut
