ACounts,A_Unc,QCD_ACounts,QCDA_Unc,TTJets_ACounts,TTJetsA_Unc,DY_ACounts,DYA_Unc,BCounts,B_Unc,QCD_BCounts,QCDB_Unc,TTJets_BCounts,TTJetsB_Unc,DY_BCounts,DYB_Unc,CCounts,C_Unc,QCD_CCounts,QCDC_Unc,TTJets_CCounts,TTJetsC_Unc,DY_CCounts,DYC_Unc,DCounts,D_Unc,QCD_DCounts,QCDD_Unc,TTJets_DCounts,TTJetsD_Unc,DY_DCounts,DYD_Unc,prediction,predictionUnc,closure,closureUnc,closureSig,transfer_A_over_C,transfer_A_over_C_Unc,transfer_B_over_D,transfer_B_over_D_Unc,transfer_difference,transfer_pull,status,scan_variable,scan_cut,mJIsoCut,egmIsoCut,mJJCut,dPhiCut,pixelCut
0.005202509558587055,0.0036787270987941193,0.005202505755383145,0.003678727098793464,0.0,0.0,3.8032039096138685e-09,2.195780800998604e-09,3.2456590726110655,3.0637679392942103,0.18467531671283938,0.1305851687654221,3.0609837470240837,3.0609837470240837,8.874142455765693e-09,3.3541105767022896e-09,0.09233766089188897,0.0923376583564197,0.09233765835641969,0.09233765835641969,0.0,0.0,2.535469273075912e-09,1.7928475164821038e-09,0.2138369547019533,0.13380167173007768,0.21383695343421866,0.13380167173007768,0.0,0.0,1.267734636537956e-09,1.2677346365379562e-09,1.4015190556522914,2.1174448962153094,-268.3928843127255,449.3761095391973,-0.6594336604942326,0.05634222816926532,0.0690048369149706,15.178195355124078,17.189473253456825,-15.121853126954813,-0.879708822958789,valid,isolation,0.0,0.0,0.75,100.0,2.0,3
9.886006949928392,5.34289447582347,0.7030556733595703,0.6615564081377743,9.182951241072251,5.301779370988272,3.549656982306277e-08,6.943668573624515e-09,13.403476553961545,6.161068134832727,1.1595414593862858,0.6930184441043545,12.243934988096335,6.121967494048167,1.0647892410175775e-07,2.2809636999573787e-08,7.07765685920271,4.381287065204763,0.9556893486739927,0.6755985114247675,6.121967494048167,4.3288847292450745,1.6480550274993428e-08,4.570882235719305e-09,15.8591107591681,10.420956461753049,15.859110726207,10.420956461753049,0.0,0.0,3.2961100549986856e-08,6.708221153404579e-09,5.981748233548805,6.059788935515656,0.3949277737871575,0.6947403295102408,0.48327005866087774,1.396790936123744,1.1478234909900242,0.8451594012743141,0.6777441275189307,0.55163153484943,0.41383329502005495,valid,isolation,0.007575757575757576,0.007575757575757576,0.75,100.0,2.0,3
17.56152957417408,6.94055439502696,2.256610757918644,1.1502990100839194,15.304918735120419,6.844567736367871,8.113501673842919e-08,1.0299124874121565e-08,231.2441448632103,125.53430738941142,191.45135589204398,125.04821970841944,39.79278871131309,11.036533853257225,2.5985324438798927e-07,3.858130143303185e-08,10.494324939697464,5.347207605730287,1.3113736643963778,0.6955319404190116,9.182951241072251,5.301779370988272,3.422883518652481e-08,6.587342402995812e-09,37.01743347171444,12.60837605870154,21.712514654191267,10.58881671103576,15.304918735120419,6.844567736367871,8.240275137496715e-08,1.0530594783713959e-08,65.5569813734201,53.674278884511125,-2.7329881259220126,3.3938032636025146,-0.8868149812655226,1.673431085380548,1.0790943486703042,6.24689837127437,4.003452597412353,-4.573467285893822,-1.1030149508959992,valid,isolation,0.015151515151515152,0.015151515151515152,0.75,100.0,2.0,3
17.885759007602474,6.942461453191836,2.5808401545827353,1.1617502017759667,15.304918735120419,6.844567736367871,1.1789932119802991e-07,1.2485738165673997e-08,275.93458455592526,126.30385540931572,208.59294169803675,125.48518724641299,67.34164243452985,14.357286407605137,4.233586563990939e-07,5.340108476478774e-08,18.65251033815642,9.116097055370696,9.469559056516662,7.415818297686473,9.182951241072251,5.301779370988272,4.056750836921459e-08,7.171390065928415e-09,299.5593077970268,164.7850617319328,265.8884864491852,164.47203632685375,33.67082121726492,10.152134578255039,1.3057666756340947e-07,1.323553817741857e-08,17.181481453321002,14.889302879879391,0.03937644211700009,0.9121592169154474,0.04286977121447029,0.9588928612474511,0.5984635187256615,0.9211350720001362,0.6591869294025315,0.03775778924731488,0.04240879830489856,valid,isolation,0.022727272727272728,0.022727272727272728,0.75,100.0,2.0,3
145.15364168507026,116.41726690692144,126.78773905713626,116.17556673018692,18.365902482144502,7.497848291161511,1.4578948320186496e-07,1.3829352187744901e-08,456.8864572963634,175.08478465316526,380.3618631111967,174.4145672802493,76.52459367560209,15.304918735120419,5.095646116836749e-07,5.4414723462001994e-08,26.270845332779395,11.71266082201654,17.08789401565385,10.44402025242025,9.182951241072251,5.301779370988272,7.60532928248468e-08,2.1947845302991655e-08,310.0428338503462,164.87179381846258,267.18906123227447,164.47350454077397,42.853772458337176,11.453152447847641,1.5973456420378247e-07,1.4675089388581426e-08,38.71333939641346,30.688914846314326,0.7332940534801937,0.30075833029935484,0.8840974592615848,5.5252748758699095,5.070096209303811,1.473623665550989,0.9659066880766581,4.051651210318921,0.7850084017133394,valid,isolation,0.030303030303030304,0.030303030303030304,0.75,100.0,2.0,3
155.7839126811322,116.68946804967787,134.35702626815288,116.4080950931677,21.426886229168588,8.098601761836372,1.8381073693057308e-07,2.505910342238431e-08,468.83069397516215,175.1700498456647,383.12314844624746,174.41960027744983,85.70754491667435,16.197203523672744,6.122403318758187e-07,5.896117549856381e-08,30.156384062185925,12.124482609847808,17.912448984091217,10.46539978014789,12.243934988096335,6.121967494048167,8.999837382676431e-08,2.2346958979680237e-08,440.29221492474676,201.73460731435634,391.31647475558964,201.3627022173789,48.97573995238534,12.243934988096335,2.1677183748055993e-07,2.5941451296655276e-08,32.11103441852272,22.958376436410997,0.793874515886313,0.21344204277020418,1.0399099393884226,5.165868439660667,4.391651964477347,1.0648171329926719,0.6295337110783172,4.101051306667995,0.9243797916846582,valid,isolation,0.03787878787878788,0.03787878787878788,0.75,100.0,2.0,3
157.26155167966678,116.69325490185844,135.8346652502069,116.41189109834652,21.426886229168588,8.098601761836372,2.002912872055665e-07,2.547256619868849e-08,726.7085334782424,240.21633815000894,631.8180365916455,239.61099901238575,94.8904961577466,17.042836221882602,7.288503477024496e-07,6.629355784703039e-08,30.258818776725146,12.124835269434518,18.014883683417622,10.465808344926867,12.243934988096335,6.121967494048167,1.052111894652198e-07,2.2774380100095973e-08,444.8041650882137,201.76000195325318,392.7674411555519,201.36487981444148,52.03672369940942,12.620759307279226,2.3325238775555337e-07,2.6341067931835112e-08,49.43600699794909,34.092076262703856,0.6856446698513599,0.3184450740028952,0.8869324302629147,5.197213838387874,4.382877816206632,1.6337718720195018,0.9169702066768148,3.5634419663683725,0.7958067220732871,valid,isolation,0.045454545454545456,0.045454545454545456,0.75,100.0,2.0,3
173.35744556193345,117.15937772184726,151.9305591185285,116.87913602381592,21.426886229168588,8.098601761836372,2.1423636820748403e-07,2.5817247935092264e-08,863.6051066425308,266.9675246736908,762.5926421934281,266.387803251036,101.01246365179476,17.584012894814563,7.973080180754992e-07,6.694491744625708e-08,30.324637842063407,12.124906179339689,18.080702744952678,10.465890495299833,12.243934988096335,6.121967494048167,1.0901439337483365e-07,2.28799878118342e-08,456.21996992040243,201.91826202719523,401.12226221662957,201.50020186861167,55.0977074464335,12.986654187735223,2.5733934584977453e-07,2.691445208163143e-08,57.40325681504133,38.56359962720753,0.6688734272187142,0.31553729540131054,0.9400961762335097,5.716719403701131,4.489024701269708,1.8929577036998306,1.0219305671423256,3.8237617000013,0.8305525042863513,valid,isolation,0.05303030303030303,0.05303030303030303,0.75,100.0,2.0,3
179.56934524643043,117.23933464653346,152.02049129629995,116.87914696328833,27.54885372321675,9.182951241072251,2.269137145728636e-07,2.6126649269066362e-08,927.727388501123,269.25429537943205,811.4100052459174,268.59231180972347,116.31738238691518,18.869171073015707,8.682903723541943e-07,7.04280880268155e-08,30.993021406208644,12.142904975748309,18.74908630529471,10.48673711179367,12.243934988096335,6.121967494048167,1.1281759728444753e-07,2.298511030201325e-08,467.9814367905628,202.07744100282792,409.82274530934023,201.63647823189143,58.15869119345759,13.342518821098452,2.8776497712668546e-07,2.7737843497601234e-08,61.4406310817181,40.01636803557437,0.6578445446944154,0.315537285973985,0.9535701021011106,5.793863815112211,4.4116030747871795,1.9824021116382695,1.0314023411815814,3.811461703473941,0.8412770752407039,valid,isolation,0.06060606060606061,0.06060606060606061,0.75,100.0,2.0,3
195.03591846487956,117.70146848593967,167.48706450967816,117.3426993478961,27.54885372321675,9.182951241072251,2.319846531190154e-07,2.6249388687425044e-08,955.7595666714384,269.52541376936585,827.1982483901045,268.7943908725905,128.56131737501153,19.83744194650397,9.063224114503329e-07,7.076955642345948e-08,31.75879114665982,12.161228212688973,19.514856044478154,10.507948688631853,12.243934988096335,6.121967494048167,1.1408533192098548e-07,2.3020044454874402e-08,488.8433124778492,202.3911091065493,424.56265347595604,201.90443034735193,64.28065868750576,14.02718972176742,3.143874044939825e-07,2.833969186811419e-08,62.09304226845839,39.15157157862356,0.6816327845804485,0.27786810736195516,1.07175474410826,6.1411631684662575,4.389221594385665,1.9551450173817124,0.9794039726534453,4.186018151084545,0.9308125456054486,valid,isolation,0.06818181818181818,0.06818181818181818,0.75,100.0,2.0,3
204.40059242939353,117.9364712062228,176.85173846785344,117.5784191383789,27.54885372321675,9.182951241072251,2.3832332630170517e-07,2.640201056750997e-08,1586.7317234525106,641.790699311757,1452.0484376378395,641.4694368222807,134.6832848690597,20.304269156510077,9.456113998155789e-07,7.377960861691802e-08,32.42228017559045,12.179172839529292,20.17834506960558,10.52871146232746,12.243934988096335,6.121967494048167,1.1788853583059936e-07,2.312453026615736e-08,492.04323438275895,202.4142783674154,424.7015916148257,201.90445367552329,67.34164243452985,14.357286407605137,3.3340342404205184e-07,2.876187410114e-08,104.55475638397972,71.978568702098,0.4884811480177277,0.4594706428910255,0.7226497221213006,6.3043250296528885,4.340475802575217,3.2247811016911507,1.8604166353550589,3.079543927961738,0.6521168177975882,valid,isolation,0.07575757575757576,0.07575757575757576,0.75,100.0,2.0,3
208.22245139306378,117.97807499908012,177.61261367182226,117.58031283124365,30.609837470240837,9.679680521352758,2.5100067266708473e-07,2.6704637670144268e-08,1586.7926479965793,641.7907006420728,1452.1093621641598,641.4694381532628,134.6832848690597,20.304269156510077,9.633596847271103e-07,7.395366837016573e-08,46.565788207761585,14.88531744664066,28.19988560519308,12.859041429670844,18.365902482144502,7.497848291161511,1.2042400510367526e-07,2.3193925977457626e-08,502.844164597459,202.57099557190583,432.4415380672888,202.03837989971987,70.40262618155393,14.679962346325988,3.4861623968050735e-07,2.9095209487370328e-08,146.94463131613176,96.14025501192219,0.2942901674001389,0.6107917007164244,0.4026404378355581,4.471575794315821,2.908983441880013,3.155635005264209,1.8014077575315905,1.315940789051612,0.3845995904931595,valid,isolation,0.08333333333333334,0.08333333333333334,0.75,100.0,2.0,3
217.02377774690433,118.2107165380822,186.41394002185962,117.81373981608158,30.609837470240837,9.679680521352758,2.548038765766986e-07,2.6794759308859677e-08,1876.0878020104365,663.2870249966207,1726.099597426416,662.9408465884344,149.98820360418011,21.426886229168588,9.798402350021037e-07,7.411647814106268e-08,50.3510315260341,15.211205842801137,28.92414517137057,12.876079865209295,21.426886229168588,8.098601761836372,1.2549494364982709e-07,2.3332098205744288e-08,511.0818353852982,202.70551876188574,440.6792088386474,202.1732574848505,70.40262618155393,14.679962346325988,3.6509678995550076e-07,2.9452065793875623e-08,184.82941385193445,112.96847002997913,0.14834486907013167,0.6972437959775802,0.19689490827008138,4.3102151270663,2.684657524901411,3.670816828377548,1.9503888299501047,0.6393982986887519,0.19268599735104933,valid,isolation,0.09090909090909091,0.09090909090909091,0.75,100.0,2.0,3
457.7554068456708,202.2634763709103,427.1455691180906,202.03172438666738,30.609837470240837,9.679680521352758,2.5733934584977453e-07,2.6854672379998948e-08,1876.0930045377431,663.2870250068223,1726.1047999321713,662.9408465986412,149.98820360418011,21.426886229168588,1.0013917238232491e-06,7.430056460675214e-08,51.05408719939367,15.225585048634931,29.62720084473014,12.893063622599417,21.426886229168588,8.098601761836372,1.2549494364982709e-07,2.3332098205744288e-08,514.9532040554355,202.7297293902366,441.489593746548,202.17436104177372,73.46360992857801,14.995696582323022,3.803096055939562e-07,2.983159893549575e-08,186.00178636335139,112.97550714393886,0.593665561167122,0.30520057204053663,1.1729876576712588,8.966087378232613,4.779669243945062,3.6432300833606983,1.9277608197252785,5.322857294871914,1.0328054607496358,valid,isolation,0.09848484848484848,0.09848484848484848,0.75,100.0,2.0,3
466.58589483496496,202.39926395124337,435.9760571048493,202.16766762519083,30.609837470240837,9.679680521352758,2.598748151228504e-07,2.691445208163143e-08,1886.5412014458936,663.3348418531327,1733.4920130793528,662.9816221746597,153.04918735120418,21.64442364622537,1.0153368048251665e-06,7.441943672910732e-08,106.49514515773106,38.272869930993735,85.06825880053206,37.40621903183941,21.426886229168588,8.098601761836372,1.2803041292290299e-07,2.3400878378809882e-08,537.8017879254527,203.13045688155776,464.3381776013523,202.57618714182894,73.46360992857801,14.995696582323022,3.955224212324117e-07,3.0206363742922837e-08,373.57160873156033,234.9204269696525,0.19935083150403532,0.6116581854341415,0.299963271663136,4.381287937059476,2.4680700737737244,3.50787454374807,1.8101914759043163,0.8734133933114059,0.28535969124307436,valid,isolation,0.10606060606060606,0.10606060606060606,0.75,100.0,2.0,3
470.31036760965196,202.4234878884332,436.63954612997674,202.16874786282784,33.67082121726492,10.152134578255039,2.6241028439592634e-07,2.697409930047323e-08,2017.9754052022345,673.4449642966451,1858.8042493200937,673.0831297978974,159.17115484525235,22.07306770651445,1.0368882936463117e-06,7.460277563150807e-08,139.21676832970462,50.3505388981175,117.78988196997017,49.69496369687802,21.426886229168588,8.098601761836372,1.3056588219597891e-07,2.3469456983858996e-08,541.5261067237434,203.15459363018735,465.00151264120933,202.57726519912822,76.52459367560209,15.304918735120419,4.069320329612533e-07,3.0497591261691826e-08,518.7857261042435,321.02540668291937,-0.10307099701196698,0.8314572756644593,-0.12772933738401906,3.3782594816152045,1.8992095591609661,3.7264600545504147,1.871076725058548,-0.34820057293521023,-0.1306044760351913,valid,isolation,0.11363636363636365,0.11363636363636365,0.75,100.0,2.0,3
503.4832017972444,202.98111556121862,466.7513965692774,202.70396596140452,36.731804964289005,10.603558741976544,2.636780190324643e-07,2.7003873503267422e-08,2099.5596666614065,675.1132201368123,1940.388510764053,674.7522802373621,159.17115484525235,22.07306770651445,1.0521011092847673e-06,7.47534229814704e-08,263.1653690953772,126.61188971240779,241.73848273564272,126.35261479704366,21.426886229168588,8.098601761836372,1.3056588219597891e-07,2.3537835782725735e-08,552.0692425387281,203.31067930626728,472.4836646996249,202.71068585791838,79.58557742262617,15.608015856866164,4.164769849548547e-07,3.084855514184203e-08,1000.8371270130224,686.4937406768689,-0.9878262540645104,1.581563487417795,-0.6947510508132485,1.9131818275632253,1.2008949469314432,3.8030730656293006,1.8592995243162331,-1.8898912380660753,-0.8538404709642214,valid,isolation,0.12121212121212122,0.12121212121212122,0.75,100.0,2.0,3
529.2662215873132,203.40435796916526,489.4734326085189,203.10472116953417,39.79278871131309,11.036533853257225,2.6748122294207814e-07,2.7092999787888064e-08,2114.482960540978,675.1677914196242,1949.1898371140906,674.792995673101,165.2931223393005,22.493544873484534,1.0875868937403993e-06,7.757804667180646e-08,277.93199163110705,127.03818757006697,256.5051052713726,126.77978447130559,21.426886229168588,8.098601761836372,1.3056588219597891e-07,2.3537835782725735e-08,567.0555584191782,203.49183414082708,481.34801308602687,202.84619089352063,85.70754491667435,16.197203523672744,4.164769849548547e-07,3.084855514184203e-08,1036.37545169563,687.1883363200981,-0.958136396060671,1.5007011394530834,-0.7076011415306203,1.9043011870680815,1.1372085637100122,3.7288814634595515,1.791163270769694,-1.82458027639147,-0.8599711972289651,valid,isolation,0.12878787878787878,0.12878787878787878,0.75,100.0,2.0,3
537.98025880455,203.53936142996776,498.1874698206848,203.23992366615607,39.79278871131309,11.036533853257225,2.7255216148823e-07,2.7211380743012924e-08,2728.63916584223,891.1502302582622,2554.163091165396,890.850528688107,174.47607358037277,23.109920499086517,1.0964610361961651e-06,7.76505208171441e-08,277.9611532690962,127.03819091709616,256.53426690809397,126.77978782515672,21.426886229168588,8.098601761836372,1.3183361683251687e-07,2.3571950798422304e-08,600.5569674081371,206.10613018321206,514.8494220699148,205.468701989164,85.70754491667435,16.197203523672744,4.215479235010065e-07,3.095257596346353e-08,1262.9204730835902,831.3472496478171,-1.347521962775986,1.7823632304841608,-0.8469907321080222,1.9354512401368813,1.148332316550873,4.543514294103349,2.152506277872879,-2.6080630539664673,-1.0690264131771197,valid,isolation,0.13636363636363635,0.13636363636363635,0.75,100.0,2.0,3
571.8113795127823,204.09501033283044,528.9576067793575,203.7733999857796,42.853772458337176,11.453152447847641,2.750876307613059e-07,2.7270378511464973e-08,2927.898811102476,899.8963282521695,2744.2397851731603,899.5839173260956,183.65902482144503,23.71027815047171,1.1078706479250067e-06,7.774360258665552e-08,278.62969081470857,127.03991004270364,257.20280445370634,126.78151045464561,21.426886229168588,8.098601761836372,1.3183361683251687e-07,2.3571950798422304e-08,602.605603775495,206.10931307771114,516.8980584334695,205.47189475784438,85.70754491667435,16.197203523672744,4.2535112741062034e-07,3.1030362745221245e-08,1353.7868472563484,876.660585725146,-1.3675409335327608,1.75059316475852,-0.8687605195245836,2.052227018020999,1.1883141433798117,4.858731470066591,2.234224518429525,-2.8065044520455915,-1.1090347905670965,valid,isolation,0.14393939393939395,0.14393939393939395,0.75,100.0,2.0,3
703.1546892137286,234.95580938367763,660.3009164803038,234.676495759898,42.853772458337176,11.453152447847641,2.750876307613059e-07,2.7270378511464973e-08,3055.577087156197,907.3690549414824,2868.8570774697155,907.0540529394743,186.7200085684691,23.907047318150386,1.1180125250173105e-06,7.78262484771125e-08,278.8536248116482,127.03998060475631,257.42673844811054,126.78158116051416,21.426886229168588,8.098601761836372,1.3436908610559277e-07,2.3640033135776227e-08,602.7031439408745,206.10933379432902,516.9955985975813,205.4719155387297,85.70754491667435,16.197203523672744,4.266188620471583e-07,3.1056248376271924e-08,1413.7287240175913,908.1837271326277,-1.0105515126386067,1.4558597887520477,-0.7574736422126261,2.521590636265441,1.424655621926797,5.069787867998828,2.2961668695727075,-2.548197231733387,-0.9429992645757804,valid,isolation,0.15151515151515152,0.15151515151515152,0.75,100.0,2.0,3
703.2548306319859,234.95582757123043,660.4010578972933,234.67651396909775,42.853772458337176,11.453152447847641,2.7635536539784385e-07,2.729982958311734e-08,3222.7586840122194,915.3948888097163,3032.9776905736426,915.0775300082398,189.7809923154932,24.102210126289812,1.1230834635634621e-06,7.786753852829795e-08,278.8905902070027,127.0399840316326,257.463703843465,126.78158459437493,21.426886229168588,8.098601761836372,1.3436908610559277e-07,2.3640033135776227e-08,613.4231513120004,206.26322482754455,524.6546222140767,205.603499223071,88.76852866369843,16.4839019496848,4.3422526986638604e-07,3.1211111320501875e-08,1465.2154382444612,928.1194546248173,-1.0834772466869982,1.492069098594424,-0.7958665149919041,2.5216154840864466,1.4244759822315762,5.2537284859877325,2.3124934344945487,-2.732113001901286,-1.0059256874288602,valid,isolation,0.1590909090909091,0.1590909090909091,0.75,100.0,2.0,3
746.4902739874074,237.35637269727704,700.5755175031552,237.06012599658234,45.91475620536126,11.855139075235854,2.7889083467091975e-07,2.735863661596836e-08,3243.839599137144,915.464193324076,3047.936638199448,915.1366201188379,195.90295980954136,24.48786997619267,1.1281544021096141e-06,7.790880669661601e-08,279.23112896380553,127.0400914507781,257.8042425977324,126.7816922324562,21.426886229168588,8.098601761836372,1.369045553786687e-07,2.370791996101628e-08,730.1721652601806,236.61330818616278,641.4036361597214,236.03842608209627,88.76852866369843,16.4839019496848,4.3676073913946195e-07,3.126256182845732e-08,1240.5033176275738,776.3286271022185,-0.6617809512793464,1.1665039763602953,-0.6085380515512688,2.673377702398535,1.4838877131231654,4.44256814142083,1.909039860562423,-1.7691904390222954,-0.7316981509891993,valid,isolation,0.16666666666666669,0.16666666666666669,0.75,100.0,2.0,3
786.5937538130011,239.71332272674042,740.6789973287489,239.4199924195998,45.91475620536126,11.855139075235854,2.7889083467091975e-07,2.735863661596836e-08,3254.311755164851,915.4988394144957,3055.347810477596,915.1661595425271,198.96394355656545,24.678439931860847,1.13068987138269e-06,7.792943258556447e-08,280.7743912363697,127.04360001010123,259.3475048690288,126.78520794252685,21.426886229168588,8.098601761836372,1.3817229001520664e-07,2.3741790580885684e-08,846.7731195294392,263.490392775644,758.0045904264446,262.97427262296276,88.76852866369843,16.4839019496848,4.3929620841253785e-07,3.1313927800508715e-08,1079.0699195287882,665.7968869420642,-0.3718261990996159,0.9440446842276073,-0.4133147280143911,2.8015153032628524,1.5283183586238045,3.8431920901944863,1.6121583673374775,-1.041676786931634,-0.46891885681962386,valid,isolation,0.17424242424242425,0.17424242424242425,0.75,100.0,2.0,3
797.8003786435681,239.84652859492823,748.824638412292,239.53380415933987,48.97573995238534,12.243934988096335,2.7889083467091975e-07,2.735863661596836e-08,3380.4080318076017,917.3117401995346,3163.078184633131,916.9490637878588,217.32984603870995,25.792307505683503,1.1357608099288417e-06,7.797066799471932e-08,296.2992877231907,127.47020083028617,274.8724013558498,127.21267526947412,21.426886229168588,8.098601761836372,1.3817229001520664e-07,2.3741790580885684e-08,865.3221883570035,263.7141096582175,773.4926755031815,263.18062806338924,91.82951241072251,16.765698464017778,4.4309941232215175e-07,3.1390819161364784e-08,1157.5023794780043,686.3443589221812,-0.45086717236961804,0.9645532224860666,-0.494744932235226,2.6925490937693066,1.4131646523458816,3.906531090143451,1.5941066289581285,-1.2139819963741445,-0.5698623156515578,valid,isolation,0.18181818181818182,0.18181818181818182,0.75,100.0,2.0,3
824.4289615187963,240.20576735487236,772.392237540496,239.87398171759017,52.03672369940942,12.620759307279226,2.7889083467091975e-07,2.735863661596836e-08,3567.9029071260247,925.7759928916925,3344.4510924549704,925.4065088625281,223.4518135327581,26.15305659892986,1.1382962792019177e-06,7.799127752358018e-08,311.7320005407288,127.89534538220941,290.3051141695847,127.63867760180618,21.426886229168588,8.098601761836372,1.4197549392482052e-07,2.384311375036126e-08,875.8334072926446,263.8343688411552,780.9429106867276,263.28333770925343,94.8904961577466,17.042836221882602,4.4817035086830355e-07,3.149304894823966e-08,1269.9098957775261,725.5121967509497,-0.5403509035369729,0.9878512395551416,-0.582905129500255,2.6446722187287346,1.3308115918296715,4.0737232416779365,1.619635906938774,-1.429051022949202,-0.6817166069445864,valid,isolation,0.1893939393939394,0.1893939393939394,0.75,100.0,2.0,3
866.3385844510594,242.48151216613076,805.1189092304191,242.09479819356406,61.219674940481674,13.689135472735742,2.801585693074577e-07,2.7387992781386568e-08,3798.8019422487796,934.7848002241614,3575.3501275764575,934.4188784269389,223.4518135327581,26.15305659892986,1.1395640138384558e-06,7.800158024597183e-08,313.088140227705,127.89876379255486,291.66125385656096,127.64210288602631,21.426886229168588,8.098601761836372,1.4197549392482052e-07,2.384311375036126e-08,879.0261413622545,263.8521426978434,781.0746610080458,263.28335556631316,97.95147990477068,17.315538916980298,4.494380855048415e-07,3.1518554585591274e-08,1353.0426220872973,762.4354641034548,-0.5617942526992834,0.9826510849058302,-0.6083300896719286,2.7670756989421013,1.3702413905369304,4.321602923391626,1.6773762172002094,-1.5545272244495245,-0.7177258020865899,valid,isolation,0.19696969696969696,0.19696969696969696,0.75,100.0,2.0,3
868.4769572200928,242.4842351579105,807.2572819994525,242.097525534909,61.219674940481674,13.689135472735742,2.801585693074577e-07,2.7387992781386568e-08,3879.0735435243105,935.9684979491699,3649.4997613541373,935.5930245254928,229.57378102680627,26.508896854941362,1.1433672177480696e-06,7.803248025146206e-08,313.24614296232613,127.898803843806,291.81925659118207,127.64214301781189,21.426886229168588,8.098601761836372,1.4197549392482052e-07,2.384311375036126e-08,881.6722937053989,263.8554534278185,783.7208133499225,263.2866734485706,97.95147990477068,17.315538916980298,4.5070582014137946e-07,3.1544039599797215e-08,1378.1819327331693,772.876180362451,-0.5868952207374514,0.9941187205964443,-0.6292480455301493,2.77250646730084,1.3713852253313588,4.399677262423379,1.6913310820962908,-1.6271707951225385,-0.7472819673614133,valid,isolation,0.20454545454545456,0.20454545454545456,0.75,100.0,2.0,3
914.8214565672052,244.83010915011403,847.4798138525168,244.40877781590976,67.34164243452985,14.357286407605137,2.801585693074577e-07,2.7387992781386568e-08,4158.523700881268,950.8403218911011,3928.949918709827,950.4707234426039,229.57378102680627,26.508896854941362,1.1446349523846073e-06,7.804277753452585e-08,313.2511914828111,127.89880389367211,291.82430511166706,127.64214306777828,21.426886229168588,8.098601761836372,1.4197549392482052e-07,2.384311375036126e-08,882.3357827343295,263.8562811134382,784.3843023750499,263.28750292223947,97.95147990477068,17.315538916980298,4.5450902405099336e-07,3.162037140198718e-08,1476.3795480147687,819.9044204193335,-0.6138444692309313,0.9948865286572521,-0.6562725864850434,2.9204085457322315,1.4257107436155794,4.713085179424708,1.7741922320565489,-1.7926766336924769,-0.7876257837292833,valid,isolation,0.21212121212121213,0.21212121212121213,0.75,100.0,2.0,3
936.8431762273218,245.07534962092896,866.4405497643415,244.63529119350505,70.40262618155393,14.679962346325988,2.8142630394399565e-07,2.7417317514701557e-08,4203.1921680703,951.4368120794729,3970.5574021290263,951.0625195779638,232.63476477383037,26.685037642196903,1.1674433904748601e-06,8.065285296989232e-08,313.9728497961109,127.90051804770275,292.5459634249668,127.64386066855671,21.426886229168588,8.098601761836372,1.4197549392482052e-07,2.384311375036126e-08,1048.7907145410538,290.25659892810614,947.7782504322146,289.723481464355,101.01246365179476,17.584012894814563,4.5704449332406926e-07,3.1671157064701075e-08,1258.2951059279885,682.00895632834,-0.34312245406446507,0.8083412510974376,-0.44356211547386337,2.9838349934897024,1.4445476742253456,4.0076557789793155,1.4328792563682677,-1.023820785489613,-0.5031889151281665,valid,isolation,0.2196969696969697,0.2196969696969697,0.75,100.0,2.0,3
960.226100038813,245.40781101941326,889.8234735758327,244.9683498226873,70.40262618155393,14.679962346325988,2.8142630394399565e-07,2.7417317514701557e-08,4249.595994356757,952.0192891988304,4004.717293404579,951.625534171232,244.8786997619267,27.378270945471485,1.1902518285651127e-06,8.318106911468886e-08,321.4258402190729,128.11173034464653,299.99895384666104,127.8554969541889,21.426886229168588,8.098601761836372,1.4324322856135847e-07,2.3876792590742674e-08,1055.0128234533593,290.28889233116246,947.878391849204,289.7234962138369,107.13443114584292,18.10902406216569,4.583122279606072e-07,3.169651938187603e-08,1294.704607102923,690.8881609042048,-0.34833307181567985,0.797769308377941,-0.4562030657131325,2.9873954731964165,1.4144556874101557,4.028004115103181,1.4292105584193704,-1.0406086419067648,-0.5175090596496866,valid,isolation,0.2272727272727273,0.2272727272727273,0.75,100.0,2.0,3
961.6796259046306,245.40960995357935,891.2769994416503,244.97015198402926,70.40262618155393,14.679962346325988,2.8142630394399565e-07,2.7417317514701557e-08,4302.014584724277,952.6293280490517,4044.891948782734,952.2161458687968,257.12263475002305,28.05437944353484,1.1915195632016507e-06,8.31907291119108e-08,360.26682963094913,132.2940621596755,332.71797576322143,131.97496841906107,27.54885372321675,9.182951241072251,1.4451096319789642e-07,2.3910423993104394e-08,1063.2773625816378,290.3827834868567,956.1429309749471,289.81757053893506,107.13443114584292,18.10902406216569,4.608476972336831e-07,3.174718323163488e-08,1457.6376870298702,741.0527832376445,-0.5157206701334687,0.8622101044468943,-0.6353295222835353,2.6693537867190216,1.1936678827639653,4.045994710429068,1.4225528174466557,-1.3766409237100463,-0.7413197831628086,valid,isolation,0.23484848484848486,0.23484848484848486,0.75,100.0,2.0,3
1005.6630921836352,247.70976705259824,932.1994819723632,247.25545045006268,73.46360992857801,14.995696582323022,2.826940385805336e-07,2.7446610916662168e-08,5013.747662420734,1122.0910489357343,4744.381091489827,1121.7235824434363,269.3665697381194,28.714572815210275,1.1927872978381887e-06,8.32003879875569e-08,361.59120642832625,132.29736367278682,334.04235256059854,131.9782779144875,27.54885372321675,9.182951241072251,1.4451096319789642e-07,2.3910423993104394e-08,1066.340947582807,290.3989162752519,956.1455322278248,289.8175705506088,110.195414892867,18.365902482144502,4.6211543187022106e-07,3.1772484861144824e-08,1700.1382813737728,863.759595137886,-0.6905644590000779,0.9545155230521203,-0.7728610103996933,2.7812155669304843,1.226689149815914,4.701824190270429,1.6573681182297988,-1.9206086233399446,-0.931452837056663,valid,isolation,0.24242424242424243,0.24242424242424243,0.75,100.0,2.0,3
1025.0360582489975,247.94863628278586,948.5114642894337,247.47582851059332,76.52459367560209,15.304918735120419,2.8396177321707155e-07,2.7475873087480166e-08,5025.741568853843,1122.1197121739328,4753.314014175912,1121.7480787306258,272.42755348514345,28.877262914957132,1.1927872978381887e-06,8.32003879875569e-08,362.5053438169721,132.29908535962826,334.9564899492443,131.98000376382134,27.54885372321675,9.182951241072251,1.4451096319789642e-07,2.3910423993104394e-08,1107.9295203915249,292.3300357031523,997.7341050365426,291.7525379499254,110.195414892867,18.365902482144502,4.6211543187022106e-07,3.1772484861144824e-08,1644.3809302136792,826.559019493659,-0.6042176438384697,0.8948827907455055,-0.7177086581332546,2.8276439940331897,1.2380628276260368,4.536156385721923,1.5678944436983902,-1.7085123916887333,-0.8552089427261635,valid,isolation,0.25,0.25,0.75,100.0,2.0,3
1175.735979264953,275.66482391100544,1099.211385305389,275.2396312386663,76.52459367560209,15.304918735120419,2.8396177321707155e-07,2.7475873087480166e-08,5156.609823728883,1128.1255372208632,4878.060301555637,1127.747574669705,278.54952097919164,29.199923911864044,1.1940550324747267e-06,8.32100457420177e-08,363.1712801097068,132.30073609922715,335.62242624197904,131.9816584942826,27.54885372321675,9.182951241072251,1.4451096319789642e-07,2.3910423993104394e-08,1238.1370414795872,314.59655478547023,1121.8196586292888,314.0301684009112,116.31738238691518,18.869171073015707,4.63383166506759e-07,3.179776635803771e-08,1512.5406380476045,748.870905106822,-0.2864628324066558,0.7047469369399672,-0.4220627231306606,3.2374145304380524,1.4025201182829339,4.1648134665018,1.3964398914134224,-0.927398936063748,-0.4685801347740659,valid,isolation,0.25757575757575757,0.25757575757575757,0.75,100.0,2.0,3
1179.6503298595726,275.6826411089725,1100.0647521529847,275.2404556925278,79.58557742262617,15.608015856866164,2.8396177321707155e-07,2.7475873087480166e-08,5215.2584814861175,1128.6607734735385,4927.526008071799,1128.2705336739627,287.73247222026384,29.67733850865482,1.1940550324747267e-06,8.322935788894466e-08,363.9372038341605,132.30241911456417,336.3883499664328,131.98334557840957,27.54885372321675,9.182951241072251,1.4451096319789642e-07,2.3910423993104394e-08,1293.0105529645898,316.4950205749194,1170.5712026202432,315.90237920714816,122.43934988096335,19.359361042705515,4.63383166506759e-07,3.179776635803771e-08,1467.9126822845249,717.4841234472976,-0.24436254127887835,0.6741636976604091,-0.37503640078243866,3.241356798457784,1.400812839569474,4.033422982920498,1.3178229498514882,-0.7920661844627137,-0.41183493581272523,valid,isolation,0.26515151515151514,0.26515151515151514,0.75,100.0,2.0,3
1181.067044315306,275.68424091181424,1101.4814666087182,275.2420580655054,79.58557742262617,15.608015856866164,2.8396177321707155e-07,2.7475873087480166e-08,5382.741400201934,1135.1230605645935,5091.947943039324,1134.7309146150346,290.79345596728797,29.83477907504649,1.1953227671112647e-06,8.323901228219081e-08,371.30030386510566,132.50658292454926,343.7514499973779,132.1880021970396,27.54885372321675,9.182951241072251,1.4451096319789642e-07,2.3910423993104394e-08,1303.5598949226817,316.5408051874751,1171.9375933334597,315.9037632321822,131.6223011220356,20.072212744998016,4.671863704163729e-07,3.187349053188855e-08,1533.1965376556836,736.5634128850638,-0.2981452196429,0.6933587766259648,-0.4477369211840367,3.1808943650754204,1.3564273517257273,4.129262814211695,1.328035536587992,-0.9483684491362747,-0.49958616397031325,valid,isolation,0.2727272727272727,0.2727272727272727,0.75,100.0,2.0,3
1181.94176904099,275.685065541567,1102.3561913344022,275.2428840200413,79.58557742262617,15.608015856866164,2.8396177321707155e-07,2.7475873087480166e-08,5392.769914531969,1135.135641813419,5092.793506128287,1134.7311145853926,299.97640720836023,30.30219310471552,1.1953227671112647e-06,8.323901228219081e-08,371.96639414311073,132.508231082152,344.41754027538303,132.18965432674784,27.54885372321675,9.182951241072251,1.4451096319789642e-07,2.3910423993104394e-08,1354.7064863691928,318.4122810251886,1220.023201031679,317.7642480860357,134.6832848690597,20.304269156510077,4.6845410505291087e-07,3.1898691976240456e-08,1480.711283023443,704.632417845296,-0.2527785393563593,0.6639262579175076,-0.3948617661105973,3.1775498745358393,1.3530144346502782,3.9807662905529924,1.256002466323067,-0.8032164160171531,-0.43508154364630347,valid,isolation,0.28030303030303033,0.28030303030303033,0.75,100.0,2.0,3
1218.601701936014,277.63725229341094,1135.955140482402,277.1812837847234,82.64656116965025,15.905338112964817,2.8396177321707155e-07,2.7475873087480166e-08,6087.023369070254,1276.6710002988762,5774.803025677207,1276.2966511008244,312.22034219645656,30.91442046931579,1.1965905017478025e-06,8.324866555581171e-08,380.10943397504377,132.7137591306879,352.56058010604835,132.39567692754298,27.54885372321675,9.182951241072251,1.4577869783443438e-07,2.3944008157338658e-08,1359.4006227782625,318.4284068941114,1221.6563536937247,317.7656642081429,137.74426861608376,20.533703209103614,4.6845410505291087e-07,3.1898691976240456e-08,1702.0258551018492,799.7016372310246,-0.3967039865427815,0.7293274501428292,-0.5710687322895933,3.205923328953792,1.3365692932199307,4.477725894100266,1.407877112821123,-1.2718025651464742,-0.6551389112914168,valid,isolation,0.2878787878787879,0.2878787878787879,0.75,100.0,2.0,3
1230.5511471856764,277.75307256482876,1144.8436019850403,277.28039944650925,85.70754491667435,16.197203523672744,2.8396177321707155e-07,2.7475873087480166e-08,6289.3478889595035,1282.8083806517789,5971.005578071141,1282.4285168517138,318.3423096905047,31.216031713732328,1.1978582363843405e-06,8.32583177101968e-08,412.8333504268188,136.68689060179125,385.28449655782333,136.37807546996012,27.54885372321675,9.182951241072251,1.4577869783443438e-07,2.3944008157338658e-08,1360.8197845016034,318.42979195014965,1223.0755154170656,317.76705215288763,137.74426861608376,20.533703209103614,4.6845410505291087e-07,3.1898691976240456e-08,1908.0061816928505,865.9505562667593,-0.5505297655091728,0.7859331260801857,-0.7449433036802472,2.980745489465515,1.1944223407834758,4.621734604823489,1.434653127126204,-1.640989115357974,-0.8790470890756411,valid,isolation,0.29545454545454547,0.29545454545454547,0.75,100.0,2.0,3
1247.79229638715,277.90174564813464,1152.9017999454416,277.3786617023642,94.8904961577466,17.042836221882602,2.8396177321707155e-07,2.7475873087480166e-08,6339.358383821323,1283.2576998468053,6011.83312169062,1282.8670136517119,327.52526093157695,31.663062082675758,1.1991259710208785e-06,8.326796874573528e-08,413.62614250565707,136.6885227030559,386.0772886366616,136.379711266918,27.54885372321675,9.182951241072251,1.4577869783443438e-07,2.3944008157338658e-08,1362.2733103686885,318.431178356711,1224.529041282883,317.76844145094697,137.74426861608376,20.533703209103614,4.697218396894488e-07,3.192387352599532e-08,1924.815185251815,871.1189555933863,-0.5425765897296473,0.7780826932553528,-0.7404232604214823,3.016715260859229,1.2021838210079128,4.653514339281613,1.438949911683312,-1.636799078422384,-0.8729349533305005,valid,isolation,0.30303030303030304,0.30303030303030304,0.75,100.0,2.0,3
1251.3175696788337,277.9186796416576,1153.3660894901013,277.3787385611537,97.95147990477068,17.315538916980298,2.8396177321707155e-07,2.7475873087480166e-08,6481.892864820841,1288.550993745694,6151.306618943114,1288.1582761295542,330.586244678601,31.810676225929633,1.1991259710208785e-06,8.326796874573528e-08,413.6921155524626,136.68852899591866,386.14326168346713,136.37971757403,27.54885372321675,9.182951241072251,1.4577869783443438e-07,2.3944008157338658e-08,1366.7031320965366,318.44726315773215,1225.897879263707,317.7698173578964,140.80525236310785,20.760601845300574,4.697218396894488e-07,3.192387352599532e-08,1962.026653087921,883.9596661931737,-0.5679685961665988,0.7875974215696067,-0.7669913830930344,3.0247556640226736,1.2042189217022854,4.7427218922645995,1.4526150277030427,-1.717966228241926,-0.9104904043017632,valid,isolation,0.3106060606060606,0.3106060606060606,0.75,100.0,2.0,3
1259.6161231894905,278.01676074280994,1161.6646430007581,277.4770105178794,97.95147990477068,17.315538916980298,2.8396177321707155e-07,2.7475873087480166e-08,6503.603058808615,1288.600398183557,6166.89484543684,1288.2004222301246,336.7082121726492,32.103868379838836,1.1991259710208785e-06,8.326796874573528e-08,414.50886676226685,136.69016413880664,386.9600128932714,136.38135641940943,27.54885372321675,9.182951241072251,1.4577869783443438e-07,2.3944008157338658e-08,1400.7807409689483,320.1248163071362,1259.9754881348508,319.4509280416925,140.80525236310785,20.760601845300574,4.7098957432598677e-07,3.194903522819466e-08,1924.4989989751225,861.1564599842659,-0.5278456376868799,0.7623094418982407,-0.7347405626521936,3.03881587148754,1.2058384069636445,4.642841572985892,1.4042997260849832,-1.6040257014983523,-0.8665847712658138,valid,isolation,0.3181818181818182,0.3181818181818182,0.75,100.0,2.0,3
1270.7275011382828,278.13160716772853,1169.7150372025262,277.5752031364089,101.01246365179476,17.584012894814563,2.8396177321707155e-07,2.7475873087480166e-08,6781.349573110081,1299.4156647506848,6432.397424748941,1299.0045931206387,348.95214716074554,32.682362995172156,1.2003937056574165e-06,8.327761866281615e-08,415.269587982233,136.69179305989556,387.7207341119699,136.38298902881328,27.54885372321675,9.182951241072251,1.4704643247097235e-07,2.397754528193781e-08,1401.4833346864968,320.1254998750125,1260.6780818523994,319.45161305156614,140.80525236310785,20.760601845300574,4.7098957432598677e-07,3.194903522819466e-08,2009.3626327842542,892.3943888567604,-0.5812694940373309,0.7829241535366607,-0.7902101336664606,3.060006169275873,1.2095952544295905,4.838694407041969,1.4426451094172414,-1.7786882377660964,-0.9447824178356531,valid,isolation,0.32575757575757575,0.32575757575757575,0.75,100.0,2.0,3
1336.3745291766456,281.95377495109045,1235.362065240889,281.40492835002937,101.01246365179476,17.584012894814563,2.8396177321707155e-07,2.7475873087480166e-08,6858.4096450249335,1299.9257355718594,6497.21356167443,1299.500405026906,361.19608214884187,33.250794531054154,1.2016614402939543e-06,8.328726746182818e-08,513.545397788844,147.9721197471277,485.9965439185808,147.68690405368508,27.54885372321675,9.182951241072251,1.4704643247097235e-07,2.397754528193781e-08,1403.1140818679573,320.12689622887723,1262.3088290338599,319.4530123510424,140.80525236310785,20.760601845300574,4.7098957432598677e-07,3.194903522819466e-08,2510.2055170483477,1038.0319716041652,-0.8783697700336384,0.8720107116825757,-1.09128285476064,2.602251981870796,0.9293282499972123,4.887991456756228,1.4498393167214927,-2.285739474885432,-1.3272850887729568,valid,isolation,0.33333333333333337,0.33333333333333337,0.75,100.0,2.0,3
1344.5817486720396,281.9893425692602,1237.447317242235,281.4072717080344,107.13443114584292,18.10902406216569,2.8396177321707155e-07,2.7475873087480166e-08,7014.702550069276,1305.5028911432917,6647.384499224724,1305.0721988470782,367.31804964289006,33.531396928035555,1.2016614402939543e-06,8.328726746182818e-08,513.5479990417217,147.97211976999185,485.9991451714585,147.6869040765934,27.54885372321675,9.182951241072251,1.4704643247097235e-07,2.397754528193781e-08,1413.7150372040062,320.22598388887076,1269.8488006228847,319.53764809035675,143.86623611013192,20.985047307038485,4.7098957432598677e-07,3.194903522819466e-08,2548.170150036465,1047.4439999851143,-0.8951396243130145,0.8745442946521612,-1.1095658121741794,2.6182202076164702,0.9330805042924094,4.96189286063102,1.4546494447578169,-2.34367265301455,-1.3561421237221605,valid,isolation,0.34090909090909094,0.34090909090909094,0.75,100.0,2.0,3
1355.722596228094,282.10257323600985,1245.5271810512652,281.5040949123026,110.195414892867,18.365902482144502,2.8396177321707155e-07,2.7475873087480166e-08,7296.231467281313,1316.1933543729526,6922.791448942713,1315.7590403537342,373.4400171369382,33.809670553623604,1.2016614402939543e-06,8.328726746182818e-08,513.6089235680422,147.9721255398916,486.060069697779,147.6869098576361,27.54885372321675,9.182951241072251,1.4704643247097235e-07,2.397754528193781e-08,1418.9725212212138,320.242687035824,1272.0453008930683,319.53972643154486,146.92721985715602,21.207117483953088,4.7098957432598677e-07,3.194903522819466e-08,2640.9317544701216,1077.5497870200509,-0.9479882992418585,0.8922079733194067,-1.1538284008296293,2.6396009376353637,0.9380862179884791,5.141911741181527,1.4856135488588873,-2.5023108035461634,-1.424194099519441,valid,isolation,0.3484848484848485,0.3484848484848485,0.75,100.0,2.0,3
1539.2022679146376,308.48792940961766,1429.006852737809,307.9407349108747,110.195414892867,18.365902482144502,2.8396177321707155e-07,2.7475873087480166e-08,7513.122423124114,1322.1722717811604,7130.499453544442,1321.729289067739,382.62296837801046,34.222838681839356,1.2016614402939543e-06,8.328726746182818e-08,522.4809217278068,148.15770299022097,494.93206785754364,147.87284524835053,27.54885372321675,9.182951241072251,1.4704643247097235e-07,2.397754528193781e-08,1433.1741985402896,320.3570207196677,1280.125010716828,319.6249984738433,153.04918735120418,21.64442364622537,4.722573089625247e-07,3.1974177129694845e-08,2738.99930147074,1100.1938203334407,-0.7794927661987061,0.7988180211058606,-1.0500359525307703,2.945949227819853,1.022961445920938,5.242295340494091,1.4913855987657685,-2.296346112674238,-1.2697500677007776,valid,isolation,0.3560606060606061,0.3560606060606061,0.75,100.0,2.0,3
1544.282726389763,308.50524047542297,1431.0263274646422,307.9428638648984,113.2563986398911,18.61923724224994,2.8522950785360955e-07,2.7505104126834257e-08,7743.244542989979,1328.1646454696495,7351.438622169235,1327.713076656089,391.8059196190827,34.631077833960596,1.2016614402939543e-06,8.328726746182818e-08,523.1494592734192,148.1591770613896,495.60060540315607,147.87432215909658,27.54885372321675,9.182951241072251,1.4704643247097235e-07,2.397754528193781e-08,1437.71022001649,320.37302340395007,1281.6000484460044,319.6263809958607,156.11017109822828,21.859796350305405,4.722573089625247e-07,3.1974177129694845e-08,2817.5873964647753,1124.5050789429195,-0.8245282086731325,0.8143030100164627,-1.0919753489314101,2.9518958664977957,1.0230558017578042,5.3858172774908475,1.5145233857912639,-2.433921410993052,-1.3316979666715407,valid,isolation,0.36363636363636365,0.36363636363636365,0.75,100.0,2.0,3
1548.2288398739818,308.5211625235764,1431.911457201837,307.94360215454435,116.31738238691518,18.869171073015707,2.8522950785360955e-07,2.7505104126834257e-08,7756.276067551159,1328.1789224815843,7352.226211742318,1327.7132446753712,404.04985460717904,35.16802578962913,1.2016614402939543e-06,8.328726746182818e-08,523.9393421301068,148.16068275876924,496.3904882585759,147.87583075691833,27.54885372321675,9.182951241072251,1.483141671075103e-07,2.4011035564007982e-08,1448.4453729414645,320.47204964297725,1289.2742176239547,319.7109855547577,159.17115484525235,22.07306770651445,4.722573089625247e-07,3.1974177129694845e-08,2805.6413145630418,1116.0714534310096,-0.8121618990067432,0.8062618139152458,-1.0859145068021347,2.954977256679303,1.0222500592582349,5.354897196985703,1.4981803960835256,-2.3999199403063995,-1.3232112642141887,valid,isolation,0.3712121212121212,0.3712121212121212,0.75,100.0,2.0,3
1573.565966469796,308.74330486966335,1448.065632556579,308.120550791992,125.50033362798743,19.59985922095793,2.8522950785360955e-07,2.7505104126834257e-08,7793.31607769753,1328.2677183296983,7383.144254394641,1327.7950151570246,410.17182210122724,35.43344861764249,1.2016614402939543e-06,8.328726746182818e-08,524.1583815892964,148.16074322156007,496.6095277177655,147.87589133617809,27.54885372321675,9.182951241072251,1.483141671075103e-07,2.4011035564007982e-08,1491.9508317936863,322.22500902020363,1332.779676474909,321.4680950266977,159.17115484525235,22.07306770651445,4.7352504359906267e-07,3.199929927716823e-08,2737.980270830174,1080.004446272647,-0.7399844233875204,0.7665613773084465,-1.0366304639261992,3.0020810917848904,1.0329769209203303,5.223574337451909,1.4371396923814783,-2.221493245667019,-1.2551787279354658,valid,isolation,0.3787878787878788,0.3787878787878788,0.75,100.0,2.0,3
1574.3483535371236,308.74402739346004,1448.8480196239066,308.1212747761054,125.50033362798743,19.59985922095793,2.8522950785360955e-07,2.7505104126834257e-08,7927.817901678858,1329.5644654984087,7511.524110881921,1329.0851738666454,416.29378959527537,35.69689795960149,1.2016614402939543e-06,8.328726746182818e-08,527.3776760414823,148.1923942043991,496.76783842292735,147.87592598200885,30.609837470240837,9.679680521352758,1.483141671075103e-07,2.4011035564007982e-08,1496.3995641320155,322.2409057292217,1334.167425066214,321.4694563807163,162.23213859227644,22.28429804763697,4.7352504359906267e-07,3.199929927716823e-08,2794.009221389084,1094.5227640650198,-0.7747083833839703,0.7774728412632096,-1.0724793897198779,2.985238900050234,1.0229355512647256,5.297928502323093,1.446046590023545,-2.312689602272859,-1.305656958559344,valid,isolation,0.38636363636363635,0.38636363636363635,0.75,100.0,2.0,3
1585.0593933458613,308.8467809300773,1456.4980756856203,308.2090361879259,128.56131737501153,19.83744194650397,2.8522950785360955e-07,2.7505104126834257e-08,8013.698138609739,1330.403845826721,7585.160412823438,1329.9107661721491,428.5377245833717,36.21804812433138,1.2029291749304923e-06,8.32969151431599e-08,538.7421078343779,148.40782355951555,505.0712864687988,148.06017782367172,33.67082121726492,10.152134578255039,1.483141671075103e-07,2.4011035564007982e-08,1511.4495597769342,322.3552346128782,1343.0954532170845,321.554922369179,168.3541060863246,22.700863033704422,4.7352504359906267e-07,3.199929927716823e-08,2856.4080083361882,1102.3370799496572,-0.8020826350908339,0.7790712588804399,-1.1105563815415243,2.9421487021265955,0.9927312359781425,5.301995085957373,1.4329895452964965,-2.359846383830777,-1.353693103347102,valid,isolation,0.3939393939393939,0.3939393939393939,0.75,100.0,2.0,3
1589.0003043255927,308.8626853497175,1457.3780029170598,308.209773818025,131.6223011220356,20.072212744998016,2.864972424901475e-07,2.7534304133874038e-08,8104.679994529837,1331.2569434004256,7670.020301249488,1330.7571390373635,434.6596920774199,36.47583107943498,1.2029291749304923e-06,8.32969151431599e-08,539.1508711307653,148.40794141599912,505.4800497651862,148.06029595688244,33.67082121726492,10.152134578255039,1.483141671075103e-07,2.4011035564007982e-08,1511.6052692292183,322.35525049566763,1343.2511626693686,321.55493829149884,168.3541060863246,22.700863033704422,4.7352504359906267e-07,3.199929927716823e-08,2890.7317063766063,1112.939542532508,-0.8192140671763419,0.784604295240374,-1.1270378162572507,2.947227556162471,0.9931378113079454,5.361637829340519,1.4432441540002638,-2.414410273178048,-1.378139150019042,valid,isolation,0.40151515151515155,0.40151515151515155,0.75,100.0,2.0,3
1600.3017140821235,308.9660938032103,1465.6184289265666,308.29820592088134,134.6832848690597,20.304269156510077,2.864972424901475e-07,2.7534304133874038e-08,8177.387543105928,1332.0652314266943,7739.666866078554,1331.5622121783936,437.72067582444396,36.60404177730952,1.2029291749304923e-06,8.32969151431599e-08,539.9435092243332,148.4094446149402,506.2726878587541,148.0618026852976,33.67082121726492,10.152134578255039,1.483141671075103e-07,2.4011035564007982e-08,1547.390323413288,324.02568006901765,1375.9752331064142,323.21500976937136,171.4150898333487,22.906304895695282,4.7352504359906267e-07,3.199929927716823e-08,2853.402441196917,1090.0322605184658,-0.7830402955192284,0.7631906765410253,-1.1060276624818957,2.9638317467341526,0.9955282004768626,5.284631433566134,1.402012897528417,-2.3207996868319816,-1.3496862084268884,valid,isolation,0.4090909090909091,0.4090909090909091,0.75,100.0,2.0,3
1639.3251273141302,310.72360971615217,1498.519874664525,310.0292874004915,140.80525236310785,20.760601845300574,2.864972424901475e-07,2.7534304133874038e-08,8231.812714134141,1332.501785194401,7781.848102117403,1331.984862220976,449.9646108125403,37.112455596917904,1.2041969095670303e-06,8.330656170719963e-08,540.1333870468014,148.409502111335,506.4625656812224,148.06186031669108,33.67082121726492,10.152134578255039,1.483141671075103e-07,2.4011035564007982e-08,1553.6363914552917,324.0546095499942,1376.0993336543697,323.215024285112,177.53705732739687,23.31175769807255,4.7352504359906267e-07,3.199929927716823e-08,2861.851658003047,1090.523263000348,-0.7457498883652833,0.7429797406552658,-1.0781352501231645,3.035037578915828,1.0130950649878099,5.298416514576747,1.3988969663275588,-2.263378935660919,-1.3104204862747406,valid,isolation,0.4166666666666667,0.4166666666666667,0.75,100.0,2.0,3
1685.201366517867,312.5455414310188,1541.3351301212379,311.84025278647084,143.86623611013192,20.985047307038485,2.864972424901475e-07,2.7534304133874038e-08,8399.876531498867,1337.9800681751947,7946.850935735106,1337.4617597719068,453.0255945595644,37.23847448449988,1.2041969095670303e-06,8.330656170719963e-08,540.4817295597019,148.4095941315739,506.8109081941228,148.06195255298874,33.67082121726492,10.152134578255039,1.483141671075103e-07,2.4011035564007982e-08,1553.7707430294874,324.0546240686878,1376.2336852285655,323.21503884151946,177.53705732739687,23.31175769807255,4.7352504359906267e-07,3.199929927716823e-08,2921.91098088291,1109.8171010656345,-0.7338645926453626,0.7328830742553034,-1.072613791864586,3.1179617632786583,1.0331494960203487,5.406123502570967,1.418726421424526,-2.288161739292309,-1.3037625202437213,valid,isolation,0.42424242424242425,0.42424242424242425,0.75,100.0,2.0,3
1708.2082192908106,312.80564415034087,1564.3419828941815,312.1009432889158,143.86623611013192,20.985047307038485,2.864972424901475e-07,2.7534304133874038e-08,8459.891384197024,1338.4317155088359,7997.682837192191,1337.9030772942763,462.2085458006366,37.6139980117959,1.2041969095670303e-06,8.330656170719963e-08,541.1426173319517,148.41106563510016,507.47179596637255,148.06342751149253,33.67082121726492,10.152134578255039,1.483141671075103e-07,2.4011035564007982e-08,1557.6167150967165,324.0697689662773,1377.0186735487705,323.2157290253418,180.59804107442093,23.51186229274896,4.7352504359906267e-07,3.199929927716823e-08,2939.1105793983115,1113.5031115967931,-0.7205809843360484,0.7240056327601143,-1.06423688703435,3.1566691747786497,1.0409756256231233,5.4313049559639115,1.4196079696126291,-2.2746357811852618,-1.2921320280823683,valid,isolation,0.4318181818181818,0.4318181818181818,0.75,100.0,2.0,3
1725.5946311460352,312.93769044840815,1572.5454435083338,312.1882717659433,153.04918735120418,21.64442364622537,2.864972424901475e-07,2.7534304133874038e-08,8579.272678763797,1339.6754241748627,8114.003148011938,1339.1437785653065,465.26952954766074,37.738342146031414,1.2041969095670303e-06,8.330656170719963e-08,574.5933946027817,151.97581089010703,540.9225732372026,151.63634544267603,33.67082121726492,10.152134578255039,1.483141671075103e-07,2.4011035564007982e-08,1616.335195005854,325.9809761653145,1432.676169710884,325.11754725286454,183.65902482144503,23.71027815047171,4.7352504359906267e-07,3.199929927716823e-08,3049.858362884894,1120.649721657293,-0.7674245780768125,0.7242183929105679,-1.1381500145691332,3.003157793588881,0.9630939815372063,5.30785489623192,1.3538471302577797,-2.3046971026430385,-1.3871510356905785,valid,isolation,0.4393939393939394,0.4393939393939394,0.75,100.0,2.0,3
1735.2151559734841,313.0261849212569,1582.1659683357827,312.2769786125446,153.04918735120418,21.64442364622537,2.864972424901475e-07,2.7534304133874038e-08,8771.844019235414,1345.175293765312,8294.33055349546,1344.6318864293917,477.51346453575707,38.23167474659086,1.2041969095670303e-06,8.330656170719963e-08,582.0512795596906,152.15360673580005,548.3804581941115,151.81453884993195,33.67082121726492,10.152134578255039,1.483141671075103e-07,2.4011035564007982e-08,1622.5942693135141,326.00973218898497,1432.813276523228,325.1175617356926,189.7809923154932,24.102210126289812,4.747927782356006e-07,3.202440171710406e-08,3146.60487347468,1144.17001868061,-0.8133802385499469,0.736068540953316,-1.1898243673175755,2.981206668398938,0.9468680048701223,5.406061259507959,1.3664085993565511,-2.424854591109021,-1.4586316585479024,valid,isolation,0.44696969696969696,0.44696969696969696,0.75,100.0,2.0,3
1797.897062367538,314.9652982968002,1632.6039397417403,314.16107265257557,165.2931223393005,22.493544873484534,2.864972424901475e-07,2.7534304133874038e-08,8843.5909991629,1345.977732220303,8359.95556592763,1345.427684952254,483.6354320298052,38.47596908367878,1.2054646442035683e-06,8.331620715433545e-08,585.1174658124701,152.1843936734154,548.3856606998669,151.8145388945029,36.731804964289005,10.603558741976544,1.483141671075103e-07,2.4011035564007982e-08,1746.645612749054,346.08921954383237,1556.864619958768,345.24894113014625,189.7809923154932,24.102210126289812,4.747927782356006e-07,3.202440171710406e-08,2962.558355479984,1068.46792869209,-0.6477908649446129,0.660687124112458,-1.045548179691543,3.0727113227957603,0.9635671374303103,5.0631856483147315,1.2650441072022571,-1.9904743255189712,-1.2516978072785125,valid,isolation,0.4545454545454546,0.4545454545454546,0.75,100.0,2.0,3
1848.5464332367198,316.8454070652615,1680.192326863898,316.03114212981643,168.3541060863246,22.700863033704422,2.864972424901475e-07,2.7534304133874038e-08,8879.98033077624,1346.06519391969,8390.222930046923,1345.5082187939713,489.7573995238534,38.71872208541103,1.2054646442035683e-06,8.331620715433545e-08,585.9075026531605,152.18585954864184,549.1756975405573,151.8160083409006,36.731804964289005,10.603558741976544,1.483141671075103e-07,2.4011035564007982e-08,1751.7553868449031,346.1046511461566,1558.913410307593,345.2508412597012,192.84197606251726,24.295805285509118,4.747927782356006e-07,3.202440171710406e-08,2970.076266518678,1068.735965079323,-0.6067090407451714,0.6403893273655763,-1.0061143127058945,3.155014101826587,0.9818415107612442,5.069189681083285,1.2623607882762324,-1.9141755792566975,-1.1969285273077428,valid,isolation,0.46212121212121215,0.46212121212121215,0.75,100.0,2.0,3
2026.1655139998247,339.2398081257621,1851.6894401329548,338.4517380539355,174.47607358037277,23.109920499086517,2.864972424901475e-07,2.7534304133874038e-08,8887.388045975902,1346.085276491445,8397.630645246585,1345.5283096788125,489.7573995238534,38.71872208541103,1.2054646442035683e-06,8.331620715433545e-08,586.0024415643945,152.18588758347013,549.2706364517913,151.81603644402676,36.731804964289005,10.603558741976544,1.483141671075103e-07,2.4011035564007982e-08,1762.9959138621361,346.1969245862071,1567.0929535778018,345.32977690459455,195.90295980954136,24.48786997619267,4.747927782356006e-07,3.202440171710406e-08,2954.080070817086,1060.7813501856738,-0.4579658228342256,0.577653406158411,-0.8331774110904016,3.457605924969809,1.068381485416859,5.0410712674351,1.2501529845357642,-1.5834653424652916,-0.9628960457885153,valid,isolation,0.4696969696969697,0.4696969696969697,0.75,100.0,2.0,3
2030.0088848141766,339.2542751211768,1852.4718272002824,338.4523971565595,177.53705732739687,23.31175769807255,2.864972424901475e-07,2.7534304133874038e-08,9017.000138963664,1347.3481302476239,8518.059786993274,1346.781250158073,498.94035076492565,39.08002436572849,1.2054646442035683e-06,8.331620715433545e-08,586.7923244198143,152.18735344175312,550.0605193072112,151.81750587336933,36.731804964289005,10.603558741976544,1.483141671075103e-07,2.4011035564007982e-08,1771.1997242338512,346.275645776333,1575.2967639495168,345.4086957241313,195.90295980954136,24.48786997619267,4.747927782356006e-07,3.202440171710406e-08,2987.300866436728,1067.9912934635981,-0.4715703407919716,0.5807441685057035,-0.8542828152617364,3.459501428927738,1.0673771653491853,5.090899696737504,1.2527012925218632,-1.6313982678097663,-0.9912682685270968,valid,isolation,0.4772727272727273,0.4772727272727273,0.75,100.0,2.0,3
2114.65428399043,342.56761796360513,1934.056242629512,341.75980630961465,180.59804107442093,23.51186229274896,2.864972424901475e-07,2.7534304133874038e-08,9188.027399911303,1352.76975145489,8682.965080446866,1352.1982150941851,505.0623182589738,39.31904815003822,1.2054646442035683e-06,8.331620715433545e-08,587.6722516512535,152.18884728084703,550.9404465386503,151.81900335161745,36.731804964289005,10.603558741976544,1.483141671075103e-07,2.4011035564007982e-08,1771.3365230756544,346.27565937198784,1575.4335627913201,345.40870935391024,195.90295980954136,24.48786997619267,4.747927782356006e-07,3.202440171710406e-08,3048.2907567240804,1086.1406784355406,-0.4415078529866565,0.5642188075261102,-0.8197827130856091,3.598356529593887,1.0991664258612617,5.187059195255401,1.2694303130965514,-1.588702665661514,-0.946122392540985,valid,isolation,0.48484848484848486,0.48484848484848486,0.75,100.0,2.0,3
2248.449325022302,361.7685895298087,2058.668332420312,360.964812464339,189.7809923154932,24.102210126289812,2.864972424901475e-07,2.7534304133874038e-08,9484.441355934096,1363.1039481029886,8961.013133986246,1362.5161166230412,523.4282207411184,40.027556463295355,1.2067323788401063e-06,8.332585148495523e-08,591.4283333277336,152.22106455407783,551.6355444681064,151.82044465249942,39.79278871131309,11.036533853257225,1.483141671075103e-07,2.4011035564007982e-08,1782.4746153935607,346.36787491003804,1583.5106713622024,345.48759655337165,198.96394355656545,24.678439931860847,4.747927782356006e-07,3.202440171710406e-08,3146.9549665627155,1111.0976843401882,-0.3996112483128793,0.5430541444975366,-0.768933072804967,3.8017274423955407,1.153945617774124,5.320940491396553,1.2860300021529967,-1.5192130490010123,-0.8792508316962951,valid,isolation,0.49242424242424243,0.49242424242424243,0.75,100.0,2.0,3
2296.6084015554197,363.39433656413155,2106.8274089534293,362.59416337540995,189.7809923154932,24.102210126289812,2.864972424901475e-07,2.7534304133874038e-08,9490.190351953566,1363.108026143009,8963.701146258692,1362.5167580758662,526.4892044881424,40.14442548999603,1.2067323788401063e-06,8.332585148495523e-08,592.1234312571897,152.22250204809055,552.3306423975625,151.82188593969855,39.79278871131309,11.036533853257225,1.483141671075103e-07,2.4011035564007982e-08,1822.5806964732997,347.98726156160944,1623.6167524406737,347.1110900153977,198.96394355656545,24.678439931860847,4.760605128721386e-07,3.204948449580953e-08,3083.190821320621,1082.085027020534,-0.3424974058409236,0.5168385485203636,-0.6890934455595524,3.878597401017026,1.1708394214027888,5.207006949166706,1.2440847735336167,-1.32840954814968,-0.7775777338549964,valid,isolation,0.5,0.5,0.75,100.0,2.0,3
2340.4731655632495,364.95161398520736,2147.631189214235,364.1419975722883,192.84197606251726,24.295805285509118,2.864972424901475e-07,2.7534304133874038e-08,9631.620499257991,1368.079498584167,9095.948342322044,1367.4801024818917,535.6721557292146,40.493008809181866,1.2067323788401063e-06,8.332585148495523e-08,599.4813287823795,152.39998205715955,559.6885399227523,151.99983372204215,39.79278871131309,11.036533853257225,1.483141671075103e-07,2.4011035564007982e-08,1840.149834689989,348.09563035451487,1635.063923162047,347.1927465132841,205.08591105061362,25.0552317983601,4.773282475086766e-07,3.2074547659410774e-08,3137.775275889711,1089.6139137146133,-0.34065851386703927,0.5103344657532756,-0.6938446364861262,3.904163571394357,1.164344731561407,5.2341501315193915,1.2381795455939764,-1.3299865601250342,-0.7825092385975387,valid,isolation,0.5075757575757576,0.5075757575757576,0.75,100.0,2.0,3
2396.0974552112502,366.5900047861925,2197.1335113681876,365.7583986891759,198.96394355656545,24.678439931860847,2.864972424901475e-07,2.7534304133874038e-08,9809.903223031492,1373.438963574774,9268.109098601497,1372.8350824698246,541.7941232232628,40.72374007160407,1.2067323788401063e-06,8.332585148495523e-08,603.210850075016,152.4321519387946,560.3570774683647,152.0012705331706,42.853772458337176,11.453152447847641,1.483141671075103e-07,2.4011035564007982e-08,1844.7936473565417,348.1103701968361,1636.6467520815756,347.194031597044,208.14689479763769,25.24151861455845,4.773282475086766e-07,3.2074547659410774e-08,3207.643343090289,1106.8306775154856,-0.33869485822207057,0.5053001722610185,-0.6960324451532205,3.972238654051513,1.173427046614003,5.3176154618097184,1.2494556602524516,-1.3453768077582056,-0.7848972942467773,valid,isolation,0.5151515151515151,0.5151515151515151,0.75,100.0,2.0,3
2414.0831764268737,366.75025279341327,2212.058248836787,365.9062077979308,202.02492730358952,24.86754951679014,2.864972424901475e-07,2.7534304133874038e-08,9867.28966042471,1373.8755573586095,9319.373568500667,1373.2650453787176,547.916090717311,40.95317140855715,1.2067323788401063e-06,8.332585148495523e-08,604.0251958042353,152.43359862204494,561.171423197584,152.00272131732729,42.853772458337176,11.453152447847641,1.483141671075103e-07,2.4011035564007982e-08,1853.5154883273406,348.1892713300462,1645.3685930523745,347.27314092422904,208.14689479763769,25.24151861455845,4.773282475086766e-07,3.2074547659410774e-08,3215.5607043638356,1106.2766110498003,-0.3320007925838093,0.5009500834569292,-0.6876776613370044,3.9966597307461966,1.1772663416620106,5.3235539290417275,1.2447944540457325,-1.326894198295531,-0.7744573857991596,valid,isolation,0.5227272727272727,0.5227272727272727,0.75,100.0,2.0,3
2490.2702352749648,369.74306969623024,2285.184323937854,368.89317281283724,205.08591105061362,25.0552317983601,2.864972424901475e-07,2.7534304133874038e-08,9910.738594095901,1373.9682286669995,9350.578567183762,1373.3441129782134,560.1600257054073,41.40822061398974,1.2067323788401063e-06,8.332585148495523e-08,604.059559946712,152.43360145584958,561.2057873400607,152.00272415916484,42.853772458337176,11.453152447847641,1.483141671075103e-07,2.4011035564007982e-08,1860.0099060187833,348.2058752368699,1648.8020269967933,347.27629873921137,211.20787854466178,25.426440637034638,4.773282475086766e-07,3.2074547659410774e-08,3218.6260807129324,1105.3792778810202,-0.2924806453214286,0.4835854047831515,-0.6248878416472339,4.122557443664409,1.2070344082176099,5.328325705162033,1.241233749067492,-1.2057682614976244,-0.6964300381382308,valid,isolation,0.5303030303030303,0.5303030303030303,0.75,100.0,2.0,3
2723.6086250489184,391.765625123851,2515.4617299647834,390.95162202849684,208.14689479763769,25.24151861455845,2.864972424901475e-07,2.7534304133874038e-08,9976.10490786643,1374.4244788873932,9409.82291346024,1373.7937502359903,566.2819931994555,41.63388016286659,1.2067323788401063e-06,8.332585148495523e-08,607.247091509299,152.4643626022166,561.3323351556236,152.00275504479185,45.91475620536126,11.855139075235854,1.483141671075103e-07,2.4011035564007982e-08,1869.5354919349982,348.2853964202894,1658.3276129130081,347.356032733231,211.20787854466178,25.426440637034638,4.773282475086766e-07,3.2074547659410774e-08,3240.356075627882,1107.0708732163096,-0.18972896686640595,0.4410277829662804,-0.44003035076925884,4.485173602527186,1.2978252722503147,5.336140956351145,1.236407143175367,-0.8509673538239593,-0.4747379504179111,valid,isolation,0.5378787878787878,0.5378787878787878,0.75,100.0,2.0,3
2844.1768966926784,408.57246561212304,2632.969017861519,407.7805240235252,211.20787854466178,25.426440637034638,2.864972424901475e-07,2.7534304133874038e-08,10046.829558688887,1374.8872305976497,9468.303629294604,1374.2430783515197,578.5259281875518,42.08156916530226,1.2067323788401063e-06,8.332585148495523e-08,609.9935810404578,152.47010049617953,564.0788246867824,152.0085103631435,45.91475620536126,11.855139075235854,1.483141671075103e-07,2.4011035564007982e-08,1873.9576638894837,348.3001025023139,1659.6888011204696,347.35729141354466,214.26886229168585,25.61002743005544,4.773282475086766e-07,3.2074547659410774e-08,3270.3521849515937,1112.6377602159457,-0.1498413438188353,0.4246408125237752,-0.35955592258824626,4.662634140905883,1.3442042192536117,5.361289506314801,1.237430857395954,-0.6986553654089178,-0.3823948362612284,valid,isolation,0.5454545454545454,0.5454545454545454,0.75,100.0,2.0,3
2896.8374347872264,410.02518170451935,2682.5685722090434,409.22460352092213,214.26886229168585,25.61002743005544,2.864972424901475e-07,2.7534304133874038e-08,10418.312239733325,1385.8543179170797,9815.298440362849,1385.1882092531698,603.0137981637445,42.96295422117156,1.2067323788401063e-06,8.332585148495523e-08,611.4471069062755,152.4729959486039,565.5323505526001,152.01141460775173,45.91475620536126,11.855139075235854,1.483141671075103e-07,2.4011035564007982e-08,1999.4864923218067,367.16378850690546,1785.2176295527927,366.2695374799485,214.26886229168585,25.61002743005544,4.773282475086766e-07,3.2074547659410774e-08,3185.941441611861,1073.7931804762366,-0.09979987256201328,0.40203805910794393,-0.25152296534786045,4.737674611699917,1.3584551692862206,5.210493934187855,1.1814639776256723,-0.472819322487938,-0.2626264382605523,valid,isolation,0.5530303030303031,0.5530303030303031,0.75,100.0,2.0,3
2935.802524745791,411.3511425121407,2715.4116946735594,410.53032737920375,220.390829785734,25.973308375470445,2.864972424901475e-07,2.7534304133874038e-08,10488.04731266529,1386.3255156249543,9878.911545800765,1385.6528716075993,609.1357656577926,43.18048955731714,1.2067323788401063e-06,8.332585148495523e-08,614.6033793220968,152.50372679559422,565.6276392213973,152.01142306600684,48.97573995238534,12.243934988096335,1.483141671075103e-07,2.4011035564007982e-08,2008.953754963311,367.2392022920551,1794.6848921955648,366.3451353507192,214.26886229168585,25.61002743005544,4.760605128721386e-07,3.2099591253853863e-08,3208.6300169571823,1076.0086750890864,-0.09293114571287986,0.3972181809089884,-0.2368383051277247,4.776743219316432,1.3611840075188582,5.2206514394637376,1.1776964410650186,-0.44390822014730524,-0.24662363960731323,valid,isolation,0.5606060606060607,0.5606060606060607,0.75,100.0,2.0,3
2939.7434357242537,411.363083852466,2716.2916219049985,410.5308811613861,223.4518135327581,26.15305659892986,2.864972424901475e-07,2.7534304133874038e-08,10567.93228390169,1387.1237978257143,9952.674549543117,1386.444783095607,615.2577331518409,43.396934470175026,1.2067323788401063e-06,8.332585148495523e-08,614.817216275531,152.50378549213985,565.8414761748315,152.01148195264682,48.97573995238534,12.243934988096335,1.483141671075103e-07,2.4011035564007982e-08,2009.9524262516802,367.2398341115424,1795.683563483934,366.3457687121621,214.26886229168585,25.61002743005544,4.760605128721386e-07,3.2099591253853863e-08,3232.5873108815426,1082.5032420798934,-0.09961545337548894,0.3990864460440216,-0.2528811372777573,4.78149173104288,1.3617462779393636,5.257802197641868,1.1828514872022355,-0.4763104665989877,-0.26406774027375424,valid,isolation,0.5681818181818182,0.5681818181818182,0.75,100.0,2.0,3
2959.8165482382897,411.507499259019,2733.30375067201,410.66418148585245,226.5127972797822,26.331577829032092,2.864972424901475e-07,2.7534304133874038e-08,10617.047036138636,1387.5364373671564,9995.667334286014,1386.8508686434648,621.379700645889,43.612305194838726,1.2067323788401063e-06,8.332585148495523e-08,617.4659698702852,152.5095134526226,568.4902297695858,152.01722846297042,48.97573995238534,12.243934988096335,1.483141671075103e-07,2.4011035564007982e-08,2021.8517017440963,367.3273928996197,1804.5218552293259,366.42075602777174,217.32984603870995,25.792307505683503,4.760605128721386e-07,3.2099591253853863e-08,3242.4065719917594,1080.7103463072876,-0.09547551990060676,0.39561982332566215,-0.24436935541824514,4.793489346238912,1.358639876240462,5.251150233709092,1.1752127362702365,-0.45766088747017974,-0.2547665930898455,valid,isolation,0.5757575757575758,0.5757575757575758,0.75,100.0,2.0,3
3036.4902245534286,414.17753603738294,2806.9164432401253,413.32833165116045,229.57378102680627,26.508896854941362,2.864972424901475e-07,2.7534304133874038e-08,10735.024819875522,1388.7260415171354,10101.401183034804,1388.0275597903114,633.6236356339854,44.039887038977966,1.2067323788401063e-06,8.332585148495523e-08,617.4809614464699,152.50951357553134,568.5052213457705,152.01722858627718,48.97573995238534,12.243934988096335,1.483141671075103e-07,2.4011035564007982e-08,2070.1855105382265,368.9286680087115,1852.8556640234563,368.02597592047,217.32984603870995,25.792307505683503,4.760605128721386e-07,3.2099591253853863e-08,3201.97074763849,1059.5397397602267,-0.05449730143932818,0.377417782141396,-0.14546269911142937,4.917544692293586,1.387474207299829,5.185537607730878,1.1419256965700317,-0.26799291543729176,-0.14913651147047463,valid,isolation,0.5833333333333334,0.5833333333333334,0.75,100.0,2.0,3
3050.2158434009702,414.26543877455026,2814.5200945936185,413.3937504457532,235.69574852085444,26.86002337052243,2.864972424901475e-07,2.7534304133874038e-08,10793.236482067889,1389.1607248100163,10150.429893986098,1388.452339419609,642.8065868750576,44.35786869208862,1.2067323788401063e-06,8.332585148495523e-08,619.5686607154232,152.51383742962028,570.5929206147238,152.02156644212002,48.97573995238534,12.243934988096335,1.483141671075103e-07,2.4011035564007982e-08,2073.380999844717,368.9413789623744,1852.9901695829226,368.0259887055412,220.390829785734,25.973308375470445,4.760605128721386e-07,3.2099591253853863e-08,3225.239872691258,1063.958218597463,-0.05738086688814037,0.3772195731441839,-0.15329277275428776,4.923128035363909,1.384100840293095,5.205621389834398,1.1432084057008154,-0.28249335447048907,-0.1573623930193658,valid,isolation,0.5909090909090909,0.5909090909090909,0.75,100.0,2.0,3
3057.877468270343,414.3307188556669,2822.181719462991,413.45916815568216,235.69574852085444,26.86002337052243,2.864972424901475e-07,2.7534304133874038e-08,10825.728064469571,1389.226799232447,10176.799508893733,1388.5116996077945,648.9285543691058,44.56859609527394,1.2067323788401063e-06,8.332585148495523e-08,627.616607649584,152.6924118343765,578.6408675488846,152.2007184207949,48.97573995238534,12.243934988096335,1.483141671075103e-07,2.4011035564007982e-08,2082.0606729144065,369.0158249414177,1861.6698426526118,368.1006198164134,220.390829785734,25.973308375470445,4.760605128721386e-07,3.2099591253853863e-08,3263.308707353221,1067.804812555869,-0.06718099113339493,0.37795254431702674,-0.1793576546694133,4.872206106403166,1.356792652846717,5.199525741637509,1.1377367769000797,-0.3273196352343435,-0.18485463359759535,valid,isolation,0.5984848484848485,0.5984848484848485,0.75,100.0,2.0,3
3139.6469087738487,417.03680382694864,2903.951159966497,416.17092028484143,235.69574852085444,26.86002337052243,2.864972424901475e-07,2.7534304133874038e-08,11025.461722237897,1394.5629888985045,10370.411199168011,1393.8439048202736,655.0505218631539,44.778331823581354,1.2067323788401063e-06,8.332585148495523e-08,629.7967985621641,152.69675843082868,580.8210584614646,152.2050790587821,48.97573995238534,12.243934988096335,1.483141671075103e-07,2.4011035564007982e-08,2090.1429839910434,369.08966653838917,1869.7521537292491,368.17464496818906,220.390829785734,25.973308375470445,4.760605128721386e-07,3.2099591253853863e-08,3322.165300900231,1081.4407567106343,-0.05813341354288237,0.37201889924485454,-0.15747024309580096,4.985174449825264,1.3781779988989473,5.274979657700366,1.145790513687193,-0.28980520787510233,-0.16169782827640666,valid,isolation,0.6060606060606061,0.6060606060606061,0.75,100.0,2.0,3
3190.650479283259,418.4499947976805,2954.954730475907,417.5870415742254,235.69574852085444,26.86002337052243,2.864972424901475e-07,2.7534304133874038e-08,11212.303474875576,1399.8309452170024,10541.94803307057,1399.0978264863134,670.3554405982743,45.29842280257102,1.2067323788401063e-06,8.332585148495523e-08,633.859054850435,152.72895508618234,581.8223310027114,152.20660352371323,52.03672369940942,12.620759307279226,1.483141671075103e-07,2.4011035564007982e-08,2093.9941585640286,369.10296359757143,1870.5423445552099,368.17525088881695,223.4518135327581,26.15305659892986,4.760605128721386e-07,3.2099591253853863e-08,3394.001866822098,1098.286309285474,-0.06373352044017033,0.37141600258371693,-0.17302063940630985,5.033690778521927,1.3808963419487121,5.354505612644351,1.1565876961895898,-0.32081483412242395,-0.17810490505119012,valid,isolation,0.6136363636363636,0.6136363636363636,0.75,100.0,2.0,3
3198.159191725518,418.5146028219841,2962.4634429181665,417.65178309182176,235.69574852085444,26.86002337052243,2.864972424901475e-07,2.7534304133874038e-08,11375.285154115882,1404.7274685197092,10698.807744816826,1403.9902330366801,676.4774080923225,45.504794817684626,1.2067323788401063e-06,8.332585148495523e-08,634.6174827867966,152.7304129312194,582.580758939073,152.2080663718205,52.03672369940942,12.620759307279226,1.483141671075103e-07,2.4011035564007982e-08,2134.285068944483,370.6230487020823,1910.8332549356646,369.69915047205507,223.4518135327581,26.15305659892986,4.760605128721386e-07,3.2099591253853863e-08,3382.376110636989,1087.235200470041,-0.05760092223929569,0.3670486266323174,-0.1581255366320029,5.03950691317459,1.3805344160777142,5.329787159004754,1.1356910422713336,-0.29028024583016343,-0.16238150376571758,valid,isolation,0.6212121212121212,0.6212121212121212,0.75,100.0,2.0,3
3221.544716789887,418.7093735510696,2985.848967982535,417.84695600669886,235.69574852085444,26.86002337052243,2.864972424901475e-07,2.7534304133874038e-08,11390.408772582236,1404.7537003015054,10707.809395787865,1404.0098051354105,682.5993755863707,45.71023511642298,1.208000113476644e-06,8.33354946994466e-08,635.3151819691303,152.73184565345733,583.2784581214067,152.20950401081805,52.03672369940942,12.620759307279226,1.483141671075103e-07,2.4011035564007982e-08,2135.4252378375772,370.62369551520226,1911.9734238287585,369.6997989015933,223.4518135327581,26.15305659892986,4.760605128721386e-07,3.2099591253853863e-08,3388.7862210450644,1088.25121377577,-0.051913451141483824,0.36442242960448035,-0.14342906607668832,5.070781886251886,1.3857840360139526,5.334023673952945,1.1356923945989112,-0.2632417877010589,-0.14692278461310648,valid,isolation,0.6287878787878788,0.6287878787878788,0.75,100.0,2.0,3
3237.7327943312944,418.8395302184063,3002.0370455239427,417.9773812278725,235.69574852085444,26.86002337052243,2.864972424901475e-07,2.7534304133874038e-08,11439.916493014238,1405.1735709077916,10757.317116219867,1404.4298981378015,682.5993755863707,45.71023511642298,1.208000113476644e-06,8.33354946994466e-08,635.3570418996993,152.73184854309318,583.3203180519757,152.20950691037035,52.03672369940942,12.620759307279226,1.483141671075103e-07,2.4011035564007982e-08,2136.181064521061,370.62429626645167,1912.7292505122425,369.70040115414497,223.4518135327581,26.15305659892986,4.760605128721386e-07,3.2099591253853863e-08,3402.5353109338203,1091.8653411699001,-0.05090059219558407,0.3636021557998549,-0.14092396466786747,5.095926511887814,1.3911099136102896,5.355312189128081,1.1384181730049678,-0.2593856772402665,-0.14429963486788808,valid,isolation,0.6363636363636364,0.6363636363636364,0.75,100.0,2.0,3
3241.5623030569177,418.85124690396924,3002.8055705012744,417.9779139572392,238.75673226787853,27.033876469432883,2.8776497712668546e-07,2.7563473207223922e-08,11546.880048955121,1406.0226263847667,10855.097720919679,1405.2694017329986,691.782326827443,46.016675878395496,1.208000113476644e-06,8.33354946994466e-08,639.8956646287775,152.7654115523642,584.7979570340298,152.21241007148987,55.0977074464335,12.986654187735223,1.483141671075103e-07,2.4011035564007982e-08,2143.6266009416854,370.6972294693133,1920.174786932867,369.77351658381093,223.4518135327581,26.15305659892986,4.760605128721386e-07,3.2099591253853863e-08,3446.8682559122203,1099.3628136458424,-0.06333549494380875,0.3659204815645434,-0.17451309117495523,5.065766940204923,1.3751507526557676,5.3866097966327855,1.1392626850435426,-0.3208428564278627,-0.17966682880802712,valid,isolation,0.6439393939393939,0.6439393939393939,0.75,100.0,2.0,3
3244.7841987619813,418.86244389756797,3002.9664824593137,417.9779262226406,241.8177160149026,27.206618651793214,2.8776497712668546e-07,2.7563473207223922e-08,11679.916778116329,1410.8330846282906,10988.134450080886,1410.0824295844836,691.782326827443,46.016675878395496,1.208000113476644e-06,8.33354946994466e-08,647.9486600834232,152.9436922655166,592.8509524886756,152.39133773550654,55.0977074464335,12.986654187735223,1.483141671075103e-07,2.4011035564007982e-08,2148.1298497174084,370.7110568911615,1921.617051961566,369.7747093980273,226.5127972797822,26.331577829032092,4.760605128721386e-07,3.2099591253853863e-08,3523.05817418903,1114.581966348247,-0.08576039526240975,0.37099376253457217,-0.23370849254817877,5.007779780490967,1.3472691402253603,5.437248953852976,1.1453418812456344,-0.4294691733620084,-0.24286899304309545,valid,isolation,0.6515151515151515,0.6515151515151515,0.75,100.0,2.0,3
3255.874526804494,418.93868015626754,3010.9958267535344,418.04311740669976,244.8786997619267,27.378270945471485,2.890327117632234e-07,2.7592611444987024e-08,11683.11945524037,1410.8364085644173,10988.276143457904,1410.0824329274324,694.843310574467,46.1183703137573,1.208000113476644e-06,8.33354946994466e-08,771.4577058183727,192.05923045250833,716.359998223625,191.61966186959492,55.0977074464335,12.986654187735223,1.483141671075103e-07,2.4011035564007982e-08,2148.4540791140726,370.7110926005326,1921.94128135823,369.77474519782214,226.5127972797822,26.331577829032092,4.760605128721386e-07,3.2099591253853863e-08,4195.124587190762,1367.9876172696802,-0.28847858007234173,0.45168661734862786,-0.6564973031491154,4.220418698586488,1.182738820997093,5.437919092065478,1.145264728644768,-1.21750039347899,-0.7395102718784801,valid,isolation,0.6590909090909091,0.6590909090909091,0.75,100.0,2.0,3
3264.889536122696,419.0042755833688,3020.0108360717363,418.1088533350854,244.8786997619267,27.378270945471485,2.890327117632234e-07,2.7592611444987024e-08,11817.796912578586,1415.6213335338189,11113.770649534774,1414.8599743476993,704.0262618155392,46.422116979899656,1.2282730822938208e-06,8.576594861285983e-08,773.0060166101539,192.06155128622146,717.9083090154063,191.62198802715218,55.0977074464335,12.986654187735223,1.483141671075103e-07,2.4011035564007982e-08,2156.234602025646,370.78405355589575,1929.7218042698032,369.84789086917203,226.5127972797822,26.331577829032092,4.760605128721386e-07,3.2099591253853863e-08,4236.657786642594,1377.0869952899648,-0.29764199975780703,0.4534730914369404,-0.6751104548452299,4.223627586289876,1.18112835669599,5.480756547305434,1.1485931793132484,-1.2571289610155585,-0.7630420453705934,valid,isolation,0.6666666666666667,0.6666666666666667,0.75,100.0,2.0,3
3266.967138350679,419.00584937217263,3022.088438299719,418.11043049430396,244.8786997619267,27.378270945471485,2.890327117632234e-07,2.7592611444987024e-08,11862.777914490716,1416.009892594342,11149.568700205833,1415.2388116906793,713.2092130566115,46.72388906538201,1.2282730822938208e-06,8.576594861285983e-08,781.3602921413758,192.20345453885048,726.2625845466281,191.76421655167093,55.0977074464335,12.986654187735223,1.483141671075103e-07,2.4011035564007982e-08,2164.46737826179,370.8575649071962,1937.9545805059474,369.92158825611796,226.5127972797822,26.331577829032092,4.760605128721386e-07,3.2099591253853863e-08,4282.394694402106,1381.7887569323218,-0.31081658096018194,0.45514528850786035,-0.7032434533490382,4.181127670817919,1.1599022715066118,5.480691478019552,1.1444705857534836,-1.2995638072016336,-0.7975356708409502,valid,isolation,0.6742424242424243,0.6742424242424243,0.75,100.0,2.0,3
3271.357393430295,419.01807239501636,3023.417709632311,418.1114751500752,247.9396835089508,27.548853723216755,2.890327117632234e-07,2.7592611444987024e-08,12000.906834697378,1420.792965589502,11281.575652917178,1420.0178836959126,719.3311805506597,46.923992289586955,1.2295408169303588e-06,8.57753175020203e-08,781.4604335583651,192.20347677191134,726.3627259636175,191.76423883565687,55.0977074464335,12.986654187735223,1.483141671075103e-07,2.4011035564007982e-08,2198.071529915545,372.29847211519115,1971.5587321597022,371.3661270879984,226.5127972797822,26.331577829032092,4.760605128721386e-07,3.2099591253853863e-08,4266.573553453237,1370.6109644457335,-0.304221165813795,0.4510492662015212,-0.6943865228103663,4.186209887216211,1.1608694894983551,5.459743539446363,1.1282558342700557,-1.2735336522301521,-0.7867047649446515,valid,isolation,0.6818181818181819,0.6818181818181819,0.75,100.0,2.0,3
3271.3942048403787,419.01807343306604,3023.4545210423953,418.11147619037575,247.9396835089508,27.548853723216755,2.890327117632234e-07,2.7592611444987024e-08,12032.503863283015,1420.859943987838,11303.989730261743,1420.075001720765,728.5141317917319,47.22255728877729,1.2295408169303588e-06,8.57753175020203e-08,788.9396763933623,192.34409338557577,733.8419687986146,191.90517729682875,55.0977074464335,12.986654187735223,1.483141671075103e-07,2.4011035564007982e-08,2199.6199946925967,372.2996693801155,1973.107196936754,371.36732735874455,226.5127972797822,26.331577829032092,4.760605128721386e-07,3.2099591253853863e-08,4315.70895291259,1378.5338223442868,-0.31922620224949805,0.454006508484512,-0.724811185072009,4.146570774327839,1.1419621232922996,5.470264814975276,1.1289414762814094,-1.3236940406474371,-0.8243217787472267,valid,isolation,0.6893939393939394,0.6893939393939394,0.75,100.0,2.0,3
3405.888234693828,434.8965200193207,3154.8875671488204,434.0122972473852,251.00066725597486,27.71838673088207,2.890327117632234e-07,2.7592611444987024e-08,12049.326576183372,1420.898458347301,11320.8124431621,1420.1135373683487,728.5141317917319,47.22255728877729,1.2295408169303588e-06,8.57753175020203e-08,788.94227764624,192.3440934031654,733.8445700514923,191.9051773144586,55.0977074464335,12.986654187735223,1.483141671075103e-07,2.4011035564007982e-08,2266.543327281134,375.1648384397956,2040.0305295252915,374.2396344731428,226.5127972797822,26.331577829032092,4.760605128721386e-07,3.2099591253853863e-08,4194.150201629197,1331.2195569663838,-0.23144093775767405,0.42130190179763316,-0.5628604303146653,4.317030955490284,1.1881097748808902,5.316168648157863,1.0804225517284265,-0.9991376926675786,-0.6221664658574233,valid,isolation,0.696969696969697,0.696969696969697,0.75,100.0,2.0,3
3406.6784255197886,434.8970329796545,3155.677757974781,434.01281125278314,251.00066725597486,27.71838673088207,2.890327117632234e-07,2.7592611444987024e-08,12098.387591711547,1421.3012916938,11363.751491196226,1420.5099973638248,734.6360992857801,47.42055630094342,1.2295408169303588e-06,8.57753175020203e-08,796.4508361032288,192.48460950261062,741.3531285084812,192.04601456000248,55.0977074464335,12.986654187735223,1.483141671075103e-07,2.4011035564007982e-08,2274.7886478258556,375.2374916111291,2048.275850070013,374.31246722443774,226.5127972797822,26.331577829032092,4.760605128721386e-07,3.2099591253853863e-08,4235.897221541457,1335.6151482031132,-0.2434097653039109,0.4229726065550823,-0.5903441134181342,4.277324187626625,1.169090156984256,5.3184666642655625,1.077056177345481,-1.0411424766389379,-0.6549721854709889,valid,isolation,0.7045454545454546,0.7045454545454546,0.75,100.0,2.0,3
3411.198291623656,434.90882018941005,3157.136640331624,434.01382845951156,254.06165100299896,27.886889114103152,2.890327117632234e-07,2.7592611444987024e-08,12153.421011511495,1421.734833894871,11418.784910996173,1420.9437809956398,734.6360992857801,47.42055630094342,1.2295408169303588e-06,8.57753175020203e-08,804.6329806263152,192.62615691692724,749.5352730315675,192.1878850021324,55.0977074464335,12.986654187735223,1.483141671075103e-07,2.4011035564007982e-08,2275.488948261067,375.238074773802,2048.9761505052243,374.3130518282565,226.5127972797822,26.331577829032092,4.760605128721386e-07,3.2099591253853863e-08,4297.55696276712,1346.6440643167675,-0.259837920686099,0.42619727414352787,-0.6263438744343817,4.239446273962604,1.1498627246608446,5.341015178649478,1.0798669469011992,-1.1015689046868742,-0.6983297885459055,valid,isolation,0.7121212121212122,0.7121212121212122,0.75,100.0,2.0,3
3459.415803628464,436.2621012873842,3205.354152336432,435.36989151205853,254.06165100299896,27.886889114103152,2.890327117632234e-07,2.7592611444987024e-08,12198.73665834651,1422.133982266833,11461.039574082897,1421.3398554662185,737.6970830328041,47.519246431214476,1.2308085515668966e-06,8.578468536796687e-08,811.9858296310199,192.76644084765033,756.8881220362722,192.32848860758733,55.0977074464335,12.986654187735223,1.483141671075103e-07,2.4011035564007982e-08,2276.598011992666,375.2387045481169,2050.0852142368235,374.3136831589016,226.5127972797822,26.331577829032092,4.760605128721386e-07,3.2099591253853863e-08,4350.878483508812,1355.893176325927,-0.2576916827821978,0.422817873293801,-0.6258736394732758,4.260438639921193,1.1452795097008361,5.358318242432783,1.0817706884778868,-1.0978796025115898,-0.6968883289247042,valid,isolation,0.7196969696969697,0.7196969696969697,0.75,100.0,2.0,3
3466.79781426989,436.32406105848776,3212.736162977858,435.4319782401249,254.06165100299896,27.886889114103152,2.890327117632234e-07,2.7592611444987024e-08,12290.150047055971,1422.946874810202,11549.391979045335,1422.149907755589,740.7580667798283,47.617732021695815,1.2308085515668966e-06,8.578468536796687e-08,812.6672194557505,192.76757388704021,757.5695118610028,192.32962422701212,55.0977074464335,12.986654187735223,1.483141671075103e-07,2.4011035564007982e-08,2276.8877232615832,375.2387386744021,2050.3749255057405,374.31371736952127,226.5127972797822,26.331577829032092,4.760605128721386e-07,3.2099591253853863e-08,4386.602801444977,1365.005963661391,-0.2653183244171389,0.4247226943769304,-0.6418532149274914,4.265950110048282,1.1455149365058999,5.397784845293402,1.0871549863352707,-1.1318347352451203,-0.7166798240440586,valid,isolation,0.7272727272727273,0.7272727272727273,0.75,100.0,2.0,3
3477.335747569574,436.3967571510668,3220.213112530518,435.49406591365323,257.12263475002305,28.05437944353484,2.890327117632234e-07,2.7592611444987024e-08,12410.509838237323,1427.6655579200724,11666.690786479663,1426.8679431702296,743.8190505268524,47.71601433889445,1.2308085515668966e-06,8.578468536796687e-08,814.0889824319688,192.76986183881502,758.9912748372212,192.3319173885708,55.0977074464335,12.986654187735223,1.483141671075103e-07,2.4011035564007982e-08,2293.070906267776,375.38396817661794,2066.5581085119334,374.45930563020823,226.5127972797822,26.331577829032092,4.760605128721386e-07,3.2099591253853863e-08,4405.99516484936,1365.878757048929,-0.2670606132665956,0.4237601952773002,-0.6476462354499936,4.271444304751005,1.1447161576646336,5.412178840311914,1.08287323949512,-1.1407345355609095,-0.7239309518916398,valid,isolation,0.7348484848484849,0.7348484848484849,0.75,100.0,2.0,3
3478.905570224714,436.3977795123461,3221.782935185658,435.495090394076,257.12263475002305,28.05437944353484,2.890327117632234e-07,2.7592611444987024e-08,12493.295231020269,1428.4440114682577,11740.293228021535,1427.636987126153,753.0020017679246,48.00965412173074,1.2308085515668966e-06,8.578468536796687e-08,814.7866816143026,192.77099697808939,759.688974019555,192.33305511256958,55.0977074464335,12.986654187735223,1.483141671075103e-07,2.4011035564007982e-08,2293.771360688258,375.38455111277386,2067.2585629324153,374.45989000582205,226.5127972797822,26.331577829032092,4.760605128721386e-07,3.2099591253853863e-08,4437.831397745075,1373.7987069503295,-0.27564008512551275,0.4260831920007821,-0.6652527949166376,4.269713347955204,1.1433799526988264,5.4466174986471145,1.087354169167603,-1.176904150691911,-0.7458841048902908,valid,isolation,0.7424242424242424,0.7424242424242424,0.75,100.0,2.0,3
3480.3907049948602,436.3987921247312,3223.2680699558045,435.49610510538724,257.12263475002305,28.05437944353484,2.890327117632234e-07,2.7592611444987024e-08,12562.526321925225,1429.1965681469962,11806.463335179467,1428.3866892031597,756.0629855149487,48.107135753313806,1.2308085515668966e-06,8.578468536796687e-08,815.4843807966365,192.77213211067948,760.3866732018889,192.33419282983837,55.0977074464335,12.986654187735223,1.483141671075103e-07,2.4011035564007982e-08,2301.7976417737896,375.4571379089398,2075.284844017947,374.53265600719817,226.5127972797822,26.331577829032092,4.760605128721386e-07,3.2099591253853863e-08,4450.670994250427,1374.8855033411426,-0.2787848754632849,0.42633908124312525,-0.6726464188589225,4.267881503254434,1.1420249873322394,5.457702316631278,1.0853731875893053,-1.1898208133768442,-0.7551935545851118,valid,isolation,0.75,0.75,0.75,100.0,2.0,3
0.19217110607287197,0.13065692119252992,0.19217110480513733,0.13065692119252992,0.0,0.0,1.267734636537956e-09,1.2677346365379562e-09,585.3172502859115,581.4772713905379,582.2562665325487,581.4692145954812,3.0609837470240837,3.0609837470240837,6.3386731826897805e-09,2.8347408247298585e-09,3.909148088864348,3.1342388868548046,0.848164341840264,0.6736704686471292,3.0609837470240837,3.0609837470240837,0.0,0.0,3.066032268776813,3.0609858306076614,0.005048520484994762,0.003571503223497658,3.0609837470240837,3.0609837470240837,1.267734636537956e-09,1.2677346365379562e-09,746.2712749749811,1209.435817572203,-3882.368786418872,6824.9375358587395,-0.6168819284787818,0.049159331318323084,0.05167808229563171,190.90381280279956,268.87179916419484,-190.85465347148124,-0.7098351353301973,valid,egm_isolation,0.0,0.75,0.0,100.0,2.0,3
3.2556021207042587,3.0637719758036583,0.19461837241244054,0.13067983843827147,3.0609837470240837,3.0609837470240837,1.267734636537956e-09,1.2677346365379562e-09,606.7465837826875,581.5336658356687,582.2587138001561,581.4692146006311,24.48786997619267,8.657769458490149,6.3386731826897805e-09,2.8347408247298585e-09,10.031115582912514,5.344407955888476,0.848164341840264,0.6736704686471292,9.182951241072251,5.301779370988272,0.0,0.0,3.0735280568691112,3.060988892487997,0.012544308577292712,0.005612520761000693,3.0609837470240837,3.0609837470240837,1.267734636537956e-09,1.2677346365379562e-09,1980.2471293076087,2933.3958359036865,-607.2583362119317,1067.4819188598267,-0.6739596561341661,0.3245503547232581,0.3509773852260715,197.41045878096122,272.86063193088864,-197.08590842623795,-0.7222945427810428,valid,egm_isolation,0.007575757575757576,0.75,0.007575757575757576,100.0,2.0,3
30.251671102549317,10.961373933217931,8.824784869577524,7.38676979518181,21.426886229168588,8.098601761836372,3.8032039096138685e-09,2.195780800998604e-09,817.7860165032862,594.0604152823921,741.261422808668,593.863230439467,76.52459367560209,15.304918735120419,1.9016019548069342e-08,4.909915134721817e-09,46.85980598163131,33.29798049953944,34.615870993534976,32.73036845728331,12.243934988096335,6.121967494048167,0.0,0.0,21.321454110636804,7.614706123842769,2.9555516246890963,1.3289169858252878,18.365902482144502,7.497848291161511,3.8032039096138685e-09,2.195780800998604e-09,1797.311471768592,1935.9102021237634,-58.4119731659099,67.5173480599021,-0.9127652066183265,0.6455782406441832,0.5149368198143219,38.355077109647546,31.047276600434078,-37.70949886900336,-1.21441612536293,valid,egm_isolation,0.015151515151515152,0.75,0.015151515151515152,100.0,2.0,3
81.870226979221,35.20204165725747,45.138422003522386,33.567071347449165,36.731804964289005,10.603558741976544,1.1409611728841605e-08,4.204600123133978e-09,1150.1177773725217,609.8412519362748,1042.9833461404944,609.5723220510581,107.13443114584292,18.10902406216569,8.618438454971987e-08,2.9662163933820618e-08,68.40868206383834,34.9411816310268,56.16474707574201,34.400693129270266,12.243934988096335,6.121967494048167,0.0,0.0,89.18605640685122,35.860990010341304,55.51523516549934,34.39396412201997,33.67082121726492,10.152134578255039,2.4086958094221165e-08,5.525927167895217e-09,882.1787232000679,740.043374894641,-9.775330126102721,10.157424580427856,-1.0802131870208953,1.1967812346219515,0.7990381660601354,12.895712891776324,8.581560923595632,-11.698931657154372,-1.3573924624921103,valid,egm_isolation,0.022727272727272728,0.75,0.022727272727272728,100.0,2.0,3
117.32288469797766,37.019030964331094,56.1032097397477,34.395002886279755,61.219674940481674,13.689135472735742,1.7748284911531385e-08,5.070938546151825e-09,1264.2568545064257,610.9846372105313,1105.0856995318968,610.5857897046967,159.17115484525235,22.07306770651445,1.292765768245798e-07,3.632858315232336e-08,70.8774622400126,34.96044116030214,58.63352724811307,34.42025508512052,12.243934988096335,6.121967494048167,3.8032039096138685e-09,2.195780800998604e-09,150.62527647311947,49.95294980906295,107.77150398308892,48.62224278695013,42.853772458337176,11.453152447847641,3.1693365913448905e-08,6.587342402995812e-09,594.9022605309381,455.72622868645306,-4.070641265447786,4.200976636212308,-1.044511942941994,1.6552918373500274,0.9692399512961214,8.393391096825933,4.919548836182941,-6.738099259475906,-1.3438252255304797,valid,egm_isolation,0.030303030303030304,0.75,0.030303030303030304,100.0,2.0,3
165.63890185300733,40.4440087188529,89.11430815205054,37.43630996455192,76.52459367560209,15.304918735120419,2.5354692730759122e-08,5.946202518491657e-09,1516.2892442123414,623.8435213806919,1314.2643167604592,623.3476912203107,202.02492730358952,24.86754951679014,1.4829259637264913e-07,3.670269094634342e-08,85.4551621671595,35.88753547246983,70.15024342443267,35.22878219283279,15.304918735120419,6.844567736367871,7.606407819227737e-09,3.1053029887706838e-09,164.38152026989792,50.259984724985024,112.34479652485007,48.64958888894595,52.03672369940942,12.620759307279226,4.563844691536642e-08,7.814841145523362e-09,788.2561436573689,522.3476878639933,-3.758882936551281,3.3607967420715696,-1.1884024976285243,1.938313586357718,0.9415958709568956,9.224207451803261,4.728314060926857,-7.285893865445543,-1.5112334195966322,valid,egm_isolation,0.03787878787878788,0.75,0.03787878787878788,100.0,2.0,3
188.557371627468,41.99879502702601,105.9108104261244,38.870541586584736,82.64656116965025,15.905338112964817,3.1693365913448905e-08,6.587342402995812e-09,1683.7764380440688,626.5988671957377,1423.5928193822485,625.963036084017,260.1836184970471,28.220875738739505,1.6477314664764257e-07,3.698622023288692e-08,94.64343198222028,36.645554648206016,79.33851323695798,36.000674548915406,15.304918735120419,6.844567736367871,1.0141877092303648e-08,3.5856950329642076e-09,187.58810370222398,51.18410388804358,123.30744496400884,49.224490239428384,64.28065868750576,14.02718972176742,5.0709385461518244e-08,8.215859453792828e-09,849.5121899640998,511.7260554017104,-3.5053247329013333,2.893489380507775,-1.2872901754428518,1.992292203254954,0.889938664406196,8.975923338491036,4.141944262994512,-6.983631135236082,-1.6484545408069862,valid,egm_isolation,0.045454545454545456,0.75,0.045454545454545456,100.0,2.0,3
233.5891721428292,44.63815423400051,129.51572470724605,40.9145167689155,104.07344739881884,17.848448979800747,3.676430445960073e-08,7.0584477308413024e-09,1770.9639514677315,627.6234996567795,1477.1095115721657,626.9065110983192,293.85443971431204,29.991393164646045,1.81253696922636e-07,3.7267592510496675e-08,102.94753775999874,37.38204766546685,87.64261901093323,36.75009360757476,15.304918735120419,6.844567736367871,1.3945081001917517e-08,4.204600123133978e-09,201.0241911155665,51.48354758981315,127.56058112867271,49.25124116652758,73.46360992857801,14.995696582323022,5.831579328074598e-08,8.783123203994417e-09,906.9375046534038,515.4737852024258,-2.882617915606348,2.3281453880783882,-1.3014003176419,2.2690117435095427,0.9310479581348902,8.809705646071345,3.852041243822014,-6.540693902561802,-1.6504556494655367,valid,egm_isolation,0.05303030303030303,0.75,0.05303030303030303,100.0,2.0,3
242.56266512277577,44.8671627869799,132.36725019060898,40.93599788168981,110.195414892867,18.365902482144502,3.929977373267664e-08,7.500019253557343e-09,1834.9766413172597,627.8447128615484,1504.3903964320505,627.0383276533016,330.586244678601,31.810676225929633,2.0660838965339513e-07,3.7696372155712656e-08,110.3130850585511,38.09831897114371,95.00816630948559,37.478444483853394,15.304918735120419,6.844567736367871,1.3945081001917517e-08,4.570882235719305e-09,246.09079032434965,54.230418577227,166.50521283706902,51.93580787927595,79.58557742262617,15.608015856866164,6.465446646343576e-08,9.229247464443417e-09,822.5498160548452,439.050929801,-2.391081705168858,1.9156547846460066,-1.3141579002974277,2.1988566904282507,0.8614683464363895,7.456502695199384,3.0346339882670454,-5.257646004771133,-1.6666911016893478,valid,egm_isolation,0.06060606060606061,0.75,0.06060606060606061,100.0,2.0,3
254.02467887060854,45.57369051226897,140.76828018761447,41.59669784279621,113.2563986398911,18.61923724224994,4.310297764229051e-08,7.814841145523362e-09,1973.3192615878777,629.8174238031529,1602.9402279495307,628.9167378314837,370.3790333899141,33.67082121726492,2.484328472917171e-07,4.31572196675028e-08,112.3084466729512,38.11551204755518,97.00352792008249,37.49592179357104,15.304918735120419,6.844567736367871,1.7748284911531385e-08,5.070938546151825e-09,257.32874737242975,54.497433342221406,168.560218633935,51.94469383298975,88.76852866369843,16.4839019496848,7.47963435557394e-08,9.901324034156213e-09,861.234600959683,440.7460381994602,-2.3903579950921476,1.8385800504807097,-1.370380175617454,2.2618483862602368,0.8682880199989084,7.668475760043666,2.937322611289907,-5.406627373783429,-1.7651581677035508,valid,egm_isolation,0.06818181818181818,0.75,0.06818181818181818,100.0,2.0,3
281.8938057541244,47.148956472155916,156.39347207669536,42.88204303588955,125.50033362798743,19.59985922095793,4.944165082498029e-08,8.313091944225988e-09,2319.7114930778375,652.6074981248128,1918.7226219476981,651.6664224833798,400.988870860155,35.03456031464465,2.6998433611286237e-07,4.3472602616781725e-08,117.04459700039565,38.25000328838771,98.6786944979674,37.507932795135446,18.365902482144502,7.497848291161511,2.0283754184607296e-08,5.378542549446311e-09,295.9235406480217,56.32307707763936,194.91107691635963,53.50786392679771,101.01246365179476,17.584012894814563,7.986728210189123e-08,1.0220803396214583e-08,917.4994874349031,432.46262292047874,-2.254769947783711,1.6278576116688872,-1.4610777688840244,2.4084307433103596,0.8841679546681106,7.838888004644944,2.662601015912274,-5.430457261334585,-1.93560174575167,valid,egm_isolation,0.07575757575757576,0.75,0.07575757575757576,100.0,2.0,3
322.33653472008643,57.55884551053769,190.71423352326528,53.94559270251356,131.6223011220356,20.072212744998016,7.478555818830883e-08,2.205741069958319e-08,2359.9561512969067,652.7481116988284,1934.4794101728266,651.7497371982205,425.47674083634763,36.08846614137041,2.877326210243938e-07,4.373062192329431e-08,119.13264603071529,38.26716172540351,100.76674352448383,37.5254305441112,18.365902482144502,7.497848291161511,2.4086958094221165e-08,5.8094899330525135e-09,326.3313085177659,57.91847476968507,219.19687727937833,55.01466138369435,107.13443114584292,18.10902406216569,9.25446284672708e-08,1.097890400499302e-08,861.5410580660163,395.9184005355346,-1.6727999009301544,1.3177461735476979,-1.3477401005183036,2.7056944125708435,0.9943759312329833,7.231779757866621,2.3766528201972186,-4.526085345295778,-1.7568239941498656,valid,egm_isolation,0.08333333333333334,0.75,0.08333333333333334,100.0,2.0,3
366.50863097314163,66.42908782672275,225.70337853017725,63.101672882034975,140.80525236310785,20.760601845300574,7.985649673446066e-08,2.2202656850133928e-08,2622.8689685511704,665.5808127469585,2182.087308672954,664.5664698139437,440.781659571468,36.731804964289005,3.067486405724631e-07,4.4005392401707766e-08,152.67836221277958,50.3506394426866,134.31245970654814,49.78924746659819,18.365902482144502,7.497848291161511,2.4086958094221165e-08,5.8094899330525135e-09,354.25078498437205,58.809578970657924,231.81143500579316,55.5318081708513,122.43934988096335,19.359361042705515,9.761556701342262e-08,1.1267871919114269e-08,1130.4289373269319,506.44047534535923,-2.0843173715321632,1.4905952717604236,-1.4955996698659004,2.4005276560561892,0.9033368036783912,7.403989150417492,2.2451813621093857,-5.003461494361303,-2.067465454746852,valid,egm_isolation,0.09090909090909091,0.75,0.09090909090909091,100.0,2.0,3
395.85229184300033,67.52611553193307,242.80310440560095,63.96323321920721,153.04918735120418,21.64442364622537,8.619516991715043e-08,2.2382889151049943e-08,2782.206499730145,668.2414148998723,2319.9979535822026,667.1819659890036,462.2085458006366,37.6139980117959,3.473053635742471e-07,4.871531835910906e-08,196.64862413242744,60.57583805993164,175.2217378753687,60.0320315012431,21.426886229168588,8.098601761836372,2.7890162003835033e-08,6.2106059775413676e-09,490.25972719210915,130.4541624410346,364.7593934601675,128.97338491607667,125.50033362798743,19.59985922095793,1.039542401961124e-07,1.1618979866105027e-08,1115.9739417262822,527.4467793760501,-1.8191675650797814,1.416562161847141,-1.3542441632124507,2.012992939001825,0.7088142260543625,5.674964402368568,2.0342452944841116,-3.661971463366743,-1.6999228836824176,valid,egm_isolation,0.09848484848484848,0.75,0.09848484848484848,100.0,2.0,3
444.0861163303791,69.71034285884966,281.85397764937204,66.05256968523219,162.23213859227644,22.28429804763697,8.873063919022636e-08,2.2454577015957018e-08,3441.942987425609,886.0628242274588,2955.246571283726,885.2217567703094,486.6964157768293,38.597536429515166,3.650536484857785e-07,4.894570827305332e-08,202.84421444917922,60.730331297536736,175.29536069553683,60.03204599222535,27.54885372321675,9.182951241072251,3.042563127691095e-08,6.464203649764495e-09,646.4839039730496,177.62085336969287,514.8616027255083,176.4830695202729,131.6223011220356,20.072212744998016,1.2550572901725764e-07,1.2740575417793355e-08,1079.9622653750002,519.4994697312732,-1.4318757683736263,1.23052820053594,-1.213143557779582,2.1892964388276446,0.740091772164346,5.324096959371622,2.004561553628182,-3.1348005205439775,-1.46703954580897,valid,egm_isolation,0.10606060606060606,0.75,0.10606060606060606,100.0,2.0,3
492.6751182707504,77.70781911779932,330.44297958467234,74.44404081300732,162.23213859227644,22.28429804763697,9.380157773637819e-08,2.259727048561966e-08,4335.618578279174,1073.0472268011977,3833.6172433818865,1072.3309810967019,502.0013345119497,39.19971844191586,3.853374026703858e-07,4.92076902129097e-08,206.676324428948,60.81108538506442,176.06648692574603,60.03575510238994,30.609837470240837,9.679680521352758,3.2961100549986856e-08,6.708221153404579e-09,762.5402672606488,212.1086269261689,630.9179660093042,211.15675668096497,131.6223011220356,20.072212744998016,1.2930893292687152e-07,1.305212693471338e-08,1175.111335567423,557.6528758389214,-1.385164770837156,1.192769243006925,-1.212054086200277,2.3838004649638727,0.7958142060322742,5.685756889737061,2.1169612189680422,-3.3019564247731887,-1.460007533506835,valid,egm_isolation,0.11363636363636365,0.75,0.11363636363636365,100.0,2.0,3
544.1101313532741,84.80784159688783,372.69504141851746,81.65580929945072,171.4150898333487,22.906304895695282,1.0140798555560592e-07,2.2809636999573787e-08,4407.426752051609,1073.6436368546238,3890.120498405256,1072.9059571672626,517.3062532470701,39.79278871131309,3.992824836723033e-07,4.941952792674676e-08,218.6065511001241,61.337694268779956,184.9357298473626,60.49170936347657,33.67082121726492,10.152134578255039,3.549656982306277e-08,6.943668573624515e-09,764.059612199411,212.1107123279715,632.437310936657,211.1588514834247,131.6223011220356,20.072212744998016,1.4071854465571313e-07,1.359493940766095e-08,1261.0172637170663,584.8940501713508,-1.3175772533048575,1.1340263211395307,-1.2130192666979382,2.488992798317677,0.7988924145301094,5.768433093020652,2.130479623959616,-3.2794402947029755,-1.4412967588239254,valid,egm_isolation,0.12121212121212122,0.75,0.12121212121212122,100.0,2.0,3
583.4629065545977,86.2390962799883,402.8648653736978,82.97212820408973,180.59804107442093,23.51186229274896,1.0647892410175775e-07,2.2950122973244337e-08,4538.044150736383,1079.915564281423,4017.676913293586,1079.1778307222316,520.3672369940942,39.910345211771244,4.487025637624224e-07,5.7232214072038916e-08,251.3672789619832,69.51746404984384,217.6964577092217,68.77217439798112,33.67082121726492,10.152134578255039,3.549656982306277e-08,6.943668573624515e-09,770.1486432404565,212.13699615957742,635.4653582205365,211.16306919920575,134.6832848690597,20.304269156510077,1.508604217480168e-07,1.4059857266963874e-08,1481.1631754362425,677.1131701608988,-1.5385729903253793,1.219657567234568,-1.3151519877586102,2.321156949957837,0.7278611521005708,5.8924263394690035,2.1448902075957657,-3.5712693895111665,-1.5767023418261308,valid,egm_isolation,0.12878787878787878,0.75,0.12878787878787878,100.0,2.0,3
617.5136470776959,92.24109433992825,436.9156058904573,89.19423645367651,180.59804107442093,23.51186229274896,1.1281759728444753e-07,2.312453026615736e-08,4616.786335901914,1080.9204846305047,4087.236147197761,1080.1704261709926,529.5501882351665,40.260955272091955,4.6898631794702974e-07,5.7456424752385504e-08,251.55459732113155,69.51754385845635,217.8837760658346,68.77225507148505,33.67082121726492,10.152134578255039,3.8032039096138685e-08,7.171390065928415e-09,790.1833521714375,212.3527344918264,643.25613215835,211.2911309406477,146.92721985715602,21.207117483953088,1.559313602941686e-07,1.4286643790691672e-08,1469.752335902842,662.8676850752805,-1.3801131243953173,1.1307908310990402,-1.2734143838041083,2.454789750033411,0.7711445928110326,5.8426773016856215,2.082457469389468,-3.3878875516522107,-1.525627748471438,valid,egm_isolation,0.13636363636363635,0.75,0.13636363636363635,100.0,2.0,3
775.7929105598835,151.9048277018635,595.1948693713772,150.07421167762183,180.59804107442093,23.51186229274896,1.1408533192098548e-07,2.3159254114481013e-08,4646.354599007719,1081.0045799014551,4110.68244280318,1080.2459062664857,535.6721557292146,40.493008809181866,4.7532499112971955e-07,5.7526311378967515e-08,253.03223630445333,69.52390013503067,219.36141504788864,68.77868022498481,33.67082121726492,10.152134578255039,3.929977373267664e-08,7.282581038778407e-09,916.6711410448986,242.0702789793172,766.682937275913,241.12011220892944,149.98820360418011,21.426886229168588,1.648055027499343e-07,1.4675089388581426e-08,1282.5510067986531,572.6551686745195,-0.6532131053802057,0.8060147459423741,-0.8553454671704986,3.0659844843897055,1.0344445553627983,5.068725730485433,1.7839095654089785,-2.0027412460957272,-0.9711970043530533,valid,egm_isolation,0.14393939393939395,0.75,0.14393939393939395,100.0,2.0,3
788.8320848956929,152.02960681221904,595.9901087178226,150.07569820929217,192.84197606251726,24.295805285509118,1.1535306655752343e-07,2.3193925977457626e-08,4727.3516690738115,1081.6381254343753,4182.496561587643,1080.8668936396703,544.8551069702869,40.83861685854599,5.158817141315035e-07,6.120444578027805e-08,288.70358517975194,76.8486200545094,255.0327639181163,76.17509151807657,33.67082121726492,10.152134578255039,4.4370712278828464e-08,7.711328745494311e-09,1036.3596394513638,268.41892612951426,883.3104519264799,267.5448351763576,153.04918735120418,21.64442364622537,1.7367964520569998e-07,1.5159901336781762e-08,1316.920616466311,574.4670224175758,-0.6694562020007682,0.7961603277982319,-0.8886736055158196,2.732325213088546,0.8979271783575653,4.561497272873743,1.5764132771924595,-1.8291720597851975,-1.0082480503072506,valid,egm_isolation,0.15151515151515152,0.75,0.15151515151515152,100.0,2.0,3
917.266187624024,191.3599929891245,721.3632276978619,189.7866990619386,195.90295980954136,24.48786997619267,1.1662080119406138e-07,2.3228546087873468e-08,4813.298033049446,1082.669737818856,4256.198990561235,1081.881920579059,557.0990419583833,41.294928416420575,5.298267951334211e-07,6.134869880825879e-08,288.7136822219897,76.8486202204933,255.0428609590863,76.17509168552809,33.67082121726492,10.152134578255039,4.563844691536642e-08,7.814841145523362e-09,1047.8175665373185,268.4737691185799,885.5854277650237,267.5473318223537,162.23213859227644,22.28429804763697,1.8001831838838976e-07,1.552651494385342e-08,1326.2470902696707,573.6599210876533,-0.4458693759387573,0.6943431236336935,-0.6762977846604314,3.17707903748997,1.0744535165783315,4.593641285243731,1.5661859035551677,-1.416562247753761,-0.7458288807048008,valid,egm_isolation,0.1590909090909091,0.75,0.1590909090909091,100.0,2.0,3
951.5944030767348,194.13889423734202,755.6914431455017,192.5883030708951,195.90295980954136,24.48786997619267,1.216917397402132e-07,2.3366513599404894e-08,5067.018233808603,1090.8323867727527,4503.7972238187385,1090.0418733591953,563.2210094524314,41.52120369060115,5.374332029526487e-07,6.142723949615937e-08,291.90381503745425,76.90961869271956,255.1720100275268,76.17515336029834,36.731804964289005,10.603558741976544,4.563844691536642e-08,7.814841145523362e-09,1179.2269614921925,292.6219942336544,1016.9948227110235,291.7722426307975,162.23213859227644,22.28429804763697,1.8889246084415547e-07,1.5985525524042234e-08,1254.2809837399293,528.2034870235829,-0.3180836075585729,0.6167791330151163,-0.5378693434763286,3.25995877427856,1.086311956626893,4.296898221693307,1.4116011330299567,-1.0369394474147469,-0.5821561353149498,valid,egm_isolation,0.16666666666666669,0.75,0.16666666666666669,100.0,2.0,3
1147.8564363724754,230.96582227710329,945.8315089471942,229.62320449198606,202.02492730358952,24.86754951679014,1.216917397402132e-07,2.3366513599404894e-08,5205.387551369022,1097.0341607818937,4636.044573867361,1096.239572503893,569.3429769464796,41.74625251343504,5.551814878641801e-07,6.161011173208514e-08,300.5810408420715,77.26595232058581,263.84923582960863,76.53490661137891,36.731804964289005,10.603558741976544,4.817391618844233e-08,8.017857840291318e-09,1182.4854728451894,292.6380327577431,1017.1923503068545,291.7722719096975,165.2931223393005,22.493544873484534,1.990343379364591e-07,1.6382741991169548e-08,1323.1797295675572,548.3423295284298,-0.1527397396046748,0.5310430973282704,-0.2946611961348361,3.8187918744202216,1.2466169228992698,4.402073150923614,1.430913207160559,-0.5832812765033921,-0.3073493685108472,valid,egm_isolation,0.17424242424242425,0.75,0.17424242424242425,100.0,2.0,3
1434.0682451054488,285.3500916895043,1225.921350182316,284.2314911568376,208.14689479763769,25.24151861455845,1.2549494364982709e-07,2.3469456983858996e-08,5380.582731049678,1103.7063249235928,4808.178769762972,1102.912295903862,572.4039606935037,41.85832319163092,5.932027415928883e-07,6.505777086590873e-08,300.92402686394615,77.26612897680818,264.1922218514833,76.53508495498133,36.731804964289005,10.603558741976544,4.817391618844233e-08,8.017857840291318e-09,1205.2759292026467,292.9157726847554,1039.9828066605087,292.0508351752,165.2931223393005,22.493544873484534,2.0283754184607298e-07,1.6529237383353898e-08,1343.3825260023475,549.0921332187946,0.06323668306066776,0.4258513697546979,0.14654837058190612,4.76554916551685,1.5480335299745187,4.464191643327031,1.4197249200674453,0.3013575221898188,0.14347061911945455,valid,egm_isolation,0.18181818181818182,0.75,0.18181818181818182,100.0,2.0,3
1598.093919301945,309.91046653227636,1389.9470243750093,308.8808233029109,208.14689479763769,25.24151861455845,1.2929814755944094e-07,2.3640033135776227e-08,5627.383402653437,1115.8508518789542,5048.857473863808,1115.0570681250238,578.5259281875518,42.08156916530226,6.02076884048654e-07,6.514417554779421e-08,301.7430713573552,77.26902164191212,265.0112663436245,76.53800524905085,36.731804964289005,10.603558741976544,4.944165082498029e-08,8.11746237784931e-09,1212.343796978743,292.9485373574999,1040.9287069387535,292.0516165610524,171.4150898333487,22.906304895695282,2.0664074575568685e-07,1.6770552883511448e-08,1400.612562091432,565.9625685647449,0.12357306089793141,0.39282051204256535,0.30605013864291314,5.2962075056541,1.701242229745704,4.641738933029824,1.450925607885735,0.6544685726242756,0.2927045064412359,valid,egm_isolation,0.1893939393939394,0.75,0.1893939393939394,100.0,2.0,3
1634.0929644272544,311.6476359480089,1422.8850857507591,310.6086687594441,211.20787854466178,25.426440637034638,1.3183361683251687e-07,2.370791996101628e-08,5837.243805879395,1122.8884597622418,5255.656893340207,1122.0954794411687,581.5869119345759,42.19274919833577,6.046123533217299e-07,6.516884155805737e-08,305.4751939041371,77.33245195863121,265.6824051421146,76.54085867325969,39.79278871131309,11.036533853257225,5.0709385461518244e-08,8.215859453792828e-09,1247.2279060397893,294.7719985511912,1075.8128159934613,293.8806429928465,171.4150898333487,22.906304895695282,2.1297941893837663e-07,1.700844494837915e-08,1429.6771061902823,566.3929338051915,0.1250943873371484,0.3846819879270634,0.31620250256280563,5.3493474987041285,1.6954970836003362,4.680174150700228,1.4262032739977701,0.6691733480039002,0.3020316563664232,valid,egm_isolation,0.19696969696969696,0.75,0.19696969696969696,100.0,2.0,3
1649.5570903780965,311.82178096050046,1438.3492116965301,310.78339594950967,211.20787854466178,25.426440637034638,1.369045553786687e-07,2.384311375036126e-08,5853.88724333913,1122.9250531026066,5263.117379549994,1122.119573813807,590.7698631756482,42.52454525814827,6.134864957774956e-07,6.525509917071563e-08,342.0641470188928,84.0267155621911,299.21037450984625,83.2425025283102,42.853772458337176,11.453152447847641,5.0709385461518244e-08,8.215859453792828e-09,1396.0668170282179,318.43649146530765,1224.6517269730157,317.6115556662893,171.4150898333487,22.906304895695282,2.2185356139414232e-07,1.733601042116641e-08,1434.318846500528,553.9638829240652,0.13048244594446468,0.37389283427671405,0.33858700238122535,4.822361842812449,1.4947432457070813,4.1931282743330245,1.24969694427484,0.6292335684794246,0.32296004107700915,valid,egm_isolation,0.20454545454545456,0.75,0.20454545454545456,100.0,2.0,3
1669.7099962482498,312.012286241939,1455.441133813321,310.9594720553685,214.26886229168585,25.61002743005544,1.4324322856135847e-07,2.4011035564007982e-08,5921.048176251184,1123.878245971754,5330.278312450639,1123.073450322433,590.7698631756482,42.52454525814827,6.248961075063372e-07,6.536583456025046e-08,350.84120627376205,84.35304033468383,307.9874337583768,83.57188948869805,42.853772458337176,11.453152447847641,5.7048058644208024e-08,8.691150793069184e-09,1399.944398009918,318.45190489410317,1225.4683241975497,317.6122593748686,174.47607358037277,23.109920499086517,2.3199543848644597e-07,1.7702950776416188e-08,1483.8787079787344,566.1727687505793,0.11129554754242865,0.3775673910255717,0.2874623373494213,4.759161599009473,1.449209178788976,4.2294881030048135,1.2530484259354981,0.5296734960046594,0.276474598223206,valid,egm_isolation,0.21212121212121213,0.75,0.21212121212121213,100.0,2.0,3
1751.2020740216587,315.59689210675435,1536.9332115841944,314.5560757678576,214.26886229168585,25.61002743005544,1.4577869783443438e-07,2.4077876382135787e-08,6045.075592725968,1125.3823378962247,5451.244745164455,1124.5744527944162,593.8308469226722,42.63457013870137,6.388411885082548e-07,6.550092358091977e-08,477.31645083103945,143.5958617132567,431.4016945673624,143.1056504079401,45.91475620536126,11.855139075235854,5.831579328074598e-08,8.783123203994417e-09,1408.340337704487,318.53751903008884,1233.8642638870479,317.6980997808613,174.47607358037277,23.109920499086517,2.370663770325978e-07,1.7883597809918634e-08,2048.8045039087347,860.3009008349845,-0.16994179843770274,0.5345974965551943,-0.3247651898810389,3.6688491900346203,1.2866259853014148,4.292340019585813,1.2574033541045133,-0.623490829551193,-0.3465726624575147,valid,egm_isolation,0.2196969696969697,0.75,0.2196969696969697,100.0,2.0,3
1910.5417989215405,337.8995543001383,1693.211952735784,336.9137362438112,217.32984603870995,25.792307505683503,1.4704643247097235e-07,2.4111227305595425e-08,6086.599545897414,1125.8668917091668,5486.6467308329775,1125.0510264130023,599.9528144167205,42.853772458337176,6.477153309640205e-07,6.558674445125507e-08,484.72762311172244,143.7839962946532,438.8128668455099,143.29442860058327,45.91475620536126,11.855139075235854,6.08512625538219e-08,8.964237582410518e-09,1415.9158310668884,318.5683179807295,1235.3177897528656,317.69948938044894,180.59804107442093,23.51186229274896,2.396018463056737e-07,1.797324046587823e-08,2083.6993739187646,866.2402592605897,-0.09063270696038583,0.49272546098386555,-0.18622880891064236,3.9414749806432825,1.361196802438754,4.298701527555617,1.2520707993095974,-0.3572265469123348,-0.19315080140687776,valid,egm_isolation,0.2272727272727273,0.75,0.2272727272727273,100.0,2.0,3
1917.9897826148429,337.9795493154037,1700.6599364240155,336.99396527085713,217.32984603870995,25.792307505683503,1.5211737101712415e-07,2.424417221966554e-08,6278.614837200201,1132.4175060897894,5675.601038376064,1131.6022236913498,603.0137981637445,42.96295422117156,6.603926773294e-07,6.570915125613036e-08,484.85156967567525,143.78402892217957,438.936813408195,143.29446133958209,45.91475620536126,11.855139075235854,6.211899719035985e-08,9.053436173220597e-09,1417.3375940443748,318.5697024390918,1236.7395527290842,317.7008776249419,180.59804107442093,23.51186229274896,2.408695809422117e-07,1.8017894548280627e-08,2147.827216322459,888.1557053272612,-0.11983245989677438,0.503358625526305,-0.2418603567651916,3.9558287578563807,1.3645911773670087,4.429865448840713,1.2766161063199333,-0.47403669098433276,-0.2536785141947384,valid,egm_isolation,0.23484848484848486,0.75,0.23484848484848486,100.0,2.0,3
1933.4537545753435,338.14013344183456,1716.1239083845162,337.1550188230837,217.32984603870995,25.792307505683503,1.5211737101712415e-07,2.424417221966554e-08,6323.066866174057,1132.9183906332096,5716.992083588952,1132.0993307912659,606.0747819107686,43.07185922281541,6.743377583313175e-07,6.584353590897497e-08,492.24903385163253,143.97191480216867,446.33427758161685,143.48298829237467,45.91475620536126,11.855139075235854,6.465446646343576e-08,9.229247464443417e-09,1537.8084795163027,339.0247799214984,1354.1494544469786,338.1946541724864,183.65902482144503,23.71027815047171,2.478790636627371e-07,1.843220554063716e-08,2023.999475430421,825.2569625182141,-0.046831076585519105,0.4644376386928455,-0.1015262784217975,3.927795935823209,1.338505535090939,4.111738848106036,1.168089830272807,-0.1839429122828271,-0.1035410187079768,valid,egm_isolation,0.24242424242424243,0.75,0.24242424242424243,100.0,2.0,3
1956.4238377290285,338.3805528616822,1739.093991534398,337.3961402098577,217.32984603870995,25.792307505683503,1.5592057492673803e-07,2.4343404444383628e-08,6379.890470224283,1133.4628133378305,5773.815687630303,1132.644147189575,606.0747819107686,43.07185922281541,6.832119007870832e-07,6.592891079607809e-08,493.84557087842217,143.97501660897254,447.930814605871,143.48610066853422,45.91475620536126,11.855139075235854,6.718993573651168e-08,9.40177169353156e-09,1538.4718145663016,339.0254240900777,1354.8127894868358,338.19529992222584,183.65902482144503,23.71027815047171,2.580209407550407e-07,1.8777737083091758e-08,2047.9287443416044,832.1729955647041,-0.046771514867040676,0.4622819730959501,-0.10186008585473688,3.9616105784831923,1.342918422295911,4.146901106552145,1.1738328723813571,-0.1852905280689523,-0.1038843160283879,valid,egm_isolation,0.25,0.75,0.25,100.0,2.0,3
1978.7619989736252,338.62016671475965,1761.4321527764591,337.6364526816734,217.32984603870995,25.792307505683503,1.5845604419981393e-07,2.4409335143755813e-08,6546.659673317082,1135.4502306894567,5937.523906965935,1134.6288695843812,609.1357656577926,43.18048955731714,6.933537778793868e-07,6.602634692020032e-08,493.8559758899329,143.97501670296825,447.9412196173817,143.4861007628502,45.91475620536126,11.855139075235854,6.718993573651168e-08,9.40177169353156e-09,1543.7343471090649,339.0412010870391,1357.014338277504,338.19726362445607,186.7200085684691,23.907047318150386,2.630918793011926e-07,1.8948140130272195e-08,2094.3415606706444,846.3502725916709,-0.05841003706204684,0.4644861335278918,-0.12679080033147352,4.006759248803011,1.3544724221190305,4.240794205024293,1.1867863292439707,-0.234034956221282,-0.1299581189452113,valid,egm_isolation,0.25757575757575757,0.75,0.25757575757575757,100.0,2.0,3
1986.151351422944,338.6999890209417,1768.821505220707,337.7165074975138,217.32984603870995,25.792307505683503,1.6352698274596576e-07,2.4540665162030643e-08,6753.496255581979,1142.3510744962707,6135.177537958078,1141.522366780378,618.3187168988649,43.50475310708258,7.250363584254052e-07,6.917323262843055e-08,493.89523457142747,143.9750197448582,447.98047829507306,143.48610381510514,45.91475620536126,11.855139075235854,7.099313964612554e-08,9.654779350317923e-09,1551.7798467806897,339.12156825074277,1365.0598379440576,338.2778312886774,186.7200085684691,23.907047318150386,2.681628178473444e-07,1.9200909380768916e-08,2149.479917687913,863.4054554964524,-0.08223369591041241,0.47226632609337493,-0.17610261192317608,4.021402136318255,1.3581292944567613,4.352096896729733,1.2027078934869506,-0.33069476041147805,-0.18228962728747555,valid,egm_isolation,0.26515151515151514,0.75,0.26515151515151514,100.0,2.0,3
1997.9844998870874,338.79492123974165,1777.5936699340232,337.797847698702,220.390829785734,25.973308375470445,1.6733018665557964e-07,2.4638703292197393e-08,6911.549179592979,1148.709106214206,6293.230461964007,1147.884988645,618.3187168988649,43.50475310708258,7.30107296971557e-07,6.921968445970901e-08,493.9004370784506,143.97501979185606,447.98568080082845,143.48610386226312,45.91475620536126,11.855139075235854,7.226087428266349e-08,9.737654512869278e-09,1573.9310812157942,339.36062497443237,1387.2110723740911,338.51748384915817,186.7200085684691,23.907047318150386,2.7323375639349623e-07,1.9367589563061578e-08,2168.847925700347,865.0628265306432,-0.08551789356870154,0.47047064828433277,-0.18391392093026093,4.045318347369127,1.3642338429786325,4.3912654512509555,1.1954573150039978,-0.34594710388182826,-0.1907195033393961,valid,egm_isolation,0.2727272727272727,0.75,0.2727272727272727,100.0,2.0,3
2030.830069621746,340.370933299323,1810.4392396661462,339.3784900182757,220.390829785734,25.973308375470445,1.6986565592865554e-07,2.470384589771995e-08,7737.442237328395,1297.9156952625176,7116.0625359422565,1297.1827623139218,621.379700645889,43.612305194838726,7.402491740638607e-07,6.931249472909704e-08,505.1093551926224,144.1966938442778,456.1336151667084,143.67592899169873,48.97573995238534,12.243934988096335,7.352860891920145e-08,9.819830269443634e-09,1574.2132967042248,339.3606626810182,1387.4932878549157,338.5175216496593,186.7200085684691,23.907047318150386,2.8084016421272394e-07,1.96149542985774e-08,2482.6714826506895,980.9143166465076,-0.22249100000429967,0.5246720613173183,-0.4351786035329135,4.020575047253467,1.3309685066097512,4.915116810109224,1.3425630304614184,-0.8945417628557575,-0.473179829458389,valid,egm_isolation,0.28030303030303033,0.75,0.28030303030303033,100.0,2.0,3
2071.83984129033,342.01939003910974,1851.4490113347301,341.0317439986451,220.390829785734,25.973308375470445,1.6986565592865554e-07,2.470384589771995e-08,7797.390155133818,1298.3945466196594,7172.9494699905135,1297.6582739326113,624.4406843929131,43.71959270061081,7.503910511561643e-07,6.940518089048201e-08,505.1093551938901,144.1966938442778,456.1336151667084,143.67592899169873,48.97573995238534,12.243934988096335,7.47963435557394e-08,9.901324034156213e-09,1578.151606437417,339.37513709625335,1388.3706138334774,338.51819322767415,189.7809923154932,24.102210126289812,2.884465720319517e-07,1.9859238122026437e-08,2495.66308926798,984.0294976865486,-0.20456371169776122,0.5149007627084612,-0.40682872675872855,4.101764934634874,1.3526378974250113,4.940837194175508,1.343803543668482,-0.8390722595406341,-0.44006926406918895,valid,egm_isolation,0.2878787878787879,0.75,0.2878787878787879,100.0,2.0,3
2104.751342283504,343.5806228868562,1884.3605123266366,342.5974776254969,220.390829785734,25.973308375470445,1.7113339056519352e-07,2.4736352868743054e-08,7817.902976676524,1298.4404694606774,7190.401307773518,1297.7006127477391,627.5016681399371,43.826617567488,7.630683975215439e-07,6.952086482148585e-08,513.2546883094278,144.3855847337585,464.2789482797106,143.8655036307058,48.97573995238534,12.243934988096335,7.733181282881532e-08,1.0062331730106869e-08,1610.962966017405,340.9484658905997,1421.1819734083942,340.09548638607606,189.7809923154932,24.102210126289812,2.935175105781035e-07,2.0020438137614777e-08,2490.7930474946156,969.5375299838627,-0.1834144002931406,0.4995100535389787,-0.37530209848618074,4.100793212851481,1.3337659737951433,4.852937740712817,1.3055846540224858,-0.7521445278613363,-0.4029901720297194,valid,egm_isolation,0.29545454545454547,0.75,0.29545454545454547,100.0,2.0,3
2114.3956304696267,343.6612366352156,1894.0048005127592,342.67832265504967,220.390829785734,25.973308375470445,1.7113339056519352e-07,2.4736352868743054e-08,8210.259585052056,1314.307806824414,7579.696932384279,1313.5733207745561,630.5626518869612,43.93338171489185,7.808166824330752e-07,6.96824996756632e-08,514.0470184349904,144.38712980364608,465.0712784027378,143.8670542860394,48.97573995238534,12.243934988096335,7.986728210189123e-08,1.0220803396214583e-08,1611.8085291101706,340.9491314232774,1422.0275364973568,340.09615358794554,189.7809923154932,24.102210126289812,2.973207144877174e-07,2.0140491467392107e-08,2618.4620468557114,1011.6454517551354,-0.23839739787682346,0.5190708553290871,-0.47178505705445495,4.113233915657905,1.3348229061519759,5.093818178009447,1.351271732631634,-0.9805842623515417,-0.5162623617766647,valid,egm_isolation,0.30303030303030304,0.75,0.30303030303030304,100.0,2.0,3
2155.228376598663,345.29396093814614,1934.8375466379928,344.31570790828977,220.390829785734,25.973308375470445,1.7493659447480737e-07,2.4833618475224407e-08,8254.76993729682,1314.7393979480216,7621.146300870609,1314.0015878477168,633.6236356339854,44.039887038977966,7.922262941619168e-07,6.978621010648812e-08,514.0470184375259,144.38712980364608,465.0712784027378,143.8670542860394,48.97573995238534,12.243934988096335,8.240275137496715e-08,1.0376855221184672e-08,1612.5959646979832,340.9497857168041,1422.8149720851693,340.09680952246936,189.7809923154932,24.102210126289812,2.973207144877174e-07,2.0140491467392107e-08,2631.3720033088834,1015.6026529377319,-0.22092490609355298,0.510213092256062,-0.44387565074213586,4.192667789708416,1.3557514161730349,5.118932527431212,1.3550124847087694,-0.9262647377227955,-0.4832350413627847,valid,egm_isolation,0.3106060606060606,0.75,0.3106060606060606,100.0,2.0,3
2160.306387806181,345.30942683878493,1936.8545740972188,344.3176119431931,223.4518135327581,26.15305659892986,1.7620432911134532e-07,2.486595579666474e-08,8329.507578925504,1315.5639570763744,7686.700991250615,1314.815920440403,642.8065868750576,44.35786869208862,7.998327019811446e-07,6.985526485297277e-08,517.2689141425896,144.41960783691533,465.23219036077734,143.86708992078815,52.03672369940942,12.620759307279226,8.240275137496715e-08,1.0376855221184672e-08,1656.4846460510241,342.60910653948895,1463.6426696899184,341.74656359547424,192.84197606251726,24.295805285509118,2.9858844912425535e-07,2.0180350533545556e-08,2601.047556320392,992.7485572110709,-0.20401789811017923,0.49821278211665826,-0.4193185602641495,4.1763700248391,1.3435995734048847,5.028424259037131,1.3085825424642057,-0.8520542341980306,-0.4542982296041669,valid,egm_isolation,0.3181818181818182,0.75,0.3181818181818182,100.0,2.0,3
2160.3485557072913,345.3094281191346,1936.8967419983287,344.3176132272309,223.4518135327581,26.15305659892986,1.7620432911134532e-07,2.486595579666474e-08,8341.28015262596,1315.5883982402815,7695.412581195173,1314.8368124782733,645.8675706220816,44.463357232716035,8.087068444369103e-07,6.993574254585217e-08,525.2927479605139,144.60817512994618,473.2560241787017,144.05638045196372,52.03672369940942,12.620759307279226,8.240275137496715e-08,1.0376855221184672e-08,1664.688610411813,342.68865191224637,1471.846634046904,341.8263096880657,192.84197606251726,24.295805285509118,3.023916530338692e-07,2.029945814505418e-08,2632.092239639614,995.4665811479855,-0.218364616527297,0.5002520187151458,-0.44772050586189005,4.11265635037795,1.3091797648289714,5.010714977236784,1.2994376788075066,-0.898058626858834,-0.4868624321985559,valid,egm_isolation,0.32575757575757575,0.75,0.32575757575757575,100.0,2.0,3
2201.110322054792,346.9343847855535,1977.6585083432942,345.9472286015075,223.4518135327581,26.15305659892986,1.7873979838442125e-07,2.4930504605784478e-08,8502.54421759703,1321.1165174542177,7853.61566239007,1320.364530322008,648.9285543691058,44.56859609527394,8.378539557098526e-07,7.289205311872265e-08,532.7403818937178,144.7950179914055,480.7036581093701,144.24393806895029,52.03672369940942,12.620759307279226,8.493822064804306e-08,1.0530594783713959e-08,1674.1265574401998,342.7694493498738,1481.2845810676845,341.9073109091766,192.84197606251726,24.295805285509118,3.0999806085309696e-07,2.0535600980611076e-08,2705.678751358476,1012.1357337215233,-0.22923359372221586,0.49898100451178085,-0.4715835389884804,4.1316753842285525,1.2981270811403542,5.07879418064888,1.3053907746893696,-0.9471187964203276,-0.5144666210603083,valid,egm_isolation,0.33333333333333337,0.75,0.33333333333333337,100.0,2.0,3
2212.277380238395,347.02643509595447,1985.764582778605,346.02600287325276,226.5127972797822,26.331577829032092,1.800075330209592e-07,2.4962716418845906e-08,8556.84917897828,1321.5697220388288,7901.79865626713,1320.8108991104232,655.0505218631539,44.778331823581354,8.479958328021564e-07,7.298019331799628e-08,532.840523311975,144.79504750396038,480.8037995263596,144.24396769425704,52.03672369940942,12.620759307279226,8.620595528458101e-08,1.060662894644013e-08,1674.2140423579704,342.76945307133025,1481.3720659778487,341.9073146400169,192.84197606251726,24.295805285509118,3.1760446867232467e-07,2.0769059061183845e-08,2723.329203479204,1017.5684541061931,-0.2310071186397693,0.4988536036629525,-0.47534606183178973,4.151856481349336,1.3027166122728655,5.110964884111698,1.3107383161692467,-0.9591084027623618,-0.5189979390566121,valid,egm_isolation,0.34090909090909094,0.75,0.34090909090909094,100.0,2.0,3
2227.133739182139,347.1822081550608,2000.6209417198138,346.18222610130863,226.5127972797822,26.331577829032092,1.825430022940351e-07,2.5027015667575608e-08,8559.561304383442,1321.5703836827868,7904.510781655812,1320.8115611345038,655.0505218631539,44.778331823581354,8.644763830771498e-07,7.312319454964288e-08,533.5331739750916,144.79655870043743,481.4964501882085,144.2454846641549,52.03672369940942,12.620759307279226,8.747368992111896e-08,1.0682121920112113e-08,1697.6235265609116,343.00723829093306,1504.7815501731834,342.1456990311314,192.84197606251726,24.295805285509118,3.252108764915524e-07,2.0999921926974177e-08,2690.1193575077455,1000.4811799355706,-0.20788406649329771,0.4870898486582624,-0.4371880012921634,4.174311641371553,1.3064624385780286,5.042084520190184,1.282149661174908,-0.8677728788186316,-0.47406177597963256,valid,egm_isolation,0.3484848484848485,0.75,0.3484848484848485,100.0,2.0,3
2227.2604409855076,347.1822216784742,2000.747643520647,346.18223966378577,226.5127972797822,26.331577829032092,1.8507847156711103e-07,2.5091150141881322e-08,8595.887305994947,1321.6594576516266,7934.714815768199,1320.893592896903,661.172489357202,44.98708974696907,8.695473216233016e-07,7.316713870023643e-08,540.9571985336248,144.98313534281328,488.920474745474,144.43277317956696,52.03672369940942,12.620759307279226,8.874142455765693e-08,1.0757085098892623e-08,1698.9479033658952,343.0085116612042,1506.1059269705606,342.14697560779797,192.84197606251726,24.295805285509118,3.3281728431078013e-07,2.1228274249007594e-08,2736.9921742446286,1010.2154592997136,-0.22886040800579988,0.4923586725416957,-0.477183459322956,4.117258162055987,1.2765404804485911,5.059535544889329,1.2839862341232158,-0.9422773828333417,-0.5204303523565605,valid,egm_isolation,0.3560606060606061,0.75,0.3560606060606061,100.0,2.0,3
2232.4410408776225,347.19761578315763,2002.86725966447,346.1841457852211,229.57378102680627,26.508896854941362,1.8634620620364898e-07,2.512315598309872e-08,8640.524010280446,1322.0886546630682,7976.290536297798,1321.3194931292733,664.2334731042262,45.091106278304984,8.784214640790672e-07,7.324397752266312e-08,540.9915626761016,144.98313832224284,488.9548388879507,144.43277617034965,52.03672369940942,12.620759307279226,8.874142455765693e-08,1.0757085098892623e-08,1699.0718499298478,343.0085253381726,1506.2298735332456,342.1469893192053,192.84197606251726,24.295805285509118,3.3408501894731813e-07,2.1266094580335078e-08,2751.1788785477174,1014.543860551104,-0.23236351069149297,0.49321753754372616,-0.48375803970845954,4.126572750662681,1.278632149253125,5.085437682130512,1.2882091654724586,-0.958864931467831,-0.5282875666464059,valid,egm_isolation,0.36363636363636365,0.75,0.36363636363636365,100.0,2.0,3
2384.8510084606487,367.5149636935958,2152.2162434992047,366.5448912544541,232.63476477383037,26.685037642196903,1.8761394084018693e-07,2.5155121102069596e-08,8840.472547316229,1328.0127925753955,8173.1780895802185,1327.2435344566572,667.2944568512503,45.194883415060836,8.84760137261757e-07,7.32988130796384e-08,548.4027349555167,145.16947505262496,496.3660111660982,144.61982202161093,52.03672369940942,12.620759307279226,9.000915919419488e-08,1.0831529482649056e-08,1735.1928508933095,344.5684330368803,1542.3508744751666,343.71080706172114,192.84197606251726,24.295805285509118,3.556257224010328e-07,2.9462883373628095e-08,2794.0060499623837,1015.3883196428167,-0.17156419417824864,0.46246328256455504,-0.37889912760864625,4.348721945476975,1.3320238048384263,5.094806921757999,1.268581882945255,-0.7460849762810238,-0.40560153938857246,valid,egm_isolation,0.3712121212121212,0.75,0.3712121212121212,100.0,2.0,3
2389.241571513341,367.5288991709348,2153.545822802337,366.546082874083,235.69574852085444,26.86002337052243,1.9014941011326286e-07,2.5218929792462313e-08,8851.948227381767,1328.0368530232497,8181.592785894928,1327.2640791792326,670.3554405982743,45.29842280257102,8.88563341171371e-07,7.333169473160842e-08,548.5027223897713,145.1695044863762,496.46599859781725,144.6198515672303,52.03672369940942,12.620759307279226,9.25446284672708e-08,1.097890400499302e-08,1776.5864973679481,346.19749734375847,1583.7445209409311,345.34391700536764,192.84197606251726,24.295805285509118,3.6449986485679844e-07,2.9653187930621508e-08,2732.9475420225635,987.3807143607088,-0.1438556798137074,0.44916042602995093,-0.3262315394851126,4.355933843142393,1.33344387513383,4.982559667371176,1.2253583245479922,-0.6266258242287837,-0.3460186171176243,valid,egm_isolation,0.3787878787878788,0.75,0.3787878787878788,100.0,2.0,3
2390.184674767683,367.52952818883705,2154.4889260554114,366.5467135785617,235.69574852085444,26.86002337052243,1.914171447498008e-07,2.525077367103474e-08,9048.690322241944,1333.9310587912646,8378.334880751303,1333.1617015574607,670.3554405982743,45.29842280257102,8.923665450809848e-07,7.336456164617791e-08,548.5105261496722,145.1695045562929,496.47380235645034,144.61985163741275,52.03672369940942,12.620759307279226,9.381236310380874e-08,1.1051854335790434e-08,1784.1217701991222,346.2755877040431,1591.279793767034,345.42220033649994,192.84197606251726,24.295805285509118,3.695708034029503e-07,2.9761387045691758e-08,2781.930007537788,1000.9046520135215,-0.1638975167507426,0.4553968821646951,-0.3674049262782845,4.357591259999763,1.3338047485360065,5.071789646528464,1.2361201744260977,-0.7141983865287012,-0.3927352797344303,valid,egm_isolation,0.38636363636363635,0.75,0.38636363636363635,100.0,2.0,3
2392.954927660051,367.53191775882055,2157.259178945244,366.54910955561115,235.69574852085444,26.86002337052243,1.939526140228767e-07,2.5314341255564548e-08,9183.08451867302,1339.0036961578387,8509.66809341128,1338.2337544668546,673.4164243452984,45.401726067408845,9.164427178077754e-07,7.61457393655357e-08,549.1790636952845,145.17100896972926,497.1423399020627,144.62136176857462,52.03672369940942,12.620759307279226,9.381236310380874e-08,1.1051854335790434e-08,1831.733766697218,347.9731206053347,1638.8917902625944,347.12390656557125,192.84197606251726,24.295805285509118,3.721062726760262e-07,2.9815339359142385e-08,2753.2154778654226,982.0379119682292,-0.15055049555724476,0.4468162443749641,-0.34357646127006797,4.357330943314688,1.3321340632775862,5.013329276137631,1.2005793686834063,-0.6559983328229428,-0.3658024478631212,valid,egm_isolation,0.3939393939393939,0.75,0.3939393939393939,100.0,2.0,3
2393.708153091925,367.53252355453805,2158.01240437585,366.5497169756131,235.69574852085444,26.86002337052243,1.9522034865941466e-07,2.5346065262913202e-08,9263.918155948124,1339.8433464771977,8590.50173067751,1339.0738875690602,673.4164243452984,45.401726067408845,9.253168602635411e-07,7.621957544676328e-08,549.9717017901202,145.17254568571013,497.9349779956307,144.62290432492816,52.03672369940942,12.620759307279226,9.508009774034671e-08,1.1124326288284061e-08,1839.7766651108936,348.0514253315871,1646.93468867627,347.2024028155306,192.84197606251726,24.295805285509118,3.721062726760262e-07,2.9815339359142385e-08,2769.2996275523933,984.501885328698,-0.15690779762575535,0.44800750058505695,-0.35741061525985124,4.352420579641769,1.3291046655047345,5.035349307134372,1.1990847628045573,-0.6829287274926035,-0.38151112413880184,valid,egm_isolation,0.40151515151515155,0.75,0.40151515151515155,100.0,2.0,3
2427.2970469859765,368.9864072817203,2191.6012982699017,368.0074834880488,235.69574852085444,26.86002337052243,1.9522034865941466e-07,2.5346065262913202e-08,9287.300925784488,1339.9041979992294,8613.884500503731,1339.1347740560163,673.4164243452984,45.401726067408845,9.354587373558447e-07,7.630387205217219e-08,550.1588243769758,145.17260443811364,498.1221005799508,144.6229633006209,52.03672369940942,12.620759307279226,9.761556701342262e-08,1.1267871919114269e-08,1846.2661882696575,348.06803579687863,1650.3632280854745,347.20556125662256,195.90295980954136,24.48786997619267,3.746417419491021e-07,2.9869194219432524e-08,2767.4723132710715,982.3003344290586,-0.14014570928082226,0.44024182019754354,-0.3241875043378888,4.411993299816204,1.3435816268579461,5.030315230161181,1.1941722331704911,-0.618321930344977,-0.3439764983452404,valid,egm_isolation,0.4090909090909091,0.75,0.4090909090909091,100.0,2.0,3
2442.761018947745,369.13350274296397,2207.0652702304023,368.1549700762232,235.69574852085444,26.86002337052243,1.9648808329595264e-07,2.537774961300811e-08,9310.24169331745,1339.9648904638118,8636.825268031622,1339.195501390964,673.4164243452984,45.401726067408845,9.405296759019965e-07,7.63459854516855e-08,550.4122279786421,145.17266912094541,498.37550418161715,144.62302822928035,52.03672369940942,12.620759307279226,9.761556701342262e-08,1.1267871919114269e-08,1846.2762853118952,348.0680358335256,1650.3733251264443,347.2055612933605,195.90295980954136,24.48786997619267,3.7590947658564005e-07,2.989608526925991e-08,2775.5709772185132,984.5295821522843,-0.1362433556493099,0.4380894230086755,-0.3165231935350598,4.4380573228153875,1.3490574047554316,5.042713145039748,1.196042647844661,-0.6046558222243608,-0.33537825263910076,valid,egm_isolation,0.4166666666666667,0.75,0.4166666666666667,100.0,2.0,3
2450.243017023425,369.20673968921824,2214.5472683035473,368.22840164288954,235.69574852085444,26.86002337052243,1.9902355256902854e-07,2.544099993392338e-08,9466.256078004597,1345.388876481293,8792.839652714967,1344.6225910007965,673.4164243452984,45.401726067408845,9.443328798116104e-07,7.637755526275379e-08,558.4259647568642,145.36025942750993,506.3892409585716,144.81133054889287,52.03672369940942,12.620759307279226,9.888330164996057e-08,1.1338963298919434e-08,1846.3398110961643,348.06803829616933,1650.4368509056426,347.2055637621216,195.90295980954136,24.48786997619267,3.809804151317919e-07,3.000340845406687e-08,2863.0716573548016,1006.1420185319096,-0.1684847737400692,0.44678512955128374,-0.385193300456442,4.3877669944846645,1.3197109627645747,5.127038923774557,1.210441855301829,-0.7392719292898926,-0.4128267567860529,valid,egm_isolation,0.42424242424242425,0.75,0.42424242424242425,100.0,2.0,3
2466.965742495864,369.3549195432366,2231.2699937721827,368.3769750341703,235.69574852085444,26.86002337052243,2.0282675647864242e-07,2.5535581664883286e-08,9634.122367777298,1350.814890043002,8957.644958736839,1350.0482142540272,676.4774080923225,45.504794817684626,9.481360837212243e-07,7.640911203018292e-08,559.0894537832595,145.3617618228639,507.052729983699,144.81283863924062,52.03672369940942,12.620759307279226,1.0015103628649854e-07,1.1409611728841604e-08,1887.1699559773947,349.6801869870317,1691.266995777999,348.821698572945,195.90295980954136,24.48786997619267,3.8985455758755756e-07,3.019030600411857e-08,2854.187136257171,995.2544041198748,-0.15696261487990903,0.43904819331507455,-0.3647591330771183,4.412470537232178,1.323849887313744,5.105063450836698,1.1862318010014228,-0.6925929136045204,-0.3896309443135092,valid,egm_isolation,0.4318181818181818,0.75,0.4318181818181818,100.0,2.0,3
2468.4407802275755,369.3561159232341,2232.745031501359,368.37817459023347,235.69574852085444,26.86002337052243,2.0536222575171832e-07,2.5598442006912832e-08,9753.196835443523,1352.0498645629768,9070.59745890141,1351.2769555758603,682.5993755863707,45.71023511642298,9.55742491540452e-07,7.647218649870757e-08,573.8028015875723,145.73321720438736,521.7660777664711,145.18569843909856,52.03672369940942,12.620759307279226,1.216917397402132e-07,2.3297631973525072e-08,1887.959838836618,349.68082495230124,1692.0568786334188,348.8223381083141,195.90295980954136,24.48786997619267,3.9365776149717146e-07,3.0270051700457197e-08,2964.264150905408,1018.3749949267067,-0.20086500541127839,0.44999059917838613,-0.45770252194766464,4.301897399939496,1.268106406232,5.1659980444571065,1.1951479798298776,-0.8641006445176105,-0.4958834902185146,valid,egm_isolation,0.4393939393939394,0.75,0.4393939393939394,100.0,2.0,3
2475.915128529894,369.4293087114607,2240.2193798011417,368.4515616462532,235.69574852085444,26.86002337052243,2.0789769502479422e-07,2.5661148364768004e-08,9833.645154296933,1352.8685300942118,9144.923810251898,1352.0891593685217,688.7213430804188,45.91475620536126,9.646166339962176e-07,7.654570768928756e-08,573.8078501080573,145.733217248151,521.7711262869561,145.18569848302727,52.03672369940942,12.620759307279226,1.216917397402132e-07,2.3297631973525072e-08,1920.71307091292,351.2079788249239,1724.8101107071857,350.3532340571687,195.90295980954136,24.48786997619267,3.9619323077024737e-07,3.032309898684018e-08,2937.774970225347,1004.2973087873717,-0.18654106369538126,0.44258015683946145,-0.4316086928398116,4.3148854238638235,1.2710030346517194,5.119788740555077,1.1715504457088888,-0.8049033166912531,-0.46564499021581207,valid,egm_isolation,0.44696969696969696,0.75,0.44696969696969696,100.0,2.0,3
2484.6215159712324,369.5036575271973,2248.925767239945,368.5261077189936,235.69574852085444,26.86002337052243,2.1043316429787015e-07,2.5723701864544917e-08,9983.096572838602,1358.2212495697172,9294.37522878596,1357.4449520865758,688.7213430804188,45.91475620536126,9.722230418154454e-07,7.660866969414053e-08,581.1685028726629,145.91859037930126,529.131779050294,145.3717697931412,52.03672369940942,12.620759307279226,1.2295947437675116e-07,2.3332098205744288e-08,1931.8801290965228,351.2989093338668,1732.9161851424963,350.4310178932423,198.96394355656545,24.678439931860847,3.974609654067853e-07,3.034958786004162e-08,3003.2201283540107,1016.744989788728,-0.20872338464800722,0.4469559642839612,-0.4793824498683272,4.275217090551148,1.2475773698813175,5.16755487179599,1.1735818186937936,-0.8923377812448416,-0.5209765856988229,valid,egm_isolation,0.4545454545454546,0.75,0.4545454545454546,100.0,2.0,3
2497.0206132951234,369.5912570132996,2258.2638808142765,368.6012300355308,238.75673226787853,27.033876469432883,2.1296863357094605e-07,2.5786103618680888e-08,10121.311624580112,1363.2197425798422,9432.590280500859,1362.446293151423,688.7213430804188,45.91475620536126,9.98834683815312e-07,7.929638889956804e-08,581.1711041255405,145.9185904024872,529.1343803031716,145.37176981641434,52.03672369940942,12.620759307279226,1.2295947437675116e-07,2.3332098205744288e-08,1964.8888622845354,352.8190945767833,1765.9249183279735,351.95495180564046,198.96394355656545,24.678439931860847,3.999964346798612e-07,3.040249636940595e-08,2993.662371935258,1008.2150857738736,-0.198893735997139,0.4410409179077848,-0.46249881197276993,4.296532631387906,1.2522560047837865,5.151086058278265,1.1562247150434757,-0.8545534268903587,-0.501378953960759,valid,egm_isolation,0.46212121212121215,0.75,0.46212121212121215,100.0,2.0,3
2498.3767529846355,369.5924399523075,2259.620020501253,368.6024161517874,238.75673226787853,27.033876469432883,2.1550410284402198e-07,2.5848354726185256e-08,10130.526184729319,1363.2300525884618,9432.621889405189,1362.4462934657072,697.9042943214911,46.219840998173034,1.0026378877249258e-06,7.932678454240768e-08,581.2002657635296,145.91859331644437,529.163541939893,145.37177274133245,52.03672369940942,12.620759307279226,1.2422720901328913e-07,2.3366513599404894e-08,1972.3710143480218,352.89571729253237,1773.407070386389,352.03176260948453,198.96394355656545,24.678439931860847,4.0506737322601307e-07,3.0508038119919374e-08,2985.1708771107355,1004.1611021376029,-0.1948441617320371,0.43907521324549054,-0.45494021171086385,4.298650396696719,1.2526522842856016,5.136217329820181,1.1498746184563393,-0.8375669331234619,-0.4925714502425384,valid,egm_isolation,0.4696969696969697,0.75,0.4696969696969697,100.0,2.0,3
2513.7751016622324,369.7392839240741,2275.018369172511,368.7496543723431,238.75673226787853,27.033876469432883,2.2184277602671176e-07,2.6003330509649984e-08,10240.4428179138,1364.430862021201,9539.477538835039,1363.6443575626754,700.9652780685152,46.3210894020849,1.0102442955441536e-06,7.938754091474076e-08,581.8979649458635,145.9200929208195,529.8612411222268,145.37327798645916,52.03672369940942,12.620759307279226,1.2422720901328913e-07,2.3366513599404894e-08,1972.4977161513905,352.8957305969968,1773.5337721872222,352.0317759466007,198.96394355656545,24.678439931860847,4.07602842499089e-07,3.05606723117115e-08,3020.988458995597,1013.9200290461603,-0.20177356239942457,0.4403780940513965,-0.46997635342724314,4.319958571939842,1.2558941243666275,5.191612002418075,1.1581000532753214,-0.8716534304782328,-0.5102306466104873,valid,egm_isolation,0.4772727272727273,0.75,0.4772727272727273,100.0,2.0,3
2518.28196150805,369.7531482312116,2276.464245264966,368.75085156298724,241.8177160149026,27.206618651793214,2.2818144920940154e-07,2.6157388117652038e-08,10275.24204331756,1364.823527157063,9574.276764232462,1364.0372491094406,700.9652780685152,46.3210894020849,1.0165829687268434e-06,7.94381357285846e-08,589.2824228548968,146.10523181220023,537.2456990312602,145.5591123818928,52.03672369940942,12.620759307279226,1.2422720901328913e-07,2.3366513599404894e-08,1979.9453500845943,352.9723354518119,1780.9814061178906,352.1085687637209,198.96394355656545,24.678439931860847,4.101383117721649e-07,3.061321600814207e-08,3058.1750786444527,1018.410948860615,-0.2143894628912375,0.44197060692289675,-0.4983061677400427,4.273472046404724,1.231407836676145,5.18965942311415,1.1537442217994123,-0.9161873767094262,-0.542941607587557,valid,egm_isolation,0.48484848484848486,0.75,0.48484848484848486,100.0,2.0,3
2526.482974854595,369.82686333915586,2284.665258611511,368.82476699486244,241.8177160149026,27.206618651793214,2.2818144920940154e-07,2.6157388117652038e-08,10403.036616178339,1369.7621946557804,9699.010353318337,1368.9753310280373,704.0262618155392,46.422116979899656,1.0444623453632478e-06,8.204299835663807e-08,596.6644334963229,146.29013637899106,544.6277096726863,145.74470980550728,52.03672369940942,12.620759307279226,1.2422720901328913e-07,2.3366513599404894e-08,1981.009952635282,352.97300369271954,1782.0460086660428,352.1092386439046,198.96394355656545,24.678439931860847,4.126737810452408e-07,3.0665669674385426e-08,3133.311844787247,1035.4045363329176,-0.24018719934876143,0.44822891897014155,-0.5519284967300446,4.234344856203274,1.2091284935995876,5.251380288291571,1.1634427524240893,-1.0170354320882975,-0.6061098171814973,valid,egm_isolation,0.49242424242424243,0.75,0.49242424242424243,100.0,2.0,3
2567.308071209002,371.34456064747314,2325.4903549633823,370.3465709629303,241.8177160149026,27.206618651793214,2.3071691848247744e-07,2.6218757700448737e-08,10446.507864878426,1370.1733798613818,9742.481602012085,1369.386752504882,704.0262618155392,46.422116979899656,1.0508010185459376e-06,8.209195657852666e-08,598.025621703784,146.2931250051367,545.9888978801474,145.7477096158848,52.03672369940942,12.620759307279226,1.2422720901328913e-07,2.3366513599404894e-08,1981.1365004508448,352.97301699316967,1782.1725564816056,352.10925197698225,198.96394355656545,24.678439931860847,4.126737810452408e-07,3.0665669674385426e-08,3153.3815863297177,1040.0851356105188,-0.2282832830594892,0.4423707769698028,-0.5306769637651957,4.292973374442892,1.2200208419225471,5.272987430447689,1.1665897899279136,-0.980014056004797,-0.5805731156487431,valid,egm_isolation,0.5,0.75,0.5,100.0,2.0,3
2667.814549661051,375.6450714464948,2425.9968334103605,374.6585373424421,241.8177160149026,27.206618651793214,2.3578785702862927e-07,2.6341067931835112e-08,10465.244210275581,1370.216425418911,9758.156963658414,1369.4264017906853,707.0872455625633,46.5229251702323,1.0546042224555514e-06,8.212131750171049e-08,601.0890527184154,146.32514497261644,545.9913451477547,145.74770963643098,55.0977074464335,12.986654187735223,1.2422720901328913e-07,2.3366513599404894e-08,1982.4660797577806,352.97425443062417,1783.5021357847381,352.1104924500043,198.96394355656545,24.678439931860847,4.164769849548547e-07,3.0744182374956014e-08,3173.0902198286362,1043.2840967880468,-0.18939684927941536,0.4254152733426653,-0.4556749201042687,4.438301675260768,1.2481513324489173,5.278902028706708,1.1666711389981301,-0.8406003534459394,-0.4920081260180933,valid,egm_isolation,0.5075757575757576,0.75,0.5075757575757576,100.0,2.0,3
2784.534401971242,393.1291881127411,2542.7166857192838,392.1866372630751,241.8177160149026,27.206618651793214,2.3705559166516722e-07,2.6371556853895258e-08,10585.661974977884,1375.1160666973528,9875.513744608621,1374.3254507944266,710.1482293095875,46.6235153961451,1.0596751610017034e-06,8.21604490777129e-08,601.1524245123433,146.3251508279249,546.0547169416825,145.74771551493745,55.0977074464335,12.986654187735223,1.2422720901328913e-07,2.3366513599404894e-08,1983.414077548605,352.9749094025569,1784.4501335730272,352.1111490286452,198.96394355656545,24.678439931860847,4.190124542279306e-07,3.079641297492148e-08,3208.405361925808,1053.3797185339608,-0.15222328000490748,0.4117902935144863,-0.37699253095683255,4.631993964309576,1.3033939883651648,5.337091278519714,1.1759283836931722,-0.7050973142101382,-0.4016593358338754,valid,egm_isolation,0.5151515151515151,0.75,0.5151515151515151,100.0,2.0,3
2793.428065983439,393.1990773086635,2551.6103497276777,392.2566943952904,241.8177160149026,27.206618651793214,2.4085879557478107e-07,2.6462812855482015e-08,10589.515596831152,1375.1196357722038,9876.306382702189,1374.3256131197163,713.2092130566115,46.72388906538201,1.0723525073670828e-06,8.225819657479876e-08,608.6585357029926,146.5098098664821,553.5608281310641,145.93310522332112,55.0977074464335,12.986654187735223,1.2549494364982709e-07,2.3400878378809882e-08,1990.803891949932,353.05148622676813,1791.8399479730863,352.1879136618112,198.96394355656545,24.678439931860847,4.2028018886446853e-07,3.0822495084444253e-08,3237.5861243963,1055.3421033079924,-0.15900107248922235,0.41151335092646957,-0.39438243725301386,4.589483104442241,1.279749918276124,5.319215840219723,1.1691710746048312,-0.7297327357774819,-0.4209802904900666,valid,egm_isolation,0.5227272727272727,0.75,0.5227272727272727,100.0,2.0,3
2801.4709644034533,393.26837707590846,2559.6532481413533,392.3261606233452,241.8177160149026,27.206618651793214,2.471974687574709e-07,2.6614210861260834e-08,10666.236995646075,1375.9210114442926,9949.966797759944,1375.1240446966924,716.2701968036356,46.82404757059849,1.0824943844593864e-06,8.233631102136928e-08,608.6635842234775,146.50980991001376,553.565876651549,145.9331052670248,55.0977074464335,12.986654187735223,1.2549494364982709e-07,2.3400878378809882e-08,1991.623244412614,353.0521193066573,1792.6593004357683,352.18854829402346,198.96394355656545,24.678439931860847,4.2028018886446853e-07,3.0822495084444253e-08,3259.727992309969,1061.3135627681095,-0.16357728983427,0.41255490681763496,-0.4048803389129041,4.602659066547445,1.2825354680847367,5.355549562684407,1.1741309390386565,-0.7528904961369625,-0.43299034806583303,valid,egm_isolation,0.5303030303030303,0.75,0.5303030303030303,100.0,2.0,3
2837.940865490739,394.639313601039,2593.0621654816146,393.6884785201817,244.8786997619267,27.378270945471485,2.471974687574709e-07,2.6614210861260834e-08,10783.049031633154,1380.7968630843175,10066.778833741953,1380.0027121975513,716.2701968036356,46.82404757059849,1.0875653230055384e-06,8.237534046692838e-08,609.3588361394718,146.5113034426012,554.2611285662756,145.93460470175722,55.0977074464335,12.986654187735223,1.2676267828636504e-07,2.3435192766617687e-08,1999.0762348355759,353.1286902560465,1800.1122908574625,352.2653069555394,198.96394355656545,24.678439931860847,4.215479235010065e-07,3.084855514184203e-08,3286.8912617988685,1067.1535120518722,-0.15819582492621698,0.40907033273587395,-0.3945824845528942,4.657257263175524,1.2935635473823446,5.394015917817192,1.1768506687711198,-0.736758654641668,-0.4212950237572873,valid,egm_isolation,0.5378787878787878,0.75,0.5378787878787878,100.0,2.0,3
2987.2848008049887,412.6159017033152,2742.4061007958644,411.7065855903646,244.8786997619267,27.378270945471485,2.471974687574709e-07,2.6614210861260834e-08,10918.109164335425,1385.6981065893333,10198.777982694664,1384.9033834722443,719.3311805506597,46.923992289586955,1.0901007922786142e-06,8.239484825679168e-08,616.7168876499318,146.69569331943248,561.6191800767357,146.11972232206426,55.0977074464335,12.986654187735223,1.2676267828636504e-07,2.3435192766617687e-08,1999.8612231583165,353.12932197427205,1800.8972791776678,352.26594022206945,198.96394355656545,24.678439931860847,4.240833927740824e-07,3.090060932338753e-08,3366.9247770189404,1085.1084470151038,-0.1270852970268015,0.3951968395831245,-0.32701927677858234,4.843851142439717,1.33235203273479,5.459433403630281,1.1871906004452986,-0.6155822611905641,-0.3449528829635639,valid,egm_isolation,0.5454545454545454,0.75,0.5454545454545454,100.0,2.0,3
3034.709366746956,414.04151398433953,2789.830666736564,413.1353356740142,244.8786997619267,27.378270945471485,2.4846520339400883e-07,2.6644387230265445e-08,11048.789139001585,1390.5783922336086,10329.457957355753,1389.7864598184192,719.3311805506597,46.923992289586955,1.095171730824766e-06,8.24338499870923e-08,616.7486505420663,146.6956962410164,561.6509429663347,146.1197252551644,55.0977074464335,12.986654187735223,1.2929814755944094e-07,2.35036712499534e-08,2007.9650460995806,353.20648600657415,1809.001102117664,352.3432933371115,198.96394355656545,24.678439931860847,4.2535112741062034e-07,3.092660355851095e-08,3393.6476159481535,1091.025691593118,-0.11827763578756123,0.3905508038570059,-0.3075872065576077,4.920496160112747,1.3492282375178355,5.502480812832657,1.1901396097387826,-0.5819846527199104,-0.3234821371386147,valid,egm_isolation,0.5530303030303031,0.75,0.5530303030303031,100.0,2.0,3
3036.228823875092,414.0425895171389,2791.3501238621648,413.13641356589994,244.8786997619267,27.378270945471485,2.5100067266708473e-07,2.6704637670144268e-08,11067.893049838318,1390.620953721968,10345.500884441659,1389.8256747724527,722.3921642976837,47.02372458549792,1.09897493473438e-06,8.246308917946544e-08,616.7510978096736,146.69569626142984,561.653390233942,146.1197252756583,55.0977074464335,12.986654187735223,1.2929814755944094e-07,2.35036712499534e-08,2011.7211277760607,353.22036891212264,1809.69620004712,352.3439143726566,202.02492730358952,24.86754951679014,4.2535112741062034e-07,3.092660355851095e-08,3393.1816366983576,1089.993540394183,-0.11756452939791684,0.39000459201161936,-0.3061388580771376,4.922940282810907,1.349728052229833,5.5017034404136185,1.1878496925180884,-0.5787631576027117,-0.3218952998361808,valid,egm_isolation,0.5606060606060607,0.75,0.5606060606060607,100.0,2.0,3
3043.7663481965096,414.1078933986048,2798.8876481835823,413.2018606626386,244.8786997619267,27.378270945471485,2.5100067266708473e-07,2.6704637670144268e-08,11221.738642495162,1395.832577340925,10496.285493342606,1395.036911221641,725.4531480447079,47.12324580705692,1.1078490771901456e-06,8.253127367720202e-08,616.7802594476627,146.6956991599506,561.6825518706634,146.1197281856044,55.0977074464335,12.986654187735223,1.3056588219597891e-07,2.3537835782725735e-08,2019.0765780374463,353.2968913105075,1817.0516503047024,352.420627078919,202.02492730358952,24.86754951679014,4.2915433132023424e-07,3.1056248376271924e-08,3427.976405976447,1098.3345170552764,-0.12622849911182876,0.39203123826658426,-0.3273194762789451,4.934928285354422,1.3521911121073955,5.557856876039221,1.1931904734759469,-0.6229285906847988,-0.3454257389695918,valid,egm_isolation,0.5681818181818182,0.75,0.5681818181818182,100.0,2.0,3
3077.1827613286664,415.39878334421695,2832.3040613119356,414.4955723332784,244.8786997619267,27.378270945471485,2.548038765766986e-07,2.6794759308859677e-08,11230.721888933907,1395.8522659418904,10505.268739771209,1395.0566110519378,725.4531480447079,47.12324580705692,1.1179909542824492e-06,8.26091299049363e-08,616.9649347643756,146.69575728190995,561.8672271873762,146.11978653666728,55.0977074464335,12.986654187735223,1.3056588219597891e-07,2.3537835782725735e-08,2051.829810112481,354.80848138204755,1849.8048823784693,353.93595952045445,202.02492730358952,24.86754951679014,4.304220659567722e-07,3.10821124494036e-08,3376.9670191033574,1077.9065912419442,-0.0974216616387289,0.38032870581166983,-0.2595132270189011,4.987613700451015,1.3637064728186574,5.473515314761043,1.1656151312483263,-0.4859016143100279,-0.27085161985862466,valid,egm_isolation,0.5757575757575758,0.75,0.5757575757575758,100.0,2.0,3
3077.190411105832,415.39878336771505,2832.311711085298,414.4955723568277,244.8786997619267,27.378270945471485,2.586070804863125e-07,2.6884578846352724e-08,11289.908777543751,1396.2973715146807,10561.394644630225,1395.4986133213872,728.5141317917319,47.22255728877729,1.1217941581920632e-06,8.263830707956618e-08,618.2893115617528,146.69873467952806,563.1916039847533,146.12277567026555,55.0977074464335,12.986654187735223,1.3056588219597891e-07,2.3537835782725735e-08,2054.983131519129,354.821696924494,1849.8972200368257,353.9359715653495,205.08591105061362,25.0552317983601,4.3168980059331014e-07,3.110795501838796e-08,3396.830766441519,1081.684991489387,-0.10387409052819052,0.3817980745672657,-0.27585986201680546,4.976942595583737,1.3586050866458015,5.49391798131101,1.166843639556751,-0.5169753857272728,-0.28866751706476584,valid,egm_isolation,0.5833333333333334,0.75,0.5833333333333334,100.0,2.0,3
3093.2204859126186,415.5299646865571,2848.3417858920848,414.62703943718833,244.8786997619267,27.378270945471485,2.586070804863125e-07,2.6884578846352724e-08,11364.119181866285,1397.0833971476786,10635.605048948955,1396.2850886079127,728.5141317917319,47.22255728877729,1.125597362101677e-06,8.26674739562224e-08,735.0090098854057,186.9809016983766,679.9113023084063,186.52936608734336,55.0977074464335,12.986654187735223,1.3056588219597891e-07,2.3537835782725735e-08,2058.9532041368493,354.8355418631932,1850.8063089049865,353.9366150984903,208.14689479763769,25.24151861455845,4.3422526986638604e-07,3.115957585788684e-08,4056.7847638795174,1342.6041732137521,-0.31150843671029493,0.4684414055526806,-0.6855979858164655,4.20841165796713,1.210689973083401,5.519367394573851,1.1684138418127075,-1.3109557366067213,-0.7791500020480286,valid,egm_isolation,0.5909090909090909,0.75,0.5909090909090909,100.0,2.0,3
3108.587071696814,415.660579201385,2863.7083716737443,414.7579382990363,244.8786997619267,27.378270945471485,2.611425497593884e-07,2.694429219636531e-08,11488.109950538135,1401.9049230668777,10759.595817615736,1401.109361685324,728.5141317917319,47.22255728877729,1.1306683006478288e-06,8.270634712485749e-08,735.6698976589232,186.9820696553161,680.5721900806561,186.53053687156338,55.0977074464335,12.986654187735223,1.3183361683251687e-07,2.3571950798422304e-08,2067.659437590382,354.9129478611863,1859.512542358519,354.01421764887925,208.14689479763769,25.24151861455845,4.3422526986638604e-07,3.115957585788684e-08,4087.451017299079,1349.2016167877098,-0.3148903096569706,0.4682831910714075,-0.6933551543218904,4.225518920359631,1.2135375370304355,5.556093881653063,1.1701500726502616,-1.330574961293432,-0.7892835929139879,valid,egm_isolation,0.5984848484848485,0.75,0.5984848484848485,100.0,2.0,3
3116.246445070872,415.72563302993524,2871.3677450478026,414.823133682509,244.8786997619267,27.378270945471485,2.611425497593884e-07,2.694429219636531e-08,11510.173546080343,1401.9627692978734,10781.659413150337,1401.1672407605274,728.5141317917319,47.22255728877729,1.1382747084670566e-06,8.276462264391405e-08,736.3623943355017,186.98323989497874,681.2646867572345,186.5317099439968,55.0977074464335,12.986654187735223,1.3183361683251687e-07,2.3571950798422304e-08,2085.457882240218,355.07844177752645,1874.2500032575276,354.1669040603422,211.20787854466178,25.426440637034638,4.380284737759999e-07,3.1236847167559e-08,4064.171721609761,1337.508666115756,-0.30418816138186733,0.46312873387494374,-0.6767861656022365,4.231946754808131,1.2138880662879832,5.5192548572191775,1.1554316705182208,-1.2873081024110462,-0.7681423097733843,valid,egm_isolation,0.6060606060606061,0.75,0.6060606060606061,100.0,2.0,3
3127.418551778763,415.8024546341354,2879.478868003598,414.88883081894244,247.9396835089508,27.548853723216755,2.662134883055402e-07,2.7063323639158303e-08,11626.205950235708,1406.748203384394,10897.691817303166,1405.955382580944,728.5141317917319,47.22255728877729,1.1408101777401324e-06,8.278403870074742e-08,737.8374320672135,186.98560313759444,682.7397244864109,186.53407890714809,55.0977074464335,12.986654187735223,1.3436908610559277e-07,2.3640033135776227e-08,2201.621728748896,373.52591669707886,1990.413849761135,372.65950485788557,211.20787854466178,25.426440637034638,4.4309941232215175e-07,3.133957921549284e-08,3896.332340379466,1278.3800611347306,-0.24586213065832618,0.44105145017821973,-0.5719800441836054,4.238628207051807,1.2130209278083255,5.280746369106045,1.1004352453137929,-1.042118162054238,-0.6362928103517383,valid,egm_isolation,0.6136363636363636,0.75,0.6136363636363636,100.0,2.0,3
3127.4185517812975,415.8024546341354,2879.478868003598,414.88883081894244,247.9396835089508,27.548853723216755,2.687489575786161e-07,2.712264346657937e-08,11754.003124327828,1411.540193320318,11022.428007641924,1410.7467447491663,731.575115538756,47.32166035116898,1.1471488509228222e-06,8.283255893155925e-08,737.9372655161976,186.98562598691342,682.8395579328595,186.5341018117761,55.0977074464335,12.986654187735223,1.369045553786687e-07,2.370791996101628e-08,2241.8149449812363,375.02806347866215,2030.6070659922075,374.16513000690856,211.20787854466178,25.426440637034638,4.443671469586897e-07,3.13652096519827e-08,3869.06017548559,1263.3124914464206,-0.23714178688422516,0.4361514308397915,-0.5576331412510699,4.238054775013461,1.2127282703359934,5.243074657273376,1.0797020029284818,-1.0050198822599148,-0.618961367688528,valid,egm_isolation,0.6212121212121212,0.75,0.6212121212121212,100.0,2.0,3
3244.1092424573035,431.66308537273835,2996.1695586758,430.78310079673366,247.9396835089508,27.548853723216755,2.7255216148823e-07,2.7211380743012924e-08,11763.489297584883,1411.5598118011983,11031.914180895175,1410.766374263947,731.575115538756,47.32166035116898,1.150952054832436e-06,8.286165743259225e-08,738.0322044299671,186.9856488041998,682.9344968440936,186.53412468429394,55.0977074464335,12.986654187735223,1.394400246517446e-07,2.3775612948887567e-08,2241.883673272529,375.028065782314,2030.6757942771612,374.16513231587334,211.20787854466178,25.426440637034638,4.5070582014137946e-07,3.149304894823966e-08,3872.5621858032555,1264.2123986096199,-0.19372126410574264,0.42082215422241437,-0.47044239944255795,4.395620168042601,1.257907195639168,5.247145263524511,1.0802272475982764,-0.85152509548191,-0.5135616579615202,valid,egm_isolation,0.6287878787878788,0.75,0.6287878787878788,100.0,2.0,3
3252.1547421238565,431.72621103172906,3004.2150583423536,430.846355387103,247.9396835089508,27.548853723216755,2.7255216148823e-07,2.7211380743012924e-08,12043.512899597286,1421.4646738949812,11311.937782899973,1420.6767681612075,731.575115538756,47.32166035116898,1.1585584626516638e-06,8.29198238006349e-08,738.032204431235,186.9856488041998,682.9344968440936,186.53412468429394,55.0977074464335,12.986654187735223,1.4070775928828257e-07,2.3809387270654154e-08,2243.2054488170284,375.0292304204016,2031.9975698216608,374.1662996399462,211.20787854466178,25.426440637034638,4.5070582014137946e-07,3.149304894823966e-08,3962.410299543994,1290.4988214195744,-0.21839537590892655,0.4285110579030138,-0.5219399793015447,4.406521453396647,1.2603927491345595,5.368885362661955,1.0987359899464335,-0.9623639092653082,-0.5755531691561376,valid,egm_isolation,0.6363636363636364,0.75,0.6363636363636364,100.0,2.0,3
3260.226802174254,431.78932843893756,3012.287118392751,430.9096016710297,247.9396835089508,27.548853723216755,2.7255216148823e-07,2.7211380743012924e-08,12046.608093504055,1421.4679699578253,11311.971993057181,1420.6767684649913,734.6360992857801,47.42055630094342,1.1610939319247399e-06,8.293920352490549e-08,738.6955394736274,186.98681674750273,683.5978318839506,186.53529545470033,55.0977074464335,12.986654187735223,1.4324322856135847e-07,2.3876792590742674e-08,2250.5900607138674,375.1013048702606,2039.3821817159644,374.2385402813339,211.20787854466178,25.426440637034638,4.532412894144554e-07,3.1544039599797215e-08,3953.9744797574244,1285.9656855849503,-0.2127912319230394,0.42589128829492356,-0.5114167600859307,4.413491929973471,1.2608698870790926,5.352644314834918,1.0930617867013979,-0.9391523848614467,-0.5628030656343701,valid,egm_isolation,0.6439393939393939,0.75,0.6439393939393939,100.0,2.0,3
3262.3334120549553,431.79085661269454,3014.393728272185,430.9111329646303,247.9396835089508,27.548853723216755,2.7381989612476795e-07,2.7240895599262015e-08,12127.534222420252,1422.2589401785822,11392.898121967039,1421.4681789466879,734.6360992857801,47.42055630094342,1.1674326051074294e-06,8.2987633035827e-08,804.8475918466854,192.62719556931694,749.7498842570086,192.1889260230882,55.0977074464335,12.986654187735223,1.4324322856135847e-07,2.3876792590742674e-08,2250.7825397930164,375.10132762782655,2039.5746607913102,374.23856309136477,211.20787854466178,25.426440637034638,4.5704449332406926e-07,3.162037140198718e-08,4336.632500646116,1363.1629229873683,-0.329303891693417,0.4533799686868846,-0.7513028368657614,4.053355498734466,1.1085677167725945,5.388141238884637,1.0980040403774303,-1.3347857401501706,-0.8554675183977016,valid,egm_isolation,0.6515151515151515,0.75,0.6515151515151515,100.0,2.0,3
3292.5324394351474,432.04171281026964,3044.592755651109,431.1625009976729,247.9396835089508,27.548853723216755,2.750876307613059e-07,2.7270378511464973e-08,12129.043120551607,1422.2592532733527,11394.407020095858,1421.4684922156325,734.6360992857801,47.42055630094342,1.1699680743805055e-06,8.300699692861103e-08,804.8501931008307,192.6271955868807,749.7524855098862,192.188926040692,55.0977074464335,12.986654187735223,1.4451096319789642e-07,2.3910423993104394e-08,2250.8193512069042,375.1013287874108,2039.6114722013945,374.2385642536223,211.20787854466178,25.426440637034638,4.608476972336831e-07,3.169651938187603e-08,4337.115145411283,1363.2822509300256,-0.31725813646207834,0.4486830078940887,-0.7304241009840071,4.090863700672136,1.1165781003151198,5.388723494867739,1.0980655212017927,-1.2978597941956034,-0.8287504056327155,valid,egm_isolation,0.6590909090909091,0.75,0.6590909090909091,100.0,2.0,3
3296.375810250767,432.0530724098866,3045.3751427184366,431.1630183768779,251.00066725597486,27.71838673088207,2.7635536539784385e-07,2.729982958311734e-08,12167.984251383008,1422.642082710555,11427.226183429408,1421.8449448150582,740.7580667798283,47.617732021695815,1.1737712782901193e-06,8.303603430097366e-08,805.0348684175435,192.62723984980082,749.9371608265991,192.18897040454968,55.0977074464335,12.986654187735223,1.4451096319789642e-07,2.3910423993104394e-08,2250.8219524610495,375.1013287964304,2039.614073454272,374.2385642626627,211.20787854466178,25.426440637034638,4.6211543187022106e-07,3.1721861421334043e-08,4352.033082851486,1367.231662079935,-0.3202478519948888,0.4494182233354201,-0.7362277869167312,4.094699421815667,1.117133802635057,5.406018116216847,1.1005203098357546,-1.31131869440118,-0.8362136525921039,valid,egm_isolation,0.6666666666666667,0.75,0.6666666666666667,100.0,2.0,3
3303.823598170509,432.1156445910265,3052.8229306343756,431.2257197076209,251.00066725597486,27.71838673088207,2.801585693074577e-07,2.7387992781386568e-08,12208.748618983385,1423.037371857942,11467.990551027251,1422.2404555142805,740.7580667798283,47.617732021695815,1.1763067475631953e-06,8.305538690927778e-08,805.0399169405641,192.62723988291046,749.9422093470841,192.18897043773484,55.0977074464335,12.986654187735223,1.4704643247097235e-07,2.397754528193781e-08,2250.8245537151947,375.10132880544995,2039.6166747071497,374.23856427170307,211.20787854466178,25.426440637034638,4.63383166506759e-07,3.174718323163488e-08,4366.635310580609,1371.2326363084665,-0.32169142232612913,0.4496051539287169,-0.739240567277961,4.1039251950713265,1.1191006558967393,5.424122728193858,1.1030909661047956,-1.3201975331225313,-0.8401583311167208,valid,egm_isolation,0.6742424242424243,0.75,0.6742424242424243,100.0,2.0,3
3344.558958118169,433.4152692926588,3093.558290580768,432.5280183907919,251.00066725597486,27.71838673088207,2.8142630394399565e-07,2.7417317514701557e-08,12226.705024580819,1423.0786616234789,11482.885972873857,1422.2784745413546,743.8190505268524,47.71601433889445,1.180109951472809e-06,8.308440736970966e-08,805.0690785772854,192.62724209028534,749.9713709838055,192.18897265014343,55.0977074464335,12.986654187735223,1.4704643247097235e-07,2.397754528193781e-08,2258.214060147249,375.1733894204733,2047.0061811366681,374.31079098227644,211.20787854466178,25.426440637034638,4.6591863577983497e-07,3.179776635803771e-08,4358.905704242095,1367.3186378757182,-0.30328266262486614,0.44233094166321696,-0.7071737266517412,4.15437513017971,1.1304348144231287,5.414325081203137,1.0983001174245184,-1.2599499510234278,-0.7994010861233819,valid,egm_isolation,0.6818181818181819,0.75,0.6818181818181819,100.0,2.0,3
3359.9281451527054,433.5404954700471,3108.9274776153043,432.65350137200005,251.00066725597486,27.71838673088207,2.8142630394399565e-07,2.7417317514701557e-08,12226.836774903404,1423.0786649272081,11483.017723195175,1422.2784778469425,743.8190505268524,47.71601433889445,1.181377686109347e-06,8.309407860422151e-08,805.0741270990382,192.62724212339495,749.9764195042904,192.18897268332856,55.0977074464335,12.986654187735223,1.483141671075103e-07,2.4011035564007982e-08,2258.3355594423265,375.17340191688737,2047.1276804317458,374.31080350748846,211.20787854466178,25.426440637034638,4.6591863577983497e-07,3.179776635803771e-08,4358.74549403479,1367.240745097664,-0.297273425422224,0.44000916671937307,-0.6963647466276919,4.173439478498326,1.1345145911302856,5.4140921280638645,1.0982093582234647,-1.2406526495655381,-0.78572897235127,valid,egm_isolation,0.6893939393939394,0.75,0.6893939393939394,100.0,2.0,3
3368.129004515248,433.60336649064766,3117.1283369765792,432.7165012673542,251.00066725597486,27.71838673088207,2.826940385805336e-07,2.7446610916662168e-08,12234.226589308535,1423.0976606790525,11490.407537595234,1422.2974842858305,743.8190505268524,47.71601433889445,1.1864486246554989e-06,8.313275229125556e-08,805.0767283519158,192.6272421409587,749.9790207571682,192.18897270093237,55.0977074464335,12.986654187735223,1.483141671075103e-07,2.4011035564007982e-08,2259.6648307749183,375.1745661287957,2048.4569517643376,374.31197040231217,211.20787854466178,25.426440637034638,4.6591863577983497e-07,3.179776635803771e-08,4358.828345821002,1366.9286155187178,-0.29413936935837115,0.4387079461710698,-0.6908391058653061,4.183612425874232,1.1366908759167251,5.414177546460724,1.0975820483990562,-1.2305651205864923,-0.7787837023729923,valid,egm_isolation,0.696969696969697,0.75,0.696969696969697,100.0,2.0,3
3411.925348209933,434.90931745506674,3157.863696922972,434.0143267505921,254.06165100299896,27.886889114103152,2.8396177321707155e-07,2.7475873087480166e-08,12275.086049825693,1423.4928263146646,11531.266998089584,1422.6928721775907,743.8190505268524,47.71601433889445,1.2092570627457514e-06,8.558774486104205e-08,805.8325550353998,192.6283980115308,750.7348474406521,192.1901312073461,55.0977074464335,12.986654187735223,1.483141671075103e-07,2.4011035564007982e-08,2259.6799763389085,375.17456617979445,2048.4720973257927,374.3119704534285,211.20787854466178,25.426440637034638,4.6845410505291087e-07,3.1848269145712e-08,4377.46232138443,1371.4490977198047,-0.2829888917942083,0.43395271137061964,-0.6710915493054358,4.2340376135089866,1.147020718696672,5.432223225570888,1.1001299938078755,-1.1981856120619012,-0.7538976114854851,valid,egm_isolation,0.7045454545454546,0.75,0.7045454545454546,100.0,2.0,3
3413.3710703171178,434.9103325251774,3159.3094190301567,434.01534391389674,254.06165100299896,27.886889114103152,2.8396177321707155e-07,2.7475873087480166e-08,12282.779437585934,1423.5118258205173,11538.960385848557,1422.7118823663745,743.8190505268524,47.71601433889445,1.2105247973822894e-06,8.561590695498626e-08,813.3069033351821,192.76870463231035,758.2091957404346,192.33075754706292,55.0977074464335,12.986654187735223,1.483141671075103e-07,2.4011035564007982e-08,2260.3511151373987,375.1751483069383,2049.143236124283,374.3125539220726,211.20787854466178,25.426440637034638,4.6845410505291087e-07,3.1848269145712e-08,4419.521038935949,1377.5798267483788,-0.29476723974383345,0.4359988688236774,-0.6964896860023618,4.196904091579302,1.129364838997193,5.4340139261237335,1.1000529873217617,-1.2371098345444311,-0.7846830187801225,valid,egm_isolation,0.7121212121212122,0.75,0.7121212121212122,100.0,2.0,3
3428.7772227520795,435.03512934503,3174.7155714600476,434.14039800482135,254.06165100299896,27.886889114103152,2.890327117632234e-07,2.7592611444987024e-08,12335.345190759586,1423.929457414968,11588.465155270114,1423.1264568014312,746.8800342738764,47.81409463630077,1.2155957359284414e-06,8.5653442009995e-08,814.7526254423667,192.77099474129207,759.654917847619,192.3330528706791,55.0977074464335,12.986654187735223,1.483141671075103e-07,2.4011035564007982e-08,2263.4147001360325,375.18763510462225,2049.14583737716,374.31255393111115,214.26886229168585,25.61002743005544,4.671863704163729e-07,3.192387352599532e-08,4440.306444641019,1381.371042561243,-0.29501164881078035,0.43509304294757256,-0.6984470751479539,4.208365969843225,1.1298329933021818,5.449882953405854,1.1008518581758016,-1.2415169835626294,-0.7870327324976889,valid,egm_isolation,0.7196969696969697,0.75,0.7196969696969697,100.0,2.0,3
3432.0228818158166,435.04591762046545,3174.9002467767605,434.14041764418914,257.12263475002305,28.05437944353484,2.890327117632234e-07,2.7592611444987024e-08,12477.118796560208,1428.7015061385546,11727.17777731864,1427.8979082466597,749.9410180209005,47.91197415457509,1.220666674474593e-06,8.570971377161194e-08,814.755072709974,192.77099475682635,759.6573651152263,192.33305288624874,55.0977074464335,12.986654187735223,1.483141671075103e-07,2.4011035564007982e-08,2271.43608668635,375.26025997440075,2057.1672239274776,374.3853485529137,214.26886229168585,25.61002743005544,4.671863704163729e-07,3.192387352599532e-08,4475.49279149325,1389.4577671566167,-0.3040393218839361,0.4372970829426906,-0.7166821063024916,4.212336930165397,1.1306639304455761,5.493052993959545,1.1041633224951541,-1.2807160637941486,-0.8103886772269026,valid,egm_isolation,0.7272727272727273,0.75,0.7272727272727273,100.0,2.0,3
3464.92657904909,436.27437660092835,3207.803944010034,435.3714316219736,257.12263475002305,28.05437944353484,2.890327117632234e-07,2.7592611444987024e-08,12488.346625286127,1428.7238622834861,11735.344622295,1427.91699610634,753.0020017679246,48.00965412173074,1.223202143747669e-06,8.57284628173689e-08,814.755072709974,192.77099475682635,759.6573651152263,192.33305288624874,55.0977074464335,12.986654187735223,1.483141671075103e-07,2.4011035564007982e-08,2283.1790367866674,375.345934158481,2065.8491902795035,374.458712227176,217.32984603870995,25.792307505683503,4.6845410505291087e-07,3.194903522819466e-08,4456.480897368659,1381.4662340355997,-0.2861689261512981,0.4303340659685303,-0.6844356275360258,4.252721701411843,1.1398028327078067,5.46971850392519,1.0955084483200064,-1.2169968025133473,-0.7698057946898577,valid,egm_isolation,0.7348484848484849,0.75,0.7348484848484849,100.0,2.0,3
3472.3743669650285,436.3363434324768,3215.2517319259723,435.4335269522347,257.12263475002305,28.05437944353484,2.890327117632234e-07,2.7592611444987024e-08,12511.94323207212,1428.7809346704873,11758.941229074655,1427.9741007416708,753.0020017679246,48.00965412173074,1.2295408169303588e-06,8.57753175020203e-08,815.4184077498312,192.77212764861264,760.3207001550835,192.3341883576115,55.0977074464335,12.986654187735223,1.483141671075103e-07,2.4011035564007982e-08,2295.0121852533466,375.4316001409038,2074.6213549928198,374.5320729075044,220.390829785734,25.973308375470445,4.747927782356006e-07,3.2074547659410774e-08,4445.496583289938,1375.1582412628954,-0.2802469185301155,0.42745657095816253,-0.6745038588337762,4.25839585415681,1.1401008484016297,5.451798170165675,1.0876367014831025,-1.1934023160088643,-0.757386304477216,valid,egm_isolation,0.7424242424242424,0.75,0.7424242424242424,100.0,2.0,3
3480.3907049948602,436.3987921247312,3223.2680699558045,435.49610510538724,257.12263475002305,28.05437944353484,2.890327117632234e-07,2.7592611444987024e-08,12562.526321925225,1429.1965681469962,11806.463335179467,1428.3866892031597,756.0629855149487,48.107135753313806,1.2308085515668966e-06,8.578468536796687e-08,815.4843807966365,192.77213211067948,760.3866732018889,192.33419282983837,55.0977074464335,12.986654187735223,1.483141671075103e-07,2.4011035564007982e-08,2301.7976417737896,375.4571379089398,2075.284844017947,374.53265600719817,226.5127972797822,26.331577829032092,4.760605128721386e-07,3.2099591253853863e-08,4450.670994250427,1374.8855033411426,-0.2787848754632849,0.42633908124312525,-0.6726464188589225,4.267881503254434,1.1420249873322394,5.457702316631278,1.0853731875893053,-1.1898208133768442,-0.7551935545851118,valid,egm_isolation,0.75,0.75,0.75,100.0,2.0,3
0.005202508290852418,0.0036787270987939007,0.005202505755383145,0.003678727098793464,0.0,0.0,2.535469273075912e-09,1.7928475164821038e-09,3.2456590688078615,3.0637679392942103,0.18467531671283938,0.1305851687654221,3.0609837470240837,3.0609837470240837,5.070938546151824e-09,2.5354692730759125e-09,0.0,0.0,0.0,0.0,0.0,0.0,0.0,0.0,0.2138369547019533,0.13380167173007768,0.21383695343421866,0.13380167173007768,0.0,0.0,1.267734636537956e-09,1.2677346365379562e-09,0.0,0.0,1.0,0.0,1.4142142515975433,,,15.178195337338547,17.189473247308143,,,invalid:C,isolation,0.0,0.0,0.75,150.0,2.0,3
9.886006944857453,5.34289447582347,0.7030556733595703,0.6615564081377743,9.182951241072251,5.301779370988272,3.042563127691095e-08,6.464203649764495e-09,13.403476542551934,6.161068134832727,1.1595414593862858,0.6930184441043545,12.243934988096335,6.121967494048167,9.506931237291614e-08,2.2490335259266885e-08,6.951109037301244,4.380215399713611,0.8291415331111989,0.668613452449971,6.121967494048167,4.3288847292450745,1.0141877092303648e-08,3.5856950329642076e-09,7.811163818668627,7.354883363287626,7.8111637920462,7.354883363287626,0.0,0.0,2.662242736729708e-08,6.079841733104123e-09,11.927675451321946,14.583786041809866,-0.2065210471581287,1.6128818531708689,-0.1314518091756688,1.4222200934853524,1.1806746131913095,1.715938476481279,1.7979510590318228,-0.2937183829959267,-0.13655235273395927,valid,isolation,0.007575757575757576,0.007575757575757576,0.75,150.0,2.0,3
14.495651279258043,6.229097995098885,2.2517162227040375,1.1502938034965509,12.243934988096335,6.121967494048167,6.845767037304963e-08,9.486857334542842e-09,222.05874632537288,125.42230049417638,191.44890862443668,125.0482196844722,30.609837470240837,9.679680521352758,2.306953477476163e-07,3.809924336213084e-08,7.3015908574101225,4.383332607315908,1.1796233430782006,0.6887392447564433,6.121967494048167,4.3288847292450745,2.0283754184607296e-08,5.070938546151825e-09,21.399041675353594,9.211240094368451,12.216090374697815,7.532468358875735,9.182951241072251,5.301779370988272,5.958352791728394e-08,9.053436173220597e-09,75.76891229875625,70.45677786571119,-4.227009869309885,5.354450697277551,-0.8662784554598549,1.9852730127362486,1.465679890897996,10.37704163084694,7.369197946164135,-8.39176861811069,-1.1168860062033659,valid,isolation,0.015151515151515152,0.015151515151515152,0.75,150.0,2.0,3
14.819880705080031,6.231222797434819,2.575945619368129,1.1617450465093517,12.243934988096335,6.121967494048167,9.761556701342262e-08,1.1409611728841604e-08,263.5958645873526,126.155367991326,208.49815677207303,125.48515324943848,55.0977074464335,12.986654187735223,3.6884606702796177e-07,5.2750055510709086e-08,15.430614619147699,8.586230295622233,9.308647098477104,7.41512695038796,6.121967494048167,4.3288847292450745,2.662242736729708e-08,5.8094899330525135e-09,160.52549754430012,116.70255361788564,139.09861122639012,116.42121228727459,21.426886229168588,8.098601761836372,8.874142455765693e-08,1.1051854335790434e-08,25.338318609017172,26.175999408845126,-0.7097518605754753,1.9069692767378996,-0.39091167416151656,0.9604206359149289,0.6698316871409389,1.6420809691906308,1.4292574893212566,-0.681660333275702,-0.4318588335261997,valid,isolation,0.022727272727272728,0.022727272727272728,0.75,150.0,2.0,3
141.42427434854625,116.37514176655417,126.11935549679424,116.17368683866347,15.304918735120419,6.844567736367871,1.1663158656149196e-07,1.2421211955082735e-08,328.6128733238599,131.05839198896126,264.33221419651494,130.30556419141038,64.28065868750576,14.02718972176742,4.3983920667408733e-07,5.359635079432982e-08,15.691052079706838,8.587324813729936,9.5690845324246,7.4163943029892,6.121967494048167,4.3288847292450745,5.323406936716358e-08,2.1278608824071382e-08,161.03083299995978,116.70271119820084,139.60394666303375,116.42137024839492,21.426886229168588,8.098601761836372,1.0775744410572627e-07,1.2225590092386388e-08,32.02046225140051,31.759926920016717,0.7735858119202034,0.29179544198921437,0.9069286109744175,9.013052383622485,8.90716223729477,2.0406829375585605,1.6880814019172707,6.972369446063924,0.7690922051553555,valid,isolation,0.030303030303030304,0.030303030303030304,0.75,150.0,2.0,3
151.96220766090786,116.64740466286352,133.59630504945443,116.40618233403482,18.365902482144502,7.497848291161511,1.2930893292687152e-07,1.305212693471338e-08,340.55466270842885,131.17227851429016,267.0910522639583,130.31230078024643,73.46360992857801,14.995696582323022,5.158924994989341e-07,5.791611806667391e-08,15.820355142291856,8.587871936647547,9.698387586135476,7.417027801024295,6.121967494048167,4.3288847292450745,6.210821182292928e-08,2.15413381953999e-08,283.8246223681059,164.5587835716325,256.2757685117771,164.30236351641284,27.54885372321675,9.182951241072251,1.331121368364854e-07,1.3476204038252636e-08,18.982481732762416,16.756129860842115,0.8750841934652569,0.146125258262552,1.1284314904654233,9.605486494716798,9.030658719962043,1.1998770926461306,0.8351995323467943,8.405609402070667,0.9268304935432118,valid,isolation,0.03787878787878788,0.03787878787878788,0.75,150.0,2.0,3
153.43984665183604,116.65119288054944,135.07394403150846,116.40997840158667,18.365902482144502,7.497848291161511,1.381830753826372e-07,1.3476204038252636e-08,363.5017904477598,131.65999545888116,283.9162124319201,130.73157325315267,79.58557742262617,15.608015856866164,5.932135269603189e-07,6.194829938316018e-08,15.922789850492407,8.588369819394119,9.800822285461885,7.417604273320906,6.121967494048167,4.3288847292450745,7.098235427869497e-08,2.1800901564140433e-08,284.61470100596034,164.56012109963794,257.0658471394896,164.30370313182718,27.54885372321675,9.182951241072251,1.4325401392878903e-07,1.3945081001917517e-08,20.336133724365126,17.68674518766017,0.8674651065670771,0.15309810081912098,1.128146585881004,9.636492605414306,8.98259701451652,1.277171520525735,0.8713705430931046,8.35932108488857,0.9262649526496359,valid,isolation,0.045454545454545456,0.045454545454545456,0.75,150.0,2.0,3
169.53574053156723,117.11748310579222,151.16983789983004,116.87723097352303,18.365902482144502,7.497848291161511,1.495926871114788e-07,1.40025867345544e-08,384.46349960304633,132.14095440985838,298.75595404498455,131.14450972252322,85.70754491667435,16.197203523672744,6.413874431487612e-07,6.243927881226215e-08,15.98860891456293,8.58846992784782,9.86664134699694,7.417720182269963,6.121967494048167,4.3288847292450745,7.351782355177088e-08,2.1874496822251636e-08,295.24516775023886,164.7527827190866,264.6353301227989,164.46818293726938,30.609837470240837,9.679680521352758,1.5719909493070657e-07,1.4565162077556814e-08,20.82010887398293,17.64263899049093,0.877193394096708,0.1342632397965842,1.2556318968848272,10.60353289254256,9.278941429406148,1.3021838851170673,0.8534201737652702,9.301349007425493,0.9982017853923515,valid,isolation,0.05303030303030303,0.05303030303030303,0.75,150.0,2.0,3
175.74764021099327,117.19746861270896,151.2597700776015,116.87724191317375,24.48786997619267,8.657769458490149,1.5719909493070657e-07,1.434278013185683e-08,412.803482496701,132.69406304618238,314.85200189857653,131.5594408612273,97.95147990477068,17.315538916980298,6.933537778793868e-07,6.595328332217114e-08,15.996104702655229,8.588471019122109,9.874137135089239,7.41772144578166,6.121967494048167,4.3288847292450745,7.351782355177088e-08,2.1874496822251636e-08,295.27102630642275,164.75278292208097,264.66118866630546,164.468183140615,30.609837470240837,9.679680521352758,1.6987644129608613e-07,1.531809589560633e-08,22.36334465402405,18.74966290682512,0.8727530871699,0.13631596929817752,1.2923340156849783,10.986902341406939,9.406242573138673,1.398049404509831,0.9002609385689404,9.588852936897108,1.0147765639689912,valid,isolation,0.06060606060606061,0.06060606060606061,0.75,150.0,2.0,3
191.21421342563923,117.65976689001083,166.7263432909797,117.34080182364241,24.48786997619267,8.657769458490149,1.5846682956724452e-07,1.4398697615390951e-08,434.70849065453535,133.17300101163724,330.6350425370081,131.97151612170325,104.07344739881884,17.848448979800747,7.187084706101459e-07,6.619651503778834e-08,16.756825922621417,8.614357322616373,10.634858353787692,7.447678100094225,6.121967494048167,4.3288847292450745,7.478555818830883e-08,2.1911201754704713e-08,313.042756603625,165.10898791948756,279.37193519619984,164.79657780215732,33.67082121726492,10.152134578255039,1.9016019548069342e-07,1.6135627648338933e-08,23.26945553385533,18.56188600479296,0.8783068731294679,0.12259910253365476,1.409938878915689,11.41112370019333,9.1496242699009,1.3886553241829633,0.8470065081109512,10.022468376010368,1.090733044006308,valid,isolation,0.06818181818181818,0.06818181818181818,0.75,150.0,2.0,3
200.57888738634995,117.89485273514387,176.091017249155,117.57652541832019,24.48786997619267,8.657769458490149,1.6100229884032042e-07,1.4509886120739237e-08,1065.0197596544836,597.4830244294177,954.8243440124934,597.2006849521696,110.195414892867,18.365902482144502,7.491233165196264e-07,6.932408727621145e-08,17.42031495028431,8.63967195533141,11.298347378915116,7.476943793867176,6.121967494048167,4.3288847292450745,7.732102746138475e-08,2.1984427774057046e-08,316.2426784971251,165.13738805437086,279.5108733350695,164.7966063832181,36.731804964289005,10.603558741976544,1.9776660329992115e-07,1.6431718907585656e-08,58.666906470771835,53.55669615740058,0.707512055554635,0.317568838574222,1.0959347493232288,11.514079278060146,8.8549729683374,3.3677293802207835,2.581109531993758,8.146349897839363,0.8832182233428114,valid,isolation,0.07575757575757576,0.07575757575757576,0.75,150.0,2.0,3
204.40074634494925,117.93647120951863,176.8518924531238,117.57841914168478,27.54885372321675,9.182951241072251,1.6860870665954815e-07,1.483845348710199e-08,1065.0806841922138,597.483025858386,954.8852685388139,597.2006863818135,110.195414892867,18.365902482144502,7.60532928248468e-07,6.945147758597538e-08,23.544883698477904,9.66349736179132,11.300948631792808,7.476944246359298,12.243934988096335,6.121967494048167,7.85887620979227e-08,2.20209494722959e-08,323.9800237093878,165.3011054565134,287.2482185346549,164.96066199900756,36.731804964289005,10.603558741976544,2.104439496653007e-07,1.691368964314671e-08,77.40354035314029,66.74091154112851,0.6213147860893173,0.3928814833394946,0.9371693704643697,8.68132325317721,6.146997191226361,3.287488753157195,2.4928982157619632,5.393834500020015,0.8131500745427622,valid,isolation,0.08333333333333334,0.08333333333333334,0.75,150.0,2.0,3
205.75688603446096,117.94017827094686,178.20803214010004,117.58213749157146,27.54885372321675,9.182951241072251,1.7114417593262408e-07,1.494637093431865e-08,1343.9620054492711,620.465072568257,1221.5226547963653,620.1629797215815,122.43934988096335,19.359361042705515,7.719425399773096e-07,6.955553248199127e-08,23.57649260407432,9.663541672260891,11.33255753612149,7.477001514868138,12.243934988096335,6.121967494048167,7.985649673446066e-08,2.205741069958319e-08,332.21769449088833,165.4659317040142,295.4858893060135,165.12582807266384,36.731804964289005,10.603558741976544,2.2058582675760436e-07,1.7289595316666968e-08,95.37694953361576,75.65552812727604,0.5364580434132267,0.4536483231655868,0.787752295504112,8.727205080492062,6.149813225432166,4.045425718545319,2.7473368218689225,4.681779361946743,0.6950816564842464,valid,isolation,0.09090909090909091,0.09090909090909091,0.75,150.0,2.0,3
214.6187871545234,118.17292686405185,187.06993325889474,117.81559340817597,27.54885372321675,9.182951241072251,1.7241191056916203e-07,1.5000038507114686e-08,1343.967207971507,620.4650725791626,1221.5278573021205,620.1629797324923,122.43934988096335,19.359361042705515,7.88423090252303e-07,6.970555977299199e-08,24.27954827743389,9.686159947712559,12.03561320948106,7.506211330257667,12.243934988096335,6.121967494048167,7.985649673446066e-08,2.205741069958319e-08,332.9306932313571,165.46725427193294,296.1988880350727,165.12715336460556,36.731804964289005,10.603558741976544,2.3199543848644597e-07,1.7702950776416188e-08,98.01113977363649,77.1306570386825,0.5433245100622555,0.43861843665798056,0.8263195197760179,8.839488474091434,6.010433746408557,4.036777729704752,2.7383143214719623,4.802710744386682,0.7271521385584447,valid,isolation,0.09848484848484848,0.09848484848484848,0.75,150.0,2.0,3
223.4492751438176,118.40518915138749,195.90042124565346,118.0485587564708,27.54885372321675,9.182951241072251,1.7494737984223793e-07,1.5106801694345478e-08,1354.412803621709,620.5161892793923,1228.9124691964244,620.2065677468574,125.50033362798743,19.59985922095793,7.972972327080687e-07,6.978621010648812e-08,38.99044879386639,14.210928366495892,26.746513724645826,12.824663700834233,12.243934988096335,6.121967494048167,8.112423137099863e-08,2.2093811755303e-08,332.96490339616986,165.46725688017312,296.23309819227904,165.12715597821776,36.731804964289005,10.603558741976544,2.396018463056737e-07,1.8062438236894784e-08,158.6027912453452,121.79374611948671,0.29020673196069025,0.6622365276154617,0.38175711609139784,5.730872099604263,3.685762252710071,4.067734436293411,2.749428398169035,1.6631376633108523,0.3616867262766592,valid,isolation,0.10606060606060606,0.10606060606060606,0.75,150.0,2.0,3
224.112764168945,118.40703356384651,196.56391027078087,118.05040874090172,27.54885372321675,9.182951241072251,1.7494737984223793e-07,1.5106801694345478e-08,1366.1876706057706,620.5680056118036,1237.6263524233198,620.2508569006823,128.56131737501153,19.83744194650397,8.074391098003723e-07,6.987826793715144e-08,38.995651300889506,14.210928842644687,26.751716230401207,12.824664228451685,12.243934988096335,6.121967494048167,8.239196600753658e-08,2.213015293637717e-08,333.62579117349054,165.468576690853,296.8939859645288,165.12847850719803,36.731804964289005,10.603558741976544,2.4467278485182553e-07,1.832742703473968e-08,159.68602974945995,122.1487685226108,0.28747463206030355,0.6624030018910985,0.37871521150548615,5.747121965977599,3.6886686631307297,4.094970193402499,2.7540455676559894,1.6521517725750998,0.3589002569167978,valid,isolation,0.11363636363636365,0.11363636363636365,0.75,150.0,2.0,3
257.28559835526977,119.35782514333947,226.67576071008153,118.9646763033151,30.609837470240837,9.679680521352758,1.7494737984223793e-07,1.5106801694345478e-08,1414.934012101111,621.5175106932311,1286.3726939085186,621.2008467438931,128.56131737501153,19.83744194650397,8.175809868926759e-07,6.997020465002052e-08,154.9305152883399,116.80258210610451,142.68658021911935,116.64203659339587,12.243934988096335,6.121967494048167,8.112423137099863e-08,2.2166434537293566e-08,333.65755406816055,165.46857928097492,296.92574885412785,165.12848110265455,36.731804964289005,10.603558741976544,2.4974372339797734e-07,1.850197789827939e-08,657.0103176775104,659.3893527739441,-1.5536225963580188,2.8234213113782776,-0.5965106434716946,1.6606515370870463,1.470013308567549,4.240677289782158,2.809381853285745,-2.5800257526951116,-0.813699378931215,valid,isolation,0.12121212121212122,0.12121212121212122,0.75,150.0,2.0,3
280.0076343983144,120.03716244488615,249.397796749323,119.64624587852528,30.609837470240837,9.679680521352758,1.787505837518518e-07,1.526554652668267e-08,1426.7963222057792,621.5692504007646,1295.174020258556,621.2450718672044,131.6223011220356,20.072212744998016,8.251873947119037e-07,7.003907798806193e-08,162.31252592976597,117.03379181048663,150.0685908605454,116.87356390365677,12.243934988096335,6.121967494048167,8.112423137099863e-08,2.2166434537293566e-08,341.7662297563491,165.63321050866412,305.0344245423164,165.2934510663169,36.731804964289005,10.603558741976544,2.4974372339797734e-07,1.850197789827939e-08,677.6179004275011,658.5648735202466,-1.419997947140188,2.570594357688681,-0.5939666578496189,1.7251141450381724,1.4471184823272538,4.174772689574878,2.720519996982923,-2.449658544536706,-0.7949674668785941,valid,isolation,0.12878787878787878,0.12878787878787878,0.75,150.0,2.0,3
288.72167161301587,120.26578556801063,258.11183396148897,119.87561454814427,30.609837470240837,9.679680521352758,1.812860530249277e-07,1.537046560699023e-08,1459.483696555956,621.7230235421805,1318.678443365125,621.3763074123857,140.80525236310785,20.760601845300574,8.277228639849796e-07,7.006202072189451e-08,162.34168756648737,117.0337954436298,150.0977524972668,116.87356754178082,12.243934988096335,6.121967494048167,8.112423137099863e-08,2.2166434537293566e-08,341.8611686701187,165.63323626741436,305.1293634535505,165.29347687801405,36.731804964289005,10.603558741976544,2.522791926710533e-07,1.8588638690495196e-08,693.0738790731193,670.5009722768426,-1.4004913631910227,2.528428094789109,-0.5935868288895335,1.7784813989614918,1.480762833279027,4.269229237802948,2.754266896202028,-2.4907478388414566,-0.7965085256570781,valid,isolation,0.13636363636363635,0.13636363636363635,0.75,150.0,2.0,3
322.55279232124803,121.20379849546727,288.8819709201616,120.7778743530239,33.67082121726492,10.152134578255039,1.8382152229800364e-07,1.5474673346892513e-08,1652.6213743183507,634.1809264490805,1508.7551373728895,633.833633741012,143.86623611013192,20.985047307038485,8.353292718042073e-07,7.013080389021108e-08,163.0050226063444,117.0356614651193,150.76108753712384,116.87543612145295,12.243934988096335,6.121967494048167,8.112423137099863e-08,2.2166434537293566e-08,343.9098050349411,165.63719689334246,307.17799981710516,165.29744564478108,36.731804964289005,10.603558741976544,2.5354692730759124e-07,1.8631817932624103e-08,783.3030071739922,740.9286036846399,-1.4284490037644995,2.4716923936874027,-0.6136981267389238,1.9787905131009982,1.6035598912121747,4.805391850198761,2.95922206983753,-2.826601337097763,-0.8398085278635306,valid,isolation,0.14393939393939395,0.14393939393939395,0.75,150.0,2.0,3
453.89610202219444,168.04707641048307,420.225280621108,167.740138469049,33.67082121726492,10.152134578255039,1.8382152229800364e-07,1.5474673346892513e-08,1769.8858176178078,644.6915648009451,1626.0195806647403,644.3499371576073,143.86623611013192,20.985047307038485,8.429356796234351e-07,7.019951966316659e-08,163.22650933567675,117.03573803325,150.98257426392072,116.87551279455136,12.243934988096335,6.121967494048167,8.365970064407453e-08,2.2238820164601296e-08,344.00734520032063,165.6372226718985,307.275539981217,165.2974714763222,36.731804964289005,10.603558741976544,2.548146619441292e-07,1.867489733795426e-08,839.785219598287,787.173874167931,-0.8501705915888731,1.8646376680250625,-0.4794180677235135,2.7807744211986614,2.243968764703348,5.1449070559443335,3.106255352364243,-2.364132634745672,-0.6169449653419474,valid,isolation,0.15151515151515152,0.15151515151515152,0.75,150.0,2.0,3
453.90390578209525,168.04707647088145,420.23308437974106,167.74013852955792,33.67082121726492,10.152134578255039,1.850892569345416e-07,1.552651494385342e-08,1821.132550481309,645.6125166312705,1674.2053297799496,645.2641163112855,146.92721985715602,21.207117483953088,8.44203414259973e-07,7.021096575356297e-08,163.23431309430984,117.03573811997371,150.9903780225538,116.87551288139396,12.243934988096335,6.121967494048167,8.365970064407453e-08,2.2238820164601296e-08,347.2821659058499,165.66555785330576,307.4893769346512,165.29752562985598,39.79278871131309,11.036533853257225,2.59885600490281e-07,1.884623026013009e-08,855.9936274185093,797.1781050952555,-0.8858476794633365,1.8899618826085902,-0.4935445353783646,2.780689287551012,2.2438072530542637,5.2439564402366345,3.1166942606055987,-2.4632671526856225,-0.6414137491972758,valid,isolation,0.1590909090909091,0.1590909090909091,0.75,150.0,2.0,3
461.3619447255421,168.207885838312,427.6911233219202,167.90124187062943,33.67082121726492,10.152134578255039,1.8635699157107954e-07,1.5578184021585494e-08,1834.8606165977253,645.6689120919673,1681.81142840105,645.3060227264638,153.04918735120418,21.64442364622537,8.45471148896511e-07,7.02224099782731e-08,163.45075130062173,117.0358146335597,151.2068162288657,116.87558949987275,12.243934988096335,6.121967494048167,8.365970064407453e-08,2.2238820164601296e-08,464.03117985149464,202.20389895694112,424.2383908802959,201.90248060361904,39.79278871131309,11.036533853257225,2.59885600490281e-07,1.884623026013009e-08,646.3129189094602,587.5440825330091,-0.4008804286923642,1.3721015214858339,-0.3026287550141561,2.8226358157081606,2.2680124553370224,3.9541752715516694,2.21472260735604,-1.1315394558435088,-0.3569529231108395,valid,isolation,0.16666666666666669,0.16666666666666669,0.75,150.0,2.0,3
501.4654245511359,171.51770255830834,467.794603147514,171.21698646566972,33.67082121726492,10.152134578255039,1.8635699157107954e-07,1.5578184021585494e-08,1845.3327726241646,645.7180342477762,1689.2226006791975,645.3479131881775,156.11017109822828,21.859796350305405,8.467388835330489e-07,7.0233852338209e-08,164.2090252529806,117.037717076963,151.96509017995686,116.87749455129955,12.243934988096335,6.121967494048167,8.492743528061248e-08,2.2274924768047034e-08,579.9660438414804,233.08219460411692,540.173254869014,232.82075586591787,39.79278871131309,11.036533853257225,2.6115333512681894e-07,1.8888820665317388e-08,522.4793745732076,464.9631019656029,-0.041905082570510954,0.9933340842896895,-0.04240192261480725,3.0538237699089787,2.4142199590637903,3.1817945071428033,1.6955077302977575,-0.12797073723382457,-0.04337815521430569,valid,isolation,0.17424242424242425,0.17424242424242425,0.75,150.0,2.0,3
512.672049381703,171.70382196452016,475.940244231057,171.37609815615798,36.731804964289005,10.603558741976544,1.8635699157107954e-07,1.5578184021585494e-08,1929.5296773583575,647.4380359894532,1764.2365541710503,647.0471782527956,165.2931223393005,22.493544873484534,8.48006618169587e-07,7.024529283428197e-08,172.34930984549786,117.27036185294466,160.1053747724741,117.11045761639905,12.243934988096335,6.121967494048167,8.492743528061248e-08,2.2274924768047034e-08,583.7802530203784,233.1032482868088,540.9264802996202,232.82171217665243,42.853772458337176,11.453152447847641,2.624210697633569e-07,1.893131525370594e-08,569.6546029067387,488.3782346292863,-0.11114815717720172,1.022723886332622,-0.11007232861437297,2.9746103993180286,2.2558961635201857,3.3052328635223676,1.7238890836724898,-0.33062246420433894,-0.11645057580939906,valid,isolation,0.18181818181818182,0.18181818181818182,0.75,150.0,2.0,3
539.3006322569312,172.20527247656787,499.5078433592611,171.85124610905473,39.79278871131309,11.036533853257225,1.8635699157107954e-07,1.5578184021585494e-08,1998.0287049397698,649.0963783930697,1829.6745980041708,648.6992980268471,168.3541060863246,22.700863033704422,8.492743528061248e-07,7.025673146740249e-08,179.7682858860816,117.5006548011892,167.52435080925463,117.34106439226655,12.243934988096335,6.121967494048167,8.873063919022636e-08,2.2382889151049943e-08,586.846285290423,233.12334502601152,540.9315288201052,232.821712204046,45.91475620536126,11.855139075235854,2.6495653903643285e-07,1.9016019548069342e-08,612.0549868701223,508.6202781243413,-0.13490500522634252,1.0103384957985027,-0.13548761084525657,2.9999764952906305,2.1823320288556736,3.4046883400667176,1.7471897905142535,-0.4047118447760871,-0.14476867836756224,valid,isolation,0.1893939393939394,0.1893939393939394,0.75,150.0,2.0,3
581.2102551879265,175.36570058183938,532.2345150491842,174.93774606003876,48.97573995238534,12.243934988096335,1.8635699157107954e-07,1.5578184021585494e-08,2228.898578425804,661.8818182335303,2060.5444714889372,661.4924127498736,168.3541060863246,22.700863033704422,8.505420874426629e-07,7.026816823848037e-08,179.77348839183696,117.50065485877626,167.52955331501,117.34106444993192,12.243934988096335,6.121967494048167,8.873063919022636e-08,2.2382889151049943e-08,586.9754343601312,233.12336517878936,541.0606778885457,232.82173238293282,45.91475620536126,11.855139075235854,2.662242736729708e-07,1.905823052020395e-08,682.646750203469,560.06848869632,-0.17452633381829163,1.0267231248559623,-0.17283983730559396,3.2330142802876027,2.3274022369445655,3.79726040980838,1.8830675563863868,-0.5642461295207775,-0.1884725377507727,valid,isolation,0.19696969696969696,0.19696969696969696,0.75,150.0,2.0,3
583.3486279569597,175.36946569543616,534.3728878182175,174.9415203841273,48.97573995238534,12.243934988096335,1.8635699157107954e-07,1.5578184021585494e-08,2305.4483081795256,663.5451313490869,2134.033217494367,663.1496381157893,171.4150898333487,22.906304895695282,8.518098220792007e-07,7.027960314842464e-08,179.89988222212938,117.50069481013168,167.6559471453024,117.3411044556234,12.243934988096335,6.121967494048167,8.873063919022636e-08,2.2382889151049943e-08,588.2998111575083,233.12523875450444,542.3850546859228,232.82360838594423,45.91475620536126,11.855139075235854,2.662242736729708e-07,1.905823052020395e-08,704.9974710932912,575.5413291590899,-0.20853540628419354,1.0513852068178544,-0.20218658439010287,3.24262929331258,2.3314797194516483,3.9188323104225455,1.91929819151398,-0.6762030171099656,-0.22391929259396343,valid,isolation,0.20454545454545456,0.20454545454545456,0.75,150.0,2.0,3
626.6321435570482,178.57283646496495,574.5954196712818,178.1262876659446,52.03672369940942,12.620759307279226,1.8635699157107954e-07,1.5578184021585494e-08,2320.3123168953643,663.6266121552211,2148.8972262089383,663.2311675099728,171.4150898333487,22.906304895695282,8.530775567157388e-07,7.029103619814363e-08,179.90493074261437,117.50069486441065,167.6609956657874,117.3411045099762,12.243934988096335,6.121967494048167,8.873063919022636e-08,2.2382889151049943e-08,588.9633001839036,233.12617554397175,543.0485437110502,232.8245463890471,45.91475620536126,11.855139075235854,2.6749200830950875e-07,1.910034820808017e-08,708.7633924591761,578.0015407840774,-0.1310677240971294,0.9770886715582255,-0.13576358179159542,3.4831293448735745,2.482040899200505,3.939655180842079,1.9238970109279248,-0.4565258359685047,-0.14537338896913865,valid,isolation,0.21212121212121213,0.21212121212121213,0.75,150.0,2.0,3
648.6512619642872,178.90892253250092,593.5535543302288,178.4369619074159,55.0977074464335,12.986654187735223,1.876247262076175e-07,1.5629682291046724e-08,2329.203379673689,663.6680165595229,2157.7882889644543,663.272596599676,171.4150898333487,22.906304895695282,8.758859948059914e-07,7.317812061462301e-08,180.62658905591417,117.50256070851427,168.3826539790872,117.34297289169001,12.243934988096335,6.121967494048167,8.873063919022636e-08,2.2382889151049943e-08,588.9711039438045,233.12617558750944,543.0563474696834,232.8245464326412,45.91475620536126,11.855139075235854,2.687597429460467e-07,1.9142373227439417e-08,714.3237739013215,580.7790869568299,-0.10124471466865037,0.9454819134014497,-0.1080653531960012,3.5911172621628418,2.5374259308599534,3.954698904712184,1.928742235112306,-0.3635816425493421,-0.11407369513785443,valid,isolation,0.2196969696969697,0.2196969696969697,0.75,150.0,2.0,3
657.3284877663689,179.06239276377366,602.2307801323107,178.59083771374196,55.0977074464335,12.986654187735223,1.876247262076175e-07,1.5629682291046724e-08,2369.485238444557,664.4886880811051,2191.948180240007,664.079647738714,177.53705732739687,23.31175769807255,8.771537294425294e-07,7.31891008811899e-08,188.0769782259984,117.73242841851284,175.8330431479037,117.57315261283959,12.243934988096335,6.121967494048167,8.999837382676431e-08,2.2418761737813872e-08,595.193212854842,233.16638165395986,543.1564888866728,232.8245647866818,52.03672369940942,12.620759307279226,2.687597429460467e-07,1.9142373227439417e-08,748.7411045233933,591.440348493866,-0.13906687213214886,0.9517647785986432,-0.1479282769897145,3.4949970696387154,2.3859794842702318,3.981035380224398,1.9179817496402811,-0.4860383105856827,-0.15876864592444315,valid,isolation,0.2272727272727273,0.2272727272727273,0.75,150.0,2.0,3
658.7820136321866,179.06485822325897,603.6843059981284,178.593309682989,55.0977074464335,12.986654187735223,1.876247262076175e-07,1.5629682291046724e-08,2402.3070448192752,665.29360688782,2224.769986613457,664.8850617353586,177.53705732739687,23.31175769807255,8.784214640790672e-07,7.320007950067861e-08,191.14056322590017,117.77221374155414,175.83564440078138,117.57315264161537,15.304918735120419,6.844567736367871,8.999837382676431e-08,2.2418761737813872e-08,603.3070910500537,233.28324252135272,551.2703670806168,232.94159713495569,52.03672369940942,12.620759307279226,2.7002747758258465e-07,1.9184306187278895e-08,761.1021458227947,592.4188180439219,-0.1553171308161061,0.9525175259097185,-0.1653285818335019,3.4465840348790993,2.321086271219803,3.981897578293119,1.8938615794616214,-0.5353135434140199,-0.17869462625729232,valid,isolation,0.23484848484848486,0.23484848484848486,0.75,150.0,2.0,3
670.0490592462406,179.24316250601396,611.8903678651583,178.74587686619785,58.15869119345759,13.342518821098452,1.876247262076175e-07,1.5629682291046724e-08,2407.4458265665753,665.3016352572513,2226.847784613733,664.8860490396075,180.59804107442093,23.51186229274896,8.784214640790672e-07,7.320007950067861e-08,192.46494002327734,117.77592233409955,177.16002119815855,117.57686751291736,15.304918735120419,6.844567736367871,8.999837382676431e-08,2.2418761737813872e-08,603.3096923041991,233.2832425358555,551.2729683334944,232.94159714947975,52.03672369940942,12.620759307279226,2.712952122191226e-07,1.922614768995457e-08,768.0117235474427,595.0725956167558,-0.14620222646294478,0.9395431892519597,-0.15762759234449902,3.481408401785815,2.325059620535966,3.9903980613537033,1.8965343469753042,-0.5089896595678884,-0.1696373543149335,valid,isolation,0.24242424242424243,0.24242424242424243,0.75,150.0,2.0,3
686.3610415645788,179.54703903127594,628.2023501822288,179.05059736400534,58.15869119345759,13.342518821098452,1.8889246084415547e-07,1.568101143510002e-08,2415.7178614804106,665.3426078566131,2235.1198195275683,664.9270472472643,180.59804107442093,23.51186229274896,8.784214640790672e-07,7.320007950067861e-08,192.59669034459552,117.77596225283291,177.29177151947673,117.57690749923215,15.304918735120419,6.844567736367871,8.999837382676431e-08,2.2418761737813872e-08,643.484151910061,235.68094614726527,591.4474279393563,235.34278151534173,52.03672369940942,12.620759307279226,2.712952122191226e-07,1.922614768995457e-08,723.0314274973471,552.5180379264247,-0.05342725433421602,0.8508566907774301,-0.06312044052877316,3.563721891256471,2.3702972773462307,3.754121767117044,1.7203631732884244,-0.19039987586057316,-0.06500917986821654,valid,isolation,0.25,0.25,0.75,150.0,2.0,3
721.0969369550947,182.50702614915218,662.9382455727447,182.01865779451276,58.15869119345759,13.342518821098452,1.8889246084415547e-07,1.568101143510002e-08,2429.990364594484,665.3976522721281,2243.270355146326,664.9680358767538,186.7200085684691,23.907047318150386,8.796891987156052e-07,7.321105647383015e-08,192.6017388650805,117.77596230698504,177.29682003996172,117.57690755347595,15.304918735120419,6.844567736367871,8.999837382676431e-08,2.2418761737813872e-08,654.6932240095032,235.81642981184027,599.5955162905067,235.45856404516437,55.0977074464335,12.986654187735223,2.7256294685566055e-07,1.9267898331282095e-08,714.8697320861459,543.7960932554146,0.00863573889974334,0.7947693543094447,0.01085625463353202,3.7439793700940083,2.4777960464249773,3.7116473418078506,1.6793756062312069,0.032332028286157666,0.010801507757535064,valid,isolation,0.25757575757575757,0.25757575757575757,0.75,150.0,2.0,3
725.0112875497146,182.53393673709067,663.7916124203404,182.019904490551,61.219674940481674,13.689135472735742,1.8889246084415547e-07,1.568101143510002e-08,2452.8616179422793,665.493963680169,2260.019640998805,665.050321058693,192.84197606251726,24.295805285509118,8.809569333521432e-07,7.322203180138492e-08,193.27532493117792,117.7778166815027,177.97040610605913,117.57876506735359,15.304918735120419,6.844567736367871,8.999837382676431e-08,2.2418761737813872e-08,695.425982703018,238.18953360327495,640.3282749840215,237.83523862361906,55.0977074464335,12.986654187735223,2.7256294685566055e-07,1.9267898331282095e-08,681.708245033266,511.17450040781483,0.059727404607447854,0.7437383384676801,0.07977903284000326,3.7511839020727495,2.4733041374341656,3.527135423396705,1.5411733203272417,0.22404847867604438,0.0768821530163084,valid,isolation,0.26515151515151514,0.26515151515151514,0.75,150.0,2.0,3
726.4280020054482,182.53635292468428,665.208326876074,182.02232750147436,61.219674940481674,13.689135472735742,1.8889246084415547e-07,1.568101143510002e-08,2471.029762980568,665.582258698237,2275.126802288802,665.1316315721843,195.90295980954136,24.48786997619267,8.822246679886812e-07,7.32330054840828e-08,193.2829747045406,117.77781676437972,177.97805587942182,117.57876515037091,15.304918735120419,6.844567736367871,8.999837382676431e-08,2.2418761737813872e-08,702.8825780232191,238.23070066533185,641.6629028076391,237.8370751365397,61.219674940481674,13.689135472735742,2.7509841612873645e-07,1.935112938104594e-08,679.4989634194102,507.9183344865359,0.06460246363917843,0.7376496867627298,0.08695028329733445,3.758365179943513,2.47725593700097,3.515565530063458,1.5219915929724788,0.24279964988005487,0.08350953418261252,valid,isolation,0.2727272727272727,0.2727272727272727,0.75,150.0,2.0,3
727.3027267311321,182.53759835874845,666.0830516017579,182.0235764525817,61.219674940481674,13.689135472735742,1.8889246084415547e-07,1.568101143510002e-08,2477.997293563579,665.5966767960758,2275.9723653777646,665.1319727264731,202.02492730358952,24.86754951679014,8.822246679886812e-07,7.32330054840828e-08,193.946463729668,117.77967100139918,178.64154490454922,117.58062252641845,15.304918735120419,6.844567736367871,8.999837382676431e-08,2.2418761737813872e-08,718.2491638048782,238.45844981697425,657.0294885892981,238.0652008570835,61.219674940481674,13.689135472735742,2.7509841612873645e-07,1.935112938104594e-08,669.1254740519338,496.75943557931265,0.07999042288852187,0.7209903555467629,0.10992702516602866,3.750017983028976,2.4641314180083422,3.4500524587269266,1.4733426288814946,0.2999655243020496,0.10448093890293743,valid,isolation,0.28030303030303033,0.28030303030303033,0.75,150.0,2.0,3
760.9016758791319,185.4475497046462,699.6820007497577,184.94161581825307,61.219674940481674,13.689135472735742,1.8889246084415547e-07,1.568101143510002e-08,2586.967707979498,668.026225211497,2375.7598285513436,667.5421587337036,211.20787854466178,25.426440637034638,8.83492402625219e-07,7.324397752266312e-08,201.9628017607679,118.010813356649,186.65788293438135,117.8121554068175,15.304918735120419,6.844567736367871,9.126610846330226e-08,2.2454577015957018e-08,718.4682032640678,238.45848738414577,657.2485280484877,238.0652384863105,61.219674940481674,13.689135472735742,2.7509841612873645e-07,1.935112938104594e-08,727.2016270094292,523.5181874366717,0.04428962366361755,0.7263821282075028,0.0606777732743307,3.767533769809982,2.3852659304172943,3.600671117005127,1.5141583313203464,0.16686265280485468,0.05906071281137352,valid,isolation,0.2878787878787879,0.2878787878787879,0.75,150.0,2.0,3
772.8511211287944,185.62090170459018,708.570462252396,185.0901323629509,64.28065868750576,14.02718972176742,1.8889246084415547e-07,1.568101143510002e-08,2640.54860555799,668.9217223571522,2423.21875863452,668.4242870473748,217.32984603870995,25.792307505683503,8.84760137261757e-07,7.325494791786463e-08,234.68671821254293,122.46189721250298,219.3817993861564,122.27047133870025,15.304918735120419,6.844567736367871,9.126610846330226e-08,2.2454577015957018e-08,719.7924260761746,238.46031904033626,658.5727508605945,238.06707316810537,61.219674940481674,13.689135472735742,2.7509841612873645e-07,1.935112938104594e-08,860.944994791497,575.1045303441086,-0.11398556753600397,0.7907716242484781,-0.14577401669826048,3.2931182770593153,1.8916683231913174,3.6684862328331094,1.5299293912716319,-0.3753679557737941,-0.1542870992307663,valid,isolation,0.29545454545454547,0.29545454545454547,0.75,150.0,2.0,3
782.739421325563,185.69778048274202,709.2758112080925,185.09131465367994,73.46360992857801,14.995696582323022,1.8889246084415547e-07,1.568101143510002e-08,2687.4981166715165,669.7759952143952,2464.0463022539984,669.265195117725,223.4518135327581,26.15305659892986,8.84760137261757e-07,7.325494791786463e-08,235.3845713801471,122.46368405463622,220.07965255376055,122.27226097826127,15.304918735120419,6.844567736367871,9.126610846330226e-08,2.2454577015957018e-08,721.1192501424268,238.46215069664538,659.899574925579,238.06890784997248,61.219674940481674,13.689135472735742,2.763661507652744e-07,1.9392610949293483e-08,877.2413053080122,583.3115328394623,-0.12073224039541941,0.7912293909088415,-0.15437527792772618,3.325364176318232,1.9014709751265324,3.7268428434558003,1.5432085449288795,-0.4014786671375683,-0.16394281587041667,valid,isolation,0.30303030303030304,0.30303030303030304,0.75,150.0,2.0,3
786.2646946172468,185.72312170459136,709.7401007527523,185.09142983458153,76.52459367560209,15.304918735120419,1.8889246084415547e-07,1.568101143510002e-08,2714.097733682316,669.9047173622928,2487.584935517774,669.3870168693796,226.5127972797822,26.331577829032092,8.84760137261757e-07,7.325494791786463e-08,235.42138279023118,122.46368760639608,220.11646396384464,122.27226453558157,15.304918735120419,6.844567736367871,9.126610846330226e-08,2.2454577015957018e-08,721.8272003510009,238.46306838529313,660.6075251341531,238.06982705445492,61.219674940481674,13.689135472735742,2.763661507652744e-07,1.9392610949293483e-08,885.1933553911792,587.6090586133396,-0.1258210643962474,0.7932461138101973,-0.1605304871509638,3.3398185215734486,1.9080620530232293,3.7600380428481213,1.55057731598751,-0.42021952127467266,-0.17091430019886808,valid,isolation,0.3106060606060606,0.3106060606060606,0.75,150.0,2.0,3
794.4709104695472,185.86983663203077,717.9463166050526,185.23864508284757,76.52459367560209,15.304918735120419,1.8889246084415547e-07,1.568101143510002e-08,2725.3940949183616,669.95240058535,2495.820313006795,669.4277387721601,229.57378102680627,26.508896854941362,8.84760137261757e-07,7.325494791786463e-08,235.4823073165516,122.46369457813036,220.17738849016507,122.27227151823044,15.304918735120419,6.844567736367871,9.126610846330226e-08,2.2454577015957018e-08,755.2387189441398,240.697812205629,694.019043727292,240.30822784620864,61.219674940481674,13.689135472735742,2.763661507652744e-07,1.9392610949293483e-08,849.7738181584798,558.8231290838343,-0.06960973266629433,0.7465774115457441,-0.09390507924165799,3.373802981306636,1.9239303054495567,3.608652504904137,1.4524509096013154,-0.234849523597501,-0.09742259801308695,valid,isolation,0.3181818181818182,0.3181818181818182,0.75,150.0,2.0,3
797.568551641385,185.89504205401272,717.9829740298663,185.23864742886397,79.58557742262617,15.608015856866164,1.8889246084415547e-07,1.568101143510002e-08,2764.488025974825,670.7647436015882,2528.7922765692106,670.226738054697,235.69574852085444,26.86002337052243,8.84760137261757e-07,7.325494791786463e-08,235.4898031046439,122.46369465466225,220.18488427825736,122.27227159488214,15.304918735120419,6.844567736367871,9.126610846330226e-08,2.2454577015957018e-08,755.2804248894385,240.6978140375971,694.0607496725906,240.30822968114674,61.219674940481674,13.689135472735742,2.763661507652744e-07,1.9392610949293483e-08,861.9430869233173,565.7875056994059,-0.08071348243288967,0.7527836352076167,-0.10809369637405657,3.386849626295589,1.9301023237527906,3.6602140541104373,1.4660676856921337,-0.2733644278148484,-0.11278491651183621,valid,isolation,0.32575757575757575,0.32575757575757575,0.75,150.0,2.0,3
830.4991590160652,188.75206696268685,750.9135814045464,188.1056421899631,79.58557742262617,15.608015856866164,1.8889246084415547e-07,1.568101143510002e-08,2798.4178444729982,670.9078858311707,2553.5391438263114,670.3490296483523,244.8786997619267,27.378270945471485,8.84760137261757e-07,7.325494791786463e-08,301.04919224757214,130.9125443185499,285.74427342118565,130.7334928488433,15.304918735120419,6.844567736367871,9.126610846330226e-08,2.2454577015957018e-08,756.0970221139723,240.698742611851,694.8773468971245,240.30915976078643,61.219674940481674,13.689135472735742,2.763661507652744e-07,1.9392610949293483e-08,1114.2239778889082,657.2211053888869,-0.3416316751108892,0.8480693693011201,-0.4149305738940114,2.7586825688377608,1.353589750616929,3.7011359159290156,1.4749878648477568,-0.9424533470912548,-0.470768226438083,valid,isolation,0.33333333333333337,0.33333333333333337,0.75,150.0,2.0,3
834.9845069921854,188.77922158440268,752.3379456336427,188.10798686266693,82.64656116965025,15.905338112964817,1.8889246084415547e-07,1.568101143510002e-08,2951.6497657703167,681.6442638432497,2703.7100813766056,681.0873388112149,247.9396835089508,27.548853723216755,8.84760137261757e-07,7.325494791786463e-08,301.05179350044983,130.91254434439355,285.74687467406335,130.73349287472234,15.304918735120419,6.844567736367871,9.126610846330226e-08,2.2454577015957018e-08,756.1918070399361,240.69876033573243,694.9721318230883,240.30917751340138,61.219674940481674,13.689135472735742,2.763661507652744e-07,1.9392610949293483e-08,1175.0979678670435,688.9563589633566,-0.4073290678171124,0.884335276346486,-0.4761148114607449,2.7735576569183857,1.3593556480745819,3.9033083118479674,1.5349935438131164,-1.1297506549295817,-0.5509960845620726,valid,isolation,0.34090909090909094,0.34090909090909094,0.75,150.0,2.0,3
835.0506340242613,188.77922614290657,752.4040726657186,188.10799143743714,82.64656116965025,15.905338112964817,1.8889246084415547e-07,1.568101143510002e-08,3077.0822116668924,691.4482771390658,2823.0205597791332,690.88569342122,254.06165100299896,27.886889114103152,8.84760137261757e-07,7.325494791786463e-08,301.0835563900489,130.91254761821105,285.7786375636624,130.73349615302365,15.304918735120419,6.844567736367871,9.126610846330226e-08,2.2454577015957018e-08,757.6350818795133,240.70059440952278,696.4154066626655,240.31101456052045,61.219674940481674,13.689135472735742,2.763661507652744e-07,1.9392610949293483e-08,1222.8299319177513,713.5320362612138,-0.4643781850984423,0.9163659472325383,-0.5253875738717179,2.773484689886108,1.3591841271749063,4.061430476573735,1.5804517807729315,-1.2879457866876267,-0.6178630606076724,valid,isolation,0.3484848484848485,0.3484848484848485,0.75,150.0,2.0,3
837.1626003947213,188.78272150279258,754.5160390361785,188.11149926975017,82.64656116965025,15.905338112964817,1.8889246084415547e-07,1.568101143510002e-08,3258.1034254406286,701.99397988959,2997.9198060588215,701.4264964868128,260.1836184970471,28.220875738739505,8.84760137261757e-07,7.325494791786463e-08,309.2946667775638,131.12060619821722,293.9897479511773,130.94183923517429,15.304918735120419,6.844567736367871,9.126610846330226e-08,2.2454577015957018e-08,761.3911635572613,240.72096586380118,697.1105045921216,240.31192512006322,64.28065868750576,14.02718972176742,2.776338854018124e-07,1.9434003976003902e-08,1323.516822273591,755.7969769618853,-0.5809555057160394,0.9706501032188359,-0.6243175970628436,2.7066829477431162,1.299692346920807,4.279145308462198,1.6371865134108647,-1.5724623607190815,-0.7522469185300834,valid,isolation,0.3560606060606061,0.3560606060606061,0.75,150.0,2.0,3
839.1820751228222,188.7861942141604,756.5355137630117,188.11498437226885,82.64656116965025,15.905338112964817,1.9016019548069342e-07,1.573217310915487e-08,3444.431802865955,712.4206075341649,3178.1262159901,711.8482738399301,266.30558599109526,28.550955683837753,8.84760137261757e-07,7.325494791786463e-08,309.95800181742084,131.12227174826018,294.65308299103435,130.9435070590629,15.304918735120419,6.844567736367871,9.126610846330226e-08,2.2454577015957018e-08,762.2053135141878,240.72189433630797,697.9246545490482,240.31285517293944,64.28065868750576,14.02718972176742,2.776338854018124e-07,1.9434003976003902e-08,1400.7107797377416,794.1921481929276,-0.6691381063313757,1.018159524613334,-0.6878765904452849,2.7074057459472787,1.2971989623389097,4.519034099861126,1.7060404669357268,-1.8116283539138474,-0.8452919642336812,valid,isolation,0.36363636363636365,0.36363636363636365,0.75,150.0,2.0,3
843.1281886070411,188.81221213143803,757.4206435002066,188.11619294462633,85.70754491667435,16.197203523672744,1.9016019548069342e-07,1.573217310915487e-08,3454.402343680111,712.4406481010695,3178.9138055631834,711.8485872232332,275.4885372321675,29.039041564058273,8.84760137261757e-07,7.325494791786463e-08,310.0845496342514,131.1223075522408,294.77963080659714,130.94354291192332,15.304918735120419,6.844567736367871,9.253384309984021e-08,2.2490335259266885e-08,769.7820965132967,240.83420174415684,705.5014375481571,240.4253536510964,64.28065868750576,14.02718972176742,2.776338854018124e-07,1.9434003976003902e-08,1391.5065053439407,786.2042273580461,-0.6504091834990038,1.0030601425354417,-0.6782170923209629,2.719026760931886,1.301049867337687,4.487506736421535,1.6815701605385753,-1.7684799754896492,-0.8317853807001884,valid,isolation,0.3712121212121212,0.3712121212121212,0.75,150.0,2.0,3
867.8044274306055,189.1738228568174,772.9139310826987,188.4045567065102,94.8904961577466,17.042836221882602,1.9016019548069342e-07,1.573217310915487e-08,3483.3071177544507,712.5679251561456,3201.696612143475,711.9628099721053,281.6105047262157,29.359924692651976,8.84760137261757e-07,7.325494791786463e-08,310.303589093441,131.12237587172078,294.99867026578676,130.94361132467324,15.304918735120419,6.844567736367871,9.253384309984021e-08,2.2490335259266885e-08,779.2467579031911,240.9491581897312,714.9660989380516,240.5405054888878,64.28065868750576,14.02718972176742,2.776338854018124e-07,1.9434003976003902e-08,1387.0865545368335,779.7538764775784,-0.5983861232924543,0.9637292841033002,-0.6471827453649455,2.7966303256946397,1.329733764174789,4.470095104569169,1.6572958245087555,-1.6734647788745294,-0.7875829251076358,valid,isolation,0.3787878787878788,0.3787878787878788,0.75,150.0,2.0,3
868.5868144979331,189.17500205776193,773.6963181500263,188.40574072216674,94.8904961577466,17.042836221882602,1.9016019548069342e-07,1.573217310915487e-08,3567.3258393156607,714.1510496674404,3282.654349957661,713.5407114815868,284.6714884732398,29.519058241375873,8.84760137261757e-07,7.325494791786463e-08,310.4618997986029,131.1224149442506,295.1569809709486,130.943650450545,15.304918735120419,6.844567736367871,9.253384309984021e-08,2.2490335259266885e-08,779.9736187222463,240.95006811642924,715.6929597571068,240.5414169614485,64.28065868750576,14.02718972176742,2.776338854018124e-07,1.9434003976003902e-08,1419.9438682155994,795.5302442177807,-0.6347748371432114,0.9826622917258145,-0.6742666940890842,2.7977243425405396,1.329468409186054,4.573649356448309,1.6836310863060535,-1.7759250139077691,-0.827840375542902,valid,isolation,0.38636363636363635,0.38636363636363635,0.75,150.0,2.0,3
879.2978543066711,189.34265510785403,781.3463742117402,188.54923270940748,97.95147990477068,17.315538916980298,1.9016019548069342e-07,1.573217310915487e-08,3584.7122511708853,714.208897194638,3290.8578105718134,713.5789130628963,293.85443971431204,29.991393164646045,8.84760137261757e-07,7.325494791786463e-08,317.9147362350267,131.32844564321746,302.6098174073724,131.14996198080195,15.304918735120419,6.844567736367871,9.253384309984021e-08,2.2490335259266885e-08,791.3017428478912,241.0826100910213,723.9601001357275,240.65471783305932,67.34164243452985,14.357286407605137,2.776338854018124e-07,1.9434003976003902e-08,1440.2001007958452,792.977499667084,-0.6378978906202917,0.9683448468590949,-0.687996320168512,2.765829180238526,1.2884572039891835,4.530145780128732,1.6491026911357152,-1.7643165998902064,-0.8430556434669291,valid,isolation,0.3939393939393939,0.3939393939393939,0.75,150.0,2.0,3
883.2361640335246,189.36859651772437,782.2237001903019,188.55043844448542,101.01246365179476,17.584012894814563,1.9142793011723137e-07,1.5783168941790292e-08,3661.5584028199805,715.7456006076205,3367.7039622209086,715.116970239979,293.85443971431204,29.991393164646045,8.84760137261757e-07,7.325494791786463e-08,318.19679773058095,131.32854307631914,302.8918789029267,131.1500595465015,15.304918735120419,6.844567736367871,9.253384309984021e-08,2.2490335259266885e-08,791.3966817591253,241.08262778829393,724.0550390469616,240.6547355617983,67.34164243452985,14.357286407605137,2.776338854018124e-07,1.9434003976003902e-08,1472.202481176734,808.1757135922221,-0.6668276743261321,0.9823292770286794,-0.7095421251829774,2.7757544083814625,1.290987302658313,4.626704265022982,1.674648107779551,-1.85094985664152,-0.8753620792790113,valid,isolation,0.40151515151515155,0.40151515151515155,0.75,150.0,2.0,3
894.5349725371777,189.53721022243036,790.4615249469309,188.69495734628737,104.07344739881884,17.848448979800747,1.9142793011723137e-07,1.5783168941790292e-08,3734.2659513960725,717.2478624667843,3437.3505270499763,716.6140125114184,296.9154234613361,30.147193658049222,8.84760137261757e-07,7.325494791786463e-08,318.23621039354276,131.32854641409207,302.9312915658885,131.15006288881685,15.304918735120419,6.844567736367871,9.253384309984021e-08,2.2490335259266885e-08,791.4043315324881,241.08262782878245,724.0626888203244,240.6547356023588,67.34164243452985,14.357286407605137,2.776338854018124e-07,1.9434003976003902e-08,1501.6074560430168,822.4514063612231,-0.6786458910421287,0.9858172011344131,-0.7192727873949218,2.8109151106059316,1.3039627740069024,4.718531100486877,1.6992535129893356,-1.9076159898809455,-0.8906141586516474,valid,isolation,0.4090909090909091,0.4090909090909091,0.75,150.0,2.0,3
897.7809813584778,189.56195496823895,790.646550021207,188.69498673493305,107.13443114584292,18.10902406216569,1.9142793011723137e-07,1.5783168941790292e-08,3788.691122424284,718.0583005464003,3479.5317630888235,717.3990460072627,309.15935844943243,30.762505935864613,8.86027871898295e-07,7.326591667042552e-08,318.33114930477683,131.3285789013496,303.02623047712257,131.1500954202866,15.304918735120419,6.844567736367871,9.253384309984021e-08,2.2490335259266885e-08,791.4069327853657,241.08262784281607,724.065290073202,240.65473561641736,67.34164243452985,14.357286407605137,2.776338854018124e-07,1.9434003976003902e-08,1523.9421710868655,833.1898753399663,-0.6974542819796778,0.9948580528764184,-0.7327964250779763,2.820273741100101,1.3070454047390037,4.787285738185212,1.7175417712220409,-1.9670119970851112,-0.9113652589585186,valid,isolation,0.4166666666666667,0.4166666666666667,0.75,150.0,2.0,3
907.218928379258,189.70798093270508,800.0844970419872,188.84168310275012,107.13443114584292,18.10902406216569,1.9142793011723137e-07,1.5783168941790292e-08,3949.402090784307,728.136878535164,3637.1817477018226,727.480317596276,312.22034219645656,30.91442046931579,8.86027871898295e-07,7.326591667042552e-08,318.4630536113654,131.32861470356823,303.15813478371115,131.15013127122882,15.304918735120419,6.844567736367871,9.253384309984021e-08,2.2490335259266885e-08,791.5386831066838,241.0826473442886,724.1970403945202,240.65475515256418,67.34164243452985,14.357286407605137,2.776338854018124e-07,1.9434003976003902e-08,1588.9793848530874,865.6891578949588,-0.7514839419100203,1.0220967798180876,-0.7692800486736531,2.848741535608013,1.3171729397767409,4.989525054269527,1.776415934362305,-2.140783518661514,-0.9680365697491353,valid,isolation,0.42424242424242425,0.42424242424242425,0.75,150.0,2.0,3
922.8703308946197,189.9939714259694,815.7358995573488,189.12898356869573,107.13443114584292,18.10902406216569,1.9142793011723137e-07,1.5783168941790292e-08,3963.223105067151,728.1819417628155,3647.9417782376427,727.5189820856988,315.2813259434806,31.065592131057098,8.86027871898295e-07,7.326591667042552e-08,318.4630536113654,131.32861470356823,303.15813478371115,131.15013127122882,15.304918735120419,6.844567736367871,9.253384309984021e-08,2.2490335259266885e-08,792.3210701740114,241.08357264613102,724.9794274618478,240.65568209961785,67.34164243452985,14.357286407605137,2.776338854018124e-07,1.9434003976003902e-08,1592.9655031206075,867.25407169563,-0.7260989434738958,1.0046797994422014,-0.7547632457371661,2.8978882178930534,1.335681388403261,5.00204179121065,1.7779553828009993,-2.1041535733175967,-0.9462084365581572,valid,isolation,0.4318181818181818,0.4318181818181818,0.75,150.0,2.0,3
937.19575900282,190.18666264380005,823.9393601715009,189.27305844230293,113.2563986398911,18.61923724224994,1.9142793011723137e-07,1.5783168941790292e-08,4049.2244899451116,729.7320908437422,3730.882179368579,729.0641149934804,318.3423096905047,31.216031713732328,8.86027871898295e-07,7.326591667042552e-08,351.8555076087528,135.3440284309424,336.55058878109855,135.17084716912154,15.304918735120419,6.844567736367871,9.253384309984021e-08,2.2490335259266885e-08,815.0722678499743,241.4206283545285,747.7306251378106,240.99333626078828,67.34164243452985,14.357286407605137,2.776338854018124e-07,1.9434003976003902e-08,1747.9946190411604,905.2030251069759,-0.8651328735215722,1.0373765184233177,-0.87657082002936,2.6635813245388746,1.1584068203671645,4.9679330896955864,1.7224422160930992,-2.304351765156712,-1.1101328773392294,valid,isolation,0.4393939393939394,0.4393939393939394,0.75,150.0,2.0,3
946.8162838302688,190.33223844309657,833.5598849989498,189.41933638168143,113.2563986398911,18.61923724224994,1.9142793011723137e-07,1.5783168941790292e-08,4225.257582903347,739.7250029346725,3903.8542885797897,739.0597199883437,321.4032934375288,31.365749751158315,8.86027871898295e-07,7.326591667042552e-08,351.9605435609569,135.34406004859125,336.65562473330266,135.170878827279,15.304918735120419,6.844567736367871,9.253384309984021e-08,2.2490335259266885e-08,815.1118344994743,241.42063017182792,747.7701917860428,240.99333808130982,67.34164243452985,14.357286407605137,2.7890162003835036e-07,1.9475309025738552e-08,1824.4416196912375,941.3959169679893,-0.9269225200802484,1.0670652231776092,-0.9137704609854527,2.6901205295652333,1.1672889644603541,5.183653830149453,1.7834590027483144,-2.4935333005842195,-1.1698494224614555,valid,isolation,0.44696969696969696,0.44696969696969696,0.75,150.0,2.0,3
999.0843574725939,193.34082255335952,876.6450074002025,192.36914722903936,122.43934988096335,19.359361042705515,1.9142793011723137e-07,1.5783168941790292e-08,4225.354969082188,739.725008706411,3903.9516747586313,739.0597257652778,321.4032934375288,31.365749751158315,8.86027871898295e-07,7.326591667042552e-08,351.9657460667123,135.3440600985862,336.66082723905805,135.170878877338,15.304918735120419,6.844567736367871,9.253384309984021e-08,2.2490335259266885e-08,823.2231114405405,241.53349741489725,755.881468727109,241.106405349344,67.34164243452985,14.357286407605137,2.7890162003835036e-07,1.9475309025738552e-08,1806.5336036148424,929.2705145511313,-0.8081892585976134,0.993765215594341,-0.8506894909411381,2.8385840629026022,1.2219713093242248,5.132697212166858,1.7536428827628487,-2.2941131492642555,-1.0733197018043756,valid,isolation,0.4545454545454546,0.4545454545454546,0.75,150.0,2.0,3
1049.7337283417753,196.38876371312227,924.23339452236,195.4082701199906,125.50033362798743,19.59985922095793,1.9142793011723137e-07,1.5783168941790292e-08,4261.744300695527,739.884139007482,3934.2190388779227,739.2063241439371,327.52526093157695,31.663062082675758,8.86027871898295e-07,7.326591667042552e-08,352.7557829074025,135.34570836485204,337.4508640797482,135.17252925534038,15.304918735120419,6.844567736367871,9.253384309984021e-08,2.2490335259266885e-08,825.2719017893655,241.53621345983788,757.930259075934,241.10912620538934,67.34164243452985,14.357286407605137,2.7890162003835036e-07,1.9475309025738552e-08,1821.6480460359996,934.2236079633286,-0.7353429701773879,0.9473301368670375,-0.8085899386385442,2.975808701674291,1.270261527278023,5.16404871104318,1.757288203369326,-2.188240009368889,-1.0091852781240058,valid,isolation,0.46212121212121215,0.46212121212121215,0.75,150.0,2.0,3
1111.4179451161626,199.55021739787364,979.795643802699,198.53814630709678,131.6223011220356,20.072212744998016,1.9142793011723137e-07,1.5783168941790292e-08,4269.15201589519,739.9206744373618,3941.6267540775852,739.2428930733043,327.52526093157695,31.663062082675758,8.86027871898295e-07,7.326591667042552e-08,352.8507218186366,135.34573988786366,337.54580299098234,135.17256081873836,15.304918735120419,6.844567736367871,9.253384309984021e-08,2.2490335259266885e-08,835.8490937667411,241.66751267355932,765.4464673062855,241.22123743015538,70.40262618155393,14.679962346325988,2.7890162003835036e-07,1.9475309025738552e-08,1802.2073381376258,920.3021024964102,-0.6215388153996952,0.8777346937018347,-0.733565054123435,3.149824774022782,1.3340117231818989,5.107563132785515,1.7217428357422402,-1.9577383587627328,-0.8988411898478817,valid,isolation,0.4696969696969697,0.4696969696969697,0.75,150.0,2.0,3
1112.20033218349,199.55133528200292,980.5780308700265,198.5392698897371,131.6223011220356,20.072212744998016,1.9142793011723137e-07,1.5783168941790292e-08,4327.209300061539,740.7594409452187,3996.6230544969094,740.0760975923503,330.586244678601,31.810676225929633,8.86027871898295e-07,7.326591667042552e-08,353.6114430373351,135.34738498925148,338.30652420968084,135.17420802775555,15.304918735120419,6.844567736367871,9.253384309984021e-08,2.2490335259266885e-08,843.9579652272224,241.78025232364155,773.5553387667668,241.33418555852012,70.40262618155393,14.679962346325988,2.7890162003835036e-07,1.9475309025738552e-08,1813.0650908749567,920.7103280819587,-0.6301605370999284,0.8779781720160236,-0.743948944366958,3.1452611449173644,1.329574663611339,5.127280597318026,1.7111428772625084,-1.9820194524006616,-0.9146482341521784,valid,isolation,0.4772727272727273,0.4772727272727273,0.75,150.0,2.0,3
1161.0683269490373,202.48484214763116,1029.4460256355737,201.48751220626713,131.6223011220356,20.072212744998016,1.9142793011723137e-07,1.5783168941790292e-08,4461.705931167865,749.8555771730958,4128.058701856212,749.1742773708572,333.64722842562514,31.957608537724948,8.86027871898295e-07,7.326591667042552e-08,354.39903261041803,135.34903319290245,339.09411378276377,135.17585834295886,15.304918735120419,6.844567736367871,9.253384309984021e-08,2.2490335259266885e-08,844.0895615632702,241.78027176723754,773.6869351028146,241.33420503805442,70.40262618155393,14.679962346325988,2.7890162003835036e-07,1.9475309025738552e-08,1873.2896813338123,948.0945773193697,-0.6134189847864453,0.8636889293833192,-0.7346457868550921,3.2761611068655783,1.3754806961540291,5.285820527035898,1.755442694527466,-2.0096594201703195,-0.9011358303133586,valid,isolation,0.48484848484848486,0.48484848484848486,0.75,150.0,2.0,3
1294.2024802086598,233.50292079550596,1153.397227654124,232.57818348042284,140.80525236310785,20.760601845300574,1.9142793011723137e-07,1.5783168941790292e-08,4488.490091485766,749.9246162139076,4139.537943437725,749.212114926493,348.95214716074554,32.682362995172156,8.87295606534833e-07,7.327688378108348e-08,358.15006576641326,135.38525780453912,339.7841631917349,135.17747705074336,18.365902482144502,7.497848291161511,9.253384309984021e-08,2.2490335259266885e-08,855.1960449768476,241.91232183508112,781.732434769368,241.44709677204813,73.46360992857801,14.995696582323022,2.7890162003835036e-07,1.9475309025738552e-08,1879.747960598955,941.4250171830024,-0.4524373035476563,0.773179728337839,-0.6036857150331169,3.613575994853351,1.5135913119460396,5.248492574129341,1.7242895152761681,-1.6349165792759903,-0.7125776089840606,valid,isolation,0.49242424242424243,0.49242424242424243,0.75,150.0,2.0,3
1308.9842483058446,233.73434609154006,1168.1789957513088,232.8105280133627,140.80525236310785,20.760601845300574,1.9142793011723137e-07,1.5783168941790292e-08,4490.514768718355,749.9254904355334,4141.562620670314,749.2129899795033,348.95214716074554,32.682362995172156,8.87295606534833e-07,7.327688378108348e-08,358.181674670742,135.3852609673287,339.8157720960636,135.17748021839444,18.365902482144502,7.497848291161511,9.253384309984021e-08,2.2490335259266885e-08,855.2278078664467,241.91232360673035,781.7641976589671,241.447098547111,73.46360992857801,14.995696582323022,2.7890162003835036e-07,1.9475309025738552e-08,1880.6920041641265,941.7921852166495,-0.4367567880195775,0.7638545619482398,-0.5891689834603366,3.6545260153499664,1.527716926316114,5.2506650595482025,1.7247551476933147,-1.5961390441982362,-0.6927501955227842,valid,isolation,0.5,0.5,0.75,150.0,2.0,3
1312.7797426452864,233.75532652077322,1168.9135063437266,232.811469791234,143.86623611013192,20.985047307038485,1.9142793011723137e-07,1.5783168941790292e-08,4628.223044503505,758.9179522989582,4273.148928961416,758.201544595958,355.07411465479373,32.9678038993696,8.87295606534833e-07,7.327688378108348e-08,358.1867231912269,135.38526101443736,339.82082061654853,135.1774802655755,18.365902482144502,7.497848291161511,9.253384309984021e-08,2.2490335259266885e-08,857.9080163815271,241.91593637572387,784.4444061727797,241.45071827715523,73.46360992857801,14.995696582323022,2.801693546748883e-07,1.951652665708454e-08,1932.3377504979453,964.7518269932665,-0.4719436076947934,0.7802315400253411,-0.6241348302250449,3.6650709187353834,1.531325102305636,5.39477771058063,1.7597470119524052,-1.729706791845247,-0.7414921286534821,valid,isolation,0.5075757575757576,0.5075757575757576,0.75,150.0,2.0,3
1360.3902955163335,236.18975967309132,1210.4020917207254,235.2158394346667,149.98820360418011,21.426886229168588,1.9142793011723137e-07,1.5783168941790292e-08,4767.638218482556,767.8283833424268,4412.564102940467,767.120297067088,355.07411465479373,32.9678038993696,8.87295606534833e-07,7.327688378108348e-08,358.85526073683934,135.38687415003344,340.48935816216095,135.17909588068608,18.365902482144502,7.497848291161511,9.253384309984021e-08,2.2490335259266885e-08,859.3061699843428,241.91774545334334,785.8425597755954,241.45253084041082,73.46360992857801,14.995696582323022,2.801693546748883e-07,1.951652665708454e-08,1991.0156772453427,990.578601641354,-0.4635620996470402,0.771220832284713,-0.6192634642168241,3.7909164065841954,1.5743923165031075,5.548241575606778,1.7994999248644155,-1.7573251690225828,-0.7349730387870099,valid,isolation,0.5151515151515151,0.5151515151515151,0.75,150.0,2.0,3
1367.9621839802278,236.3042210358059,1217.9739801846197,235.3307744980696,149.98820360418011,21.426886229168588,1.9142793011723137e-07,1.5783168941790292e-08,4791.644746186962,767.9121601771051,4430.448663150824,767.1919384423442,361.19608214884187,33.250794531054154,8.87295606534833e-07,7.327688378108348e-08,359.00367017332394,135.38688987818867,340.63776759864555,135.17911163301642,18.365902482144502,7.497848291161511,9.253384309984021e-08,2.2490335259266885e-08,860.01182691058,241.9186500228461,786.5482167018326,241.45343715277113,73.46360992857801,14.995696582323022,2.801693546748883e-07,1.951652665708454e-08,2000.2260390155134,994.1540086527292,-0.46219395714262235,0.7693828248025548,-0.618742972223774,3.8104406657452476,1.5805660580176986,5.571603315503212,1.8037838239752724,-1.761162649757964,-0.7343390593661389,valid,isolation,0.5227272727272727,0.5227272727272727,0.75,150.0,2.0,3
1441.0882590812946,240.90351787011807,1291.1000552856865,239.94873091708686,149.98820360418011,21.426886229168588,1.9142793011723137e-07,1.5783168941790292e-08,4828.876773452869,768.065742141102,4461.558722922683,767.3334540281795,367.31804964289006,33.531396928035555,8.87295606534833e-07,7.327688378108348e-08,359.035433062923,135.38689304381117,340.6695304882446,135.17911480350466,18.365902482144502,7.497848291161511,9.253384309984021e-08,2.2490335259266885e-08,862.0918764061706,241.9213758348311,788.6282661974233,241.45616821656992,73.46360992857801,14.995696582323022,2.801693546748883e-07,1.951652665708454e-08,2011.0824739372658,997.9520073786761,-0.39553039951858815,0.7307378854344377,-0.5552159641349131,4.0137772664592015,1.6555952910908902,5.601348192240436,1.8067921538154,-1.5875709257812343,-0.6478266063086209,valid,isolation,0.5303030303030303,0.5303030303030303,0.75,150.0,2.0,3
1489.995512524533,243.33902622643862,1340.007308728925,242.39383290701446,149.98820360418011,21.426886229168588,1.9142793011723137e-07,1.5783168941790292e-08,4855.402097812788,768.1730505546931,4488.084047282602,767.440864834912,367.31804964289006,33.531396928035555,8.87295606534833e-07,7.327688378108348e-08,362.13062696715343,135.4214949434269,340.703740645451,135.17911799614532,21.426886229168588,8.098601761836372,9.253384309984021e-08,2.2490335259266885e-08,871.5856994327866,242.03581767749486,798.1220892240392,241.57083044694045,73.46360992857801,14.995696582323022,2.801693546748883e-07,1.951652665708454e-08,2017.3458639842793,992.3818527160644,-0.35392747630913646,0.7017754852493349,-0.5161091766658787,4.114524985095175,1.6789891537739574,5.570768429280796,1.7804287150103701,-1.4562434441856213,-0.5950580420399987,valid,isolation,0.5378787878787878,0.5378787878787878,0.75,150.0,2.0,3
1493.9654311544477,243.35921360207936,1340.9162436118156,242.3947725716155,153.04918735120418,21.64442364622537,1.9142793011723137e-07,1.5783168941790292e-08,4882.903153918385,768.285583424074,4512.524119641175,767.5474014650983,370.3790333899141,33.67082121726492,8.87295606534833e-07,7.327688378108348e-08,364.18186458358576,135.4263391580305,342.7549782618833,135.18397089614243,21.426886229168588,8.098601761836372,9.253384309984021e-08,2.2490335259266885e-08,875.3367325887816,242.05607673297865,798.8121386330101,241.5717362314412,76.52459367560209,15.304918735120419,2.801693546748883e-07,1.951652665708454e-08,2031.5207953354197,994.2174525500861,-0.35981780633677785,0.7013850438471957,-0.5251778196140421,4.102251035654078,1.6654229353022036,5.578314004345903,1.7747880602978219,-1.4760629686918252,-0.6064785715139712,valid,isolation,0.5454545454545454,0.5454545454545454,0.75,150.0,2.0,3
1543.5649855019717,245.77129042867801,1390.5157979593396,244.81635183132747,153.04918735120418,21.64442364622537,1.9142793011723137e-07,1.5783168941790292e-08,4974.494767586585,769.76686968296,4594.932782068303,769.0118338462415,379.5619846309864,34.085672443765205,8.87295606534833e-07,7.327688378108348e-08,365.54045153816935,135.42956749899238,344.1135652164669,135.18720502498493,21.426886229168588,8.098601761836372,9.253384309984021e-08,2.2490335259266885e-08,1000.1729103592563,268.4902099540461,923.6483164034848,268.0536369902097,76.52459367560209,15.304918735120419,2.801693546748883e-07,1.951652665708454e-08,1818.0647012972086,878.0917592227488,-0.1778348941401835,0.5989880702854438,-0.30103998177521246,4.222692670556036,1.7028284422251334,4.973634774610898,1.541083609678565,-0.7509421040548618,-0.32697398243610654,valid,isolation,0.5530303030303031,0.5530303030303031,0.75,150.0,2.0,3
1582.530075460536,247.977095743129,1423.3589204238556,246.99275231314098,159.17115484525235,22.07306770651445,1.9142793011723137e-07,1.5783168941790292e-08,5036.216103741596,770.5795074382338,4650.532150729266,769.8130974300244,385.6839521250345,34.35945734354292,8.87295606534833e-07,7.327688378108348e-08,365.63053770121115,135.4295769429035,344.2036513795087,135.18721448582704,21.426886229168588,8.098601761836372,9.253384309984021e-08,2.2490335259266885e-08,1008.9501235930572,268.59251539735914,932.4255296372858,268.1561089924896,76.52459367560209,15.304918735120419,2.801693546748883e-07,1.951652665708454e-08,1825.0598904066674,878.0705510227068,-0.15325447440583528,0.5835388873992733,-0.2658109547645879,4.328221831278657,1.7407311811500736,4.991541193143129,1.5326474098996323,-0.6633193618644722,-0.2859997941281662,valid,isolation,0.5606060606060607,0.5606060606060607,0.75,150.0,2.0,3
1586.3786487806428,247.99688666900897,1424.1465099969384,246.99365550160465,162.23213859227644,22.28429804763697,1.9142793011723137e-07,1.5783168941790292e-08,5080.323670567288,771.3151357926578,4691.5787338079335,770.5433776059618,388.74493587205865,34.49553493486209,8.87295606534833e-07,7.327688378108348e-08,365.7228753595676,135.42960842141193,344.2959890378651,135.18724602076983,21.426886229168588,8.098601761836372,9.253384309984021e-08,2.2490335259266885e-08,1009.8272955863484,268.59336181112997,933.302701630577,268.15695678373874,76.52459367560209,15.304918735120419,2.801693546748883e-07,1.951652665708454e-08,1839.90924851988,884.1575365516329,-0.1598172037515202,0.5860938253697023,-0.2760931013372396,4.33765223797107,1.7435297846558224,5.030883689490129,1.5407620498685444,-0.6932314515190594,-0.29793765645263887,valid,isolation,0.5681818181818182,0.5681818181818182,0.75,150.0,2.0,3
1605.6959346111946,248.2354641900804,1440.4028120804662,247.2142514514267,165.2931223393005,22.493544873484534,1.9142793011723137e-07,1.5783168941790292e-08,5125.716551284959,772.0506245291214,4733.9106307785805,771.2735281881937,391.8059196190827,34.631077833960596,8.87295606534833e-07,7.327688378108348e-08,367.0498534098224,135.43283352276515,345.62296708811994,135.19047690391582,21.426886229168588,8.098601761836372,9.253384309984021e-08,2.2490335259266885e-08,1017.8753965057797,268.6948009062925,941.3508025500082,268.2585609008285,76.52459367560209,15.304918735120419,2.801693546748883e-07,1.951652665708454e-08,1848.353457827941,883.571835048581,-0.1511229604473674,0.5783343352890541,-0.2643961917938694,4.374599035238916,1.7500799679326078,5.03570139221442,1.5304777450217524,-0.6611023569755039,-0.28435780335483124,valid,isolation,0.5757575757575758,0.5757575757575758,0.75,150.0,2.0,3
1682.3696109263335,252.63700262085672,1514.0155046485809,251.6150351445155,168.3541060863246,22.700863033704422,1.9142793011723137e-07,1.5783168941790292e-08,5204.853345611237,773.4828484015073,4806.925457610811,772.6950666183707,397.9278871131309,34.90058444984737,8.87295606534833e-07,7.327688378108348e-08,367.06484498600696,135.43283366117143,345.6379586643045,135.19047704257025,21.426886229168588,8.098601761836372,9.253384309984021e-08,2.2490335259266885e-08,1018.6629860788626,268.69563114590625,942.1383921230911,268.25939249056734,76.52459367560209,15.304918735120419,2.801693546748883e-07,1.951652665708454e-08,1875.515958261961,895.1401977094149,-0.1148061318281175,0.557785703984817,-0.2076600646278263,4.583303560411697,1.825759997459114,5.109494913176603,1.5469239518514102,-0.526191352764906,-0.21988918998039644,valid,isolation,0.5833333333333334,0.5833333333333334,0.75,150.0,2.0,3
1696.095229773875,252.78108611667093,1521.6191560020743,251.72248424177312,174.47607358037277,23.109920499086517,1.9142793011723137e-07,1.5783168941790292e-08,5256.943040309555,774.250914429649,4855.954168562104,773.4578579849759,400.988870860155,35.03456031464465,8.87295606534833e-07,7.327688378108348e-08,367.7384310521044,135.43444627722974,346.3115447304019,135.1920925495386,21.426886229168588,8.098601761836372,9.253384309984021e-08,2.2490335259266885e-08,1021.8293137486315,268.7130818893494,942.2437360458359,268.25940844541503,79.58557742262617,15.608015856866164,2.801693546748883e-07,1.951652665708454e-08,1891.8815107013797,900.352915352867,-0.11543354258098293,0.556260494786893,-0.20936013731990066,4.61223273542916,1.8324540283873225,5.144639099287726,1.5506324510157905,-0.5324063638585663,-0.22179076956380797,valid,isolation,0.5909090909090909,0.5909090909090909,0.75,150.0,2.0,3
1703.7568546432478,252.88805492293784,1529.2807808714472,251.82990270663396,174.47607358037277,23.109920499086517,1.9142793011723137e-07,1.5783168941790292e-08,5278.359902187261,774.3282172718843,4874.310046692785,773.5291836934884,404.04985460717904,35.16802578962913,8.87295606534833e-07,7.327688378108348e-08,375.7863779862653,135.6355088563095,354.3594916645628,135.39351503012688,21.426886229168588,8.098601761836372,9.253384309984021e-08,2.2490335259266885e-08,1022.4952500413663,268.7138946237714,942.9096723385707,268.26022255430854,79.58557742262617,15.608015856866164,2.801693546748883e-07,1.951652665708454e-08,1939.8972750931036,911.6723213991756,-0.13859983588990565,0.5611494232298405,-0.24959440577500894,4.533844105188717,1.7694046809549202,5.162234154118289,1.553698980457327,-0.628390048929572,-0.26686240521675736,valid,isolation,0.5984848484848485,0.5984848484848485,0.75,150.0,2.0,3
1778.1734461420492,257.1926419883819,1603.6973723702486,256.1522724230451,174.47607358037277,23.109920499086517,1.9142793011723137e-07,1.5783168941790292e-08,5314.736577293776,774.4802339099804,4904.564754305253,773.6692467949846,410.17182210122724,35.43344861764249,8.87295606534833e-07,7.327688378108348e-08,377.2108962006319,135.63876054179443,355.78400987892945,135.39677252732957,21.426886229168588,8.098601761836372,9.253384309984021e-08,2.2490335259266885e-08,1030.5775611180038,268.8152898406257,950.9919834152083,268.36178918227426,79.58557742262617,15.608015856866164,2.801693546748883e-07,1.951652665708454e-08,1945.2941952437018,909.4591630841587,-0.09398450385379453,0.535374375321036,-0.1768236910788217,4.714003397177238,1.8270672984307155,5.157046667626043,1.5408480681285488,-0.443043270448805,-0.18536908545527275,valid,isolation,0.6060606060606061,0.6060606060606061,0.75,150.0,2.0,3
1828.5161288792092,259.47701385729437,1654.0400551074085,258.44584015770965,174.47607358037277,23.109920499086517,1.9142793011723137e-07,1.5783168941790292e-08,5498.5173461844315,783.9202818382454,5076.101588207812,783.0951414166843,422.41575708932356,35.95841719176879,8.87295606534833e-07,7.327688378108348e-08,380.6098174490457,135.67339558333416,356.12194738031917,135.3968732915037,24.48786997619267,8.657769458490149,9.253384309984021e-08,2.2490335259266885e-08,1033.7652466658612,268.8327343605618,951.1186852160415,268.3618066776431,82.64656116965025,15.905338112964817,2.801693546748883e-07,1.951652665708454e-08,2024.4341644502097,938.7331972394437,-0.10714591601173828,0.5368874074490403,-0.20116141610152424,4.804174892635297,1.8432215336476385,5.318922612187301,1.5774267539829123,-0.5147477195520036,-0.21217483130618348,valid,isolation,0.6136363636363636,0.6136363636363636,0.75,150.0,2.0,3
1835.995679684747,259.58119057235587,1661.5196059129464,258.5504323598931,174.47607358037277,23.109920499086517,1.9142793011723137e-07,1.5783168941790292e-08,5545.56171416841,784.1063073397299,5117.023988697742,783.2694007811174,428.5377245833717,36.21804812433138,8.87295606534833e-07,7.327688378108348e-08,380.70735761315746,135.67342705514613,356.21948754443093,135.39690482759084,24.48786997619267,8.657769458490149,9.253384309984021e-08,2.2490335259266885e-08,1041.2156358346776,268.9332853925645,958.569074384858,268.46253409284293,82.64656116965025,15.905338112964817,2.801693546748883e-07,1.951652665708454e-08,2027.664658521288,937.355125068137,-0.1043951143008417,0.5338870664079903,-0.1970617580380195,4.822590483135159,1.8489495482352771,5.326045367848207,1.5682893122492527,-0.5034548847130473,-0.20765403858129344,valid,isolation,0.6212121212121212,0.6212121212121212,0.75,150.0,2.0,3
1851.3674679721614,259.79022318423426,1676.8913942003608,258.760297643669,174.47607358037277,23.109920499086517,1.9142793011723137e-07,1.5783168941790292e-08,5557.619146380718,784.1473262543816,5126.020437163026,783.3044827143909,431.5987083303958,36.347168135027104,8.87295606534833e-07,7.327688378108348e-08,381.3732939058922,135.67503673959777,356.88542383716566,135.39851779947534,24.48786997619267,8.657769458490149,9.253384309984021e-08,2.2490335259266885e-08,1042.3532034748941,268.934176767088,959.7066420250744,268.46342703039386,82.64656116965025,15.905338112964817,2.801693546748883e-07,1.951652665708454e-08,2033.4062514163104,938.5351167465179,-0.0983266620988752,0.5298518826139652,-0.18693132752985478,4.85447590997026,1.8564895811120028,5.3318003224370365,1.5679032392024208,-0.4773244124667766,-0.19643022962255938,valid,isolation,0.6287878787878788,0.6287878787878788,0.75,150.0,2.0,3
1860.1077575976303,259.8959401657993,1685.6316838258297,258.8664352309712,174.47607358037277,23.109920499086517,1.9142793011723137e-07,1.5783168941790292e-08,5567.057597144331,784.1826359779645,5135.458887926639,783.3398304298798,431.5987083303958,36.347168135027104,8.87295606534833e-07,7.327688378108348e-08,381.412706568854,135.67503997044162,356.92483650012747,135.3985210369174,24.48786997619267,8.657769458490149,9.253384309984021e-08,2.2490335259266885e-08,1043.1064289055003,268.9350046615018,960.4598674556805,268.4642563765133,82.64656116965025,15.905338112964817,2.801693546748883e-07,1.951652665708454e-08,2035.5990979554053,939.1336882480451,-0.09434471720306448,0.5275267192340717,-0.18009601100231212,4.876889850710406,1.8638182949213007,5.336998644506175,1.5679670265330887,-0.46010879379576863,-0.18890677983447265,valid,isolation,0.6363636363636364,0.6363636363636364,0.75,150.0,2.0,3
1860.8762825762296,259.8967969263948,1686.4002088031614,258.86729539886954,174.47607358037277,23.109920499086517,1.9269566475376932e-07,1.5834000535359715e-08,5674.018551832336,785.7030406526026,5233.236891373573,784.8439606665842,440.781659571468,36.731804964289005,8.87295606534833e-07,7.327688378108348e-08,382.1685332523378,135.67668103487094,357.6806631836113,135.4001654527857,24.48786997619267,8.657769458490149,9.253384309984021e-08,2.2490335259266885e-08,1043.140793047977,268.9350062677153,960.4942315981573,268.4642579855433,82.64656116965025,15.905338112964817,2.801693546748883e-07,1.951652665708454e-08,2078.752323801208,956.4071476166447,-0.1170824967059858,0.5371135317705841,-0.2198345912078336,4.869255631121081,1.857630073787053,5.4393602375124175,1.5918138674804059,-0.5701046063913369,-0.2330423102467071,valid,isolation,0.6439393939393939,0.6439393939393939,0.75,150.0,2.0,3
1864.0690166445722,259.9148400477205,1686.5319591244797,258.8673135605545,177.53705732739687,23.31175769807255,1.9269566475376932e-07,1.5834000535359715e-08,5691.120417004828,785.77270388995,5250.338756546063,784.9137001496332,440.781659571468,36.731804964289005,8.87295606534833e-07,7.327688378108348e-08,382.8660784494012,135.67829383667612,358.37820838067466,135.4017815482317,24.48786997619267,8.657769458490149,9.253384309984021e-08,2.2490335259266885e-08,1046.980552798573,268.95325352547655,961.2730076017292,268.46508745077443,85.70754491667435,16.197203523672744,2.801693546748883e-07,1.951652665708454e-08,2081.162778255693,955.1492444897892,-0.11646229816206133,0.5355258919637477,-0.21931283205509705,4.868723351501937,1.8541064611027016,5.435746062133147,1.5852731037063643,-0.5670227106312096,-0.23244099127305343,valid,isolation,0.6515151515151515,0.6515151515151515,0.75,150.0,2.0,3
1875.1593446870845,260.0376797701907,1694.5613034187002,258.97256077003806,180.59804107442093,23.51186229274896,1.939633993903073e-07,1.588466946657845e-08,5694.320646861262,785.7786719055819,5250.478002655474,784.9137061513616,443.84264331849215,36.859125293936536,8.87295606534833e-07,7.327688378108348e-08,506.2801852731164,178.61569327363827,481.79231520438987,178.4057423729014,24.48786997619267,8.657769458490149,9.253384309984021e-08,2.2490335259266885e-08,1047.3021809423594,268.95330273281917,961.5946357455156,268.4651367475937,85.70754491667435,16.197203523672744,2.801693546748883e-07,1.951652665708454e-08,2752.7124115252077,1259.8263223295678,-0.46798853085446135,0.7020148656071181,-0.6821863100195396,3.703797618853119,1.4040209658486393,5.437132425082442,1.5851027943653555,-1.733334806229323,-0.8185742804302376,valid,isolation,0.6590909090909091,0.6590909090909091,0.75,150.0,2.0,3
1884.1743540052857,260.14334534316356,1703.5763127369014,259.078660753562,180.59804107442093,23.51186229274896,1.939633993903073e-07,1.588466946657845e-08,5828.998104179203,794.3377804478546,5375.972508732343,793.4644323880506,453.0255945595644,37.23847448449988,8.87295606534833e-07,7.327688378108348e-08,507.13844665592666,178.61696375494134,482.65057658720013,178.40701434931773,24.48786997619267,8.657769458490149,9.253384309984021e-08,2.2490335259266885e-08,1055.053542217211,269.0538577957044,969.3459970203673,268.5658745871557,85.70754491667435,16.197203523672744,2.801693546748883e-07,1.951652665708454e-08,2801.8568971404757,1276.772527114053,-0.48704757135900145,0.7080504678731984,-0.7042815466049017,3.715305685123146,1.405502560122395,5.524836295918665,1.5974594601791354,-1.8095306107955191,-0.8504437963588367,valid,isolation,0.6666666666666667,0.6666666666666667,0.75,150.0,2.0,3
1885.5910684610194,260.1450407073661,1704.993027192635,259.08036308482343,180.59804107442093,23.51186229274896,1.939633993903073e-07,1.588466946657845e-08,5838.172540043908,794.3506975907134,5379.024977102999,793.4655553569551,459.14756205361255,37.48924145580756,8.87295606534833e-07,7.327688378108348e-08,514.7077338669433,178.76829148138629,490.2198637982167,178.55852000724448,24.48786997619267,8.657769458490149,9.253384309984021e-08,2.2490335259266885e-08,1055.74619287906,269.0546710699634,970.0386476822162,268.5666893391266,85.70754491667435,16.197203523672744,2.801693546748883e-07,1.951652665708454e-08,2846.2831107309953,1285.850293983343,-0.5094911926232621,0.7130259066910806,-0.7322895797063385,3.6634208977098104,1.3690878221144467,5.529901579964963,1.5975595524865793,-1.8664806822551525,-0.8871324354196969,valid,isolation,0.6742424242424243,0.6742424242424243,0.75,150.0,2.0,3
1889.981323540635,260.16472741356864,1706.3222985252266,259.08204897330063,183.65902482144503,23.71027815047171,1.939633993903073e-07,1.588466946657845e-08,5849.952763510121,794.3911751828291,5387.744216820921,793.5001741410804,462.2085458006366,37.6139980117959,8.88563341171371e-07,7.328784925057558e-08,514.7129363726987,178.76829151923707,490.2250663039721,178.55852004513972,24.48786997619267,8.657769458490149,9.253384309984021e-08,2.2490335259266885e-08,1089.2502031158256,271.03731545385773,1003.5426579189818,270.55290973568685,85.70754491667435,16.197203523672744,2.801693546748883e-07,1.951652665708454e-08,2764.3294037813434,1239.285833688307,-0.4626226033825196,0.6859274039056065,-0.6904748094375047,3.6719133909082826,1.3718297412915594,5.370623523205408,1.5224191004572851,-1.6987101322971254,-0.8289175695073664,valid,isolation,0.6818181818181819,0.6818181818181819,0.75,150.0,2.0,3
1890.018134950719,260.16472908543864,1706.3591099353107,259.0820506521572,183.65902482144503,23.71027815047171,1.939633993903073e-07,1.588466946657845e-08,5868.074975597006,794.4651439411183,5402.805445160782,793.5683224962113,465.26952954766074,37.738342146031414,8.88563341171371e-07,7.328784925057558e-08,514.8368829353838,178.7683177616779,490.3490128666572,178.55854631841032,24.48786997619267,8.657769458490149,9.253384309984021e-08,2.2490335259266885e-08,1090.008631052187,271.0381369491343,1004.3010858553433,270.55373270178774,85.70754491667435,16.197203523672744,2.801693546748883e-07,1.951652665708454e-08,2771.6307405302077,1241.7733887619388,-0.46645722031787606,0.6873271691454145,-0.6948756529244748,3.671100881845584,1.3712373725794247,5.383512394697779,1.5242098218613598,-1.7124115128521948,-0.8352225765027179,valid,isolation,0.6893939393939394,0.6893939393939394,0.75,150.0,2.0,3
2017.1593157994635,284.93939554398366,1830.439307037031,283.9346971074484,186.7200085684691,23.907047318150386,1.939633993903073e-07,1.588466946657845e-08,5877.513076603058,794.4999988649101,5412.243546166834,793.6032168082558,465.26952954766074,37.738342146031414,8.88563341171371e-07,7.328784925057558e-08,514.8394841882615,178.7683177806033,490.35161411953493,178.55854633735794,24.48786997619267,8.657769458490149,9.253384309984021e-08,2.2490335259266885e-08,1156.1419268000345,274.95970194386376,1070.4343816031908,274.4822185334983,85.70754491667435,16.197203523672744,2.801693546748883e-07,1.951652665708454e-08,2617.3047880404833,1156.9639735748224,-0.29752011531283706,0.6021341746281424,-0.5036741509429842,3.9180353833581423,1.468731575756125,5.083729722414633,1.390689952572772,-1.1656943390564907,-0.5763148503416821,valid,isolation,0.696969696969697,0.696969696969697,0.75,150.0,2.0,3
2017.949506625424,284.9401784630627,1831.2294978629916,283.9354827968666,186.7200085684691,23.907047318150386,1.939633993903073e-07,1.588466946657845e-08,5925.252316586734,795.2196598976763,5453.860818656462,794.3118945205629,471.3914970417089,37.985809336251116,8.88563341171371e-07,7.328784925057558e-08,522.3480426452504,178.91949606008185,497.86017257652384,178.70990207147807,24.48786997619267,8.657769458490149,9.253384309984021e-08,2.2490335259266885e-08,1163.5972105040655,275.0580132141196,1077.8896653072218,274.58070076265653,85.70754491667435,16.197203523672744,2.801693546748883e-07,1.951652665708454e-08,2659.892892324446,1163.1263470263984,-0.3181166741741379,0.6056954711576559,-0.5360607448143475,3.863227851694856,1.4312961634685024,5.092185047452923,1.38419650336499,-1.228957195758067,-0.6172151729450628,valid,isolation,0.7045454545454546,0.7045454545454546,0.75,150.0,2.0,3
2022.4693727292915,284.95816866094555,1832.688380219835,283.93703765734415,189.7809923154932,24.102210126289812,1.939633993903073e-07,1.588466946657845e-08,5972.840549723622,795.9603072469492,5501.449051793349,795.0533875166672,471.3914970417089,37.985809336251116,8.88563341171371e-07,7.328784925057558e-08,530.5301871683366,179.07176634971196,506.04231709961005,178.8623507941497,24.48786997619267,8.657769458490149,9.253384309984021e-08,2.2490335259266885e-08,1163.6366231670272,275.0580148077648,1077.9290779701835,274.58070235907195,85.70754491667435,16.197203523672744,2.801693546748883e-07,1.951652665708454e-08,2723.1630147108744,1179.3608757451093,-0.34645451319542486,0.6132125320225913,-0.5775113428575639,3.8121664358517724,1.394339478126311,5.132908702604736,1.39284129495072,-1.3207422667529634,-0.6701435996710488,valid,isolation,0.7121212121212122,0.7121212121212122,0.75,150.0,2.0,3
2030.6176150657122,285.05379923482894,1840.8366225562556,284.0330120342323,189.7809923154932,24.102210126289812,1.939633993903073e-07,1.588466946657845e-08,6017.495308785118,796.6727681727648,5543.042827107822,795.760773232525,474.452480788733,38.10894032152518,8.88563341171371e-07,7.328784925057558e-08,537.8830361730412,179.2226600965732,513.3951661043147,179.01342106137028,24.48786997619267,8.657769458490149,9.253384309984021e-08,2.2490335259266885e-08,1164.5533618085508,275.0588429208915,1078.845816611707,274.58153191172994,85.70754491667435,16.197203523672744,2.801693546748883e-07,1.951652665708454e-08,2779.3562347540387,1193.3024398046894,-0.3687245762733604,0.6182682045770175,-0.6102802616936576,3.7752029316880082,1.3649759261974728,5.167213033020618,1.3991107650704548,-1.3920101013326094,-0.7121518562135357,valid,isolation,0.7196969696969697,0.7196969696969697,0.75,150.0,2.0,3
2030.6467767024337,285.05380072647904,1840.8657841929771,284.0330135312432,189.7809923154932,24.102210126289812,1.939633993903073e-07,1.588466946657845e-08,6068.747090167837,797.4182136534647,5591.233624743516,796.5011905278947,477.51346453575707,38.23167474659086,8.88563341171371e-07,7.328784925057558e-08,537.9010909579147,179.22266022654622,513.4132208891882,179.0134211914952,24.48786997619267,8.657769458490149,9.253384309984021e-08,2.2490335259266885e-08,1164.835423304105,275.05888944090634,1079.1278781072613,274.58157851261154,85.70754491667435,16.197203523672744,2.801693546748883e-07,1.951652665708454e-08,2802.4436888168984,1202.245281375978,-0.3800744279947028,0.6229403530350949,-0.6246451653978743,3.7751304298085375,1.3649078505950927,5.209960968523415,1.407897222715826,-1.4348305387148774,-0.7317185744506484,valid,isolation,0.7272727272727273,0.7272727272727273,0.75,150.0,2.0,3
2033.8318609974133,285.0702515407764,1840.9898847409327,284.03303004941193,192.84197606251726,24.295805285509118,1.939633993903073e-07,1.588466946657845e-08,6189.1068813491875,805.8082552353218,5708.532432177843,804.8949705582493,480.57444828278113,38.35401641847512,8.88563341171371e-07,7.328784925057558e-08,539.3202526812556,179.22512107116523,514.8323826125292,179.01588491242188,24.48786997619267,8.657769458490149,9.253384309984021e-08,2.2490335259266885e-08,1172.222482466016,275.15715130104724,1086.5149372691722,274.68001112225136,85.70754491667435,16.197203523672744,2.801693546748883e-07,1.951652665708454e-08,2847.506115134856,1216.4037424514374,-0.40006957789441255,0.6294563300461625,-0.6512722910343863,3.7711023290635275,1.3601104787961282,5.279805646048609,1.4172142635250444,-1.5087033169850814,-0.7680692914936507,valid,isolation,0.7348484848484849,0.7348484848484849,0.75,150.0,2.0,3
2035.4016836525534,285.0718166091846,1842.5597073960728,284.03460083304856,192.84197606251726,24.295805285509118,1.939633993903073e-07,1.588466946657845e-08,6235.4539819491765,806.5172795783733,5748.757565283784,805.5931680693874,486.6964157768293,38.597536429515166,8.88563341171371e-07,7.328784925057558e-08,540.0153506107117,179.22634197789688,515.5274805419853,179.01710724615586,24.48786997619267,8.657769458490149,9.253384309984021e-08,2.2490335259266885e-08,1172.9177343807426,275.1579465483216,1087.2101891838988,274.68080775092704,85.70754491667435,16.197203523672744,2.801693546748883e-07,1.951652665708454e-08,2870.8244146866978,1224.4506106387973,-0.4104461236049328,0.6331807097317946,-0.6645119914827962,3.769155231144237,1.357773345808164,5.316190385032645,1.4241393920055165,-1.5470351538884075,-0.7862273173728588,valid,isolation,0.7424242424242424,0.7424242424242424,0.75,150.0,2.0,3
2036.8868184226994,285.07336674876984,1844.0448421662188,284.0361566332837,192.84197606251726,24.295805285509118,1.939633993903073e-07,1.588466946657845e-08,6236.191247779743,806.5175514386142,5749.494831114351,805.5934402414844,486.6964157768293,38.597536429515166,8.88563341171371e-07,7.328784925057558e-08,540.7130497930456,179.22756289518853,516.2251797243191,179.01832959044276,24.48786997619267,8.657769458490149,9.253384309984021e-08,2.2490335259266885e-08,1173.5835166882068,275.1587402451806,1087.875971491363,274.68160282648614,85.70754491667435,16.197203523672744,2.801693546748883e-07,1.951652665708454e-08,2873.2424584449413,1224.3070787007734,-0.4106048664352835,0.6326593636559059,-0.6653278404618873,3.7670383934737743,1.355383896317449,5.3138026898826585,1.4228445110592447,-1.5467642964088841,-0.7871240724954868,valid,isolation,0.75,0.75,0.75,150.0,2.0,3
0.18972383719783414,0.13063399992639443,0.18972383719783414,0.13063399992639443,0.0,0.0,0.0,0.0,3.8458180870298575,3.1330140089665375,0.7848343349348353,0.6679485615187547,3.0609837470240837,3.0609837470240837,5.070938546151824e-09,2.5354692730759125e-09,0.6634890251274247,0.6608928914928265,0.6634890251274247,0.6608928914928265,0.0,0.0,0.0,0.0,1.267734636537956e-09,1.2677346365379562e-09,0.0,0.0,0.0,0.0,1.267734636537956e-09,1.2677346365379562e-09,2012769880.8870249,3280167783.3362126,-10608945667.689028,18768992645.809376,-0.6136179651914455,0.2859487195909491,0.3462564113502162,3033614430.1715727,3912848015.714346,-3033614429.885624,-0.7752957481870899,valid,egm_isolation,0.0,0.75,0.0,150.0,2.0,3
3.253154851829221,3.063770998394154,0.19217110480513733,0.13065692119252992,3.0609837470240837,3.0609837470240837,0.0,0.0,22.214167836781666,8.126100649559598,0.7872816025421385,0.6679530447222434,21.426886229168588,8.098601761836372,5.070938546151824e-09,2.5354692730759125e-09,3.7244727721515085,3.1315173500351787,0.6634890251274247,0.6608928914928265,3.0609837470240837,3.0609837470240837,0.0,0.0,0.007495789360032587,0.004329521222630886,0.00749578809229795,0.0043295212226307014,0.0,0.0,1.267734636537956e-09,1.2677346365379562e-09,11037.671856848629,11961.319335576802,-3391.9131441874774,4871.310525815411,-0.9225084650324332,0.8734537881854288,1.1027311875795938,2963.5528387746867,2026.1457846326446,-2962.679384986501,-1.4622239765130842,valid,egm_isolation,0.007575757575757576,0.75,0.007575757575757576,150.0,2.0,3
27.18824008665019,10.525307169634774,8.82233760197022,7.3867693897868225,18.365902482144502,7.497848291161511,2.535469273075912e-09,1.7928475164821038e-09,66.23381216615421,14.997713562215697,11.136104705775619,7.501881437509384,55.0977074464335,12.986654187735223,1.3945081001917517e-08,4.204600123133978e-09,4.6200493078793174,3.2023690478809814,1.5590655608552337,0.9410345473363573,3.0609837470240837,3.0609837470240837,0.0,0.0,2.25525119328081,1.1525497898056902,2.255251189477606,1.1525497898056902,0.0,0.0,3.8032039096138685e-09,2.195780800998604e-09,135.68487579926438,120.82038936419457,-3.990572224124487,4.845652723200361,-0.8946111666815393,5.884837644542383,4.67212729967924,29.36870729233539,16.41621384440061,-23.483869647793007,-1.3758905141152282,valid,egm_isolation,0.015151515151515152,0.75,0.015151515151515152,150.0,2.0,3
78.80679596205415,35.068705555674924,45.135974735915084,33.567071258237945,33.67082121726492,10.152134578255039,8.874142455765693e-09,3.8032039096138685e-09,237.57296721098015,68.37223907176514,164.10935720635962,66.70751201849394,73.46360992857801,14.995696582323022,7.604250745741621e-08,2.9444638907064634e-08,25.286396905769337,11.04224343641748,22.22541315874525,10.609501336517157,3.0609837470240837,3.0609837470240837,0.0,0.0,24.261166054966125,11.002898936048322,21.200182292729227,10.568545950004081,3.0609837470240837,3.0609837470240837,1.5212815638455474e-08,4.391561601997208e-09,247.61235009759537,171.40800426519957,-2.142017729242817,2.585676839852437,-0.9648313184090155,3.1165688119082566,1.9430926240969435,9.792314461420963,5.259714878305127,-6.675745649512706,-1.1905758404047406,valid,egm_isolation,0.022727272727272728,0.75,0.022727272727272728,150.0,2.0,3
108.13748618169168,36.63740961162987,56.10076247214039,34.39500279921596,52.03672369940942,12.620759307279226,1.0141877092303648e-08,4.008928920145659e-09,345.5874755941549,77.79394687250777,226.20910934488415,75.40877224514588,119.37836613393927,19.11583737329543,1.1533149582266229e-07,3.6084446672490556e-08,26.30945497222355,11.06320408070393,23.24847122393173,10.63131520705498,3.0609837470240837,3.0609837470240837,1.267734636537956e-09,1.2677346365379562e-09,67.3708710053291,35.316581365100916,64.30988724309219,35.183679424105826,3.0609837470240837,3.0609837470240837,1.5212815638455474e-08,4.743428667271421e-09,134.95770490171665,95.64810362807562,-0.2480196245265205,0.9803759362208824,-0.26185253316775337,4.110213848818185,2.219556891460198,5.129627544325776,2.9264537222662996,-1.0194136955075903,-0.27754627800225046,valid,egm_isolation,0.030303030303030304,0.75,0.030303030303030304,150.0,2.0,3
155.79001431159395,40.08955214702289,88.44837185931583,37.43047579658673,67.34164243452985,14.357286407605137,1.7748284911531385e-08,5.070938546151825e-09,587.6786401015686,147.99275744182526,434.62945262235553,146.401417958494,153.04918735120418,21.64442364622537,1.2800884218804184e-07,3.6306456763867706e-08,38.5033780595965,13.664990326137563,32.3814105604774,12.961200469645625,6.121967494048167,4.3288847292450745,5.070938546151824e-09,2.5354692730759125e-09,76.49335738569943,35.60581147998987,67.31040611927249,35.20887596402279,9.182951241072251,5.301779370988272,2.5354692730759122e-08,5.946202518491657e-09,295.81147475702926,188.49499144713457,-0.8987832825111619,1.3048659372722329,-0.7265877506567461,4.046138862685197,1.7737402545067555,7.682740831185378,4.065934871647829,-3.636601968500181,-0.8197954478662809,valid,egm_isolation,0.03787878787878788,0.75,0.03787878787878788,150.0,2.0,3
168.29465133179042,40.88910764292651,97.892025128685,38.16304271602675,70.40262618155393,14.679962346325988,2.1551488821145254e-08,5.525927167895217e-09,671.2697039411415,152.1522356965966,478.427727737938,150.19992234685512,192.84197606251726,24.295805285509118,1.406861885534214e-07,3.652711751334035e-08,47.382872009988944,15.546285662603816,41.26090450833437,14.931435125405388,6.121967494048167,4.3288847292450745,7.606407819227737e-09,3.1053029887706838e-09,87.20070207587713,36.010656147557356,68.8347995671102,35.2214370402506,18.365902482144502,7.497848291161511,2.662242736729708e-08,6.079841733104123e-09,364.752641995358,209.39590204779347,-1.1673454213126093,1.3510648364868985,-0.9208214485122949,3.551803514491727,1.4500730256579866,7.697985084535678,3.6263527149655097,-4.146181570043951,-1.0616188132058875,valid,egm_isolation,0.045454545454545456,0.75,0.045454545454545456,150.0,2.0,3
207.20448435056795,43.38024793073471,121.49693940980664,40.24296843604776,85.70754491667435,16.197203523672744,2.4086958094221165e-08,5.8094899330525135e-09,745.5523945993871,156.19700547471683,531.2835321556054,154.08319510673616,214.26886229168585,25.61002743005544,1.52095800282263e-07,3.672457860631592e-08,54.89938821214902,17.197722153445604,48.7774207092267,16.643990034484595,6.121967494048167,4.3288847292450745,8.874142455765693e-09,3.3541105767022896e-09,88.77852426828161,36.02296108778235,70.41262175317601,35.23401760422174,18.365902482144502,7.497848291161511,3.2961100549986856e-08,6.708221153404579e-09,461.03909341769133,255.3117788462209,-1.225043993920818,1.3172896446868305,-0.9801663623554412,3.774258531804812,1.4220621959061464,8.3978912776967,3.8349525800005306,-4.623632745891889,-1.13043801651273,valid,egm_isolation,0.05303030303030303,0.75,0.05303030303030303,150.0,2.0,3
212.4561058112407,43.50329871998093,123.68757712091983,40.25938370160517,88.76852866369843,16.4839019496848,2.662242736729708e-08,6.079841733104123e-09,794.2551171869713,156.93432558172887,558.5593684950052,154.6186330631825,235.69574852085444,26.86002337052243,1.7111181983033235e-07,3.705134195196778e-08,54.909485253119,17.197722895150516,48.78751775019669,16.64399080086543,6.121967494048167,4.3288847292450745,8.874142455765693e-09,3.8032039096138685e-09,129.43060129213893,39.72143411558094,108.00371502747379,38.88707982995918,21.426886229168588,8.098601761836372,3.549656982306277e-08,6.943668573624515e-09,336.95385178621683,162.06020973597344,-0.5859927889556054,0.8290473149094401,-0.7419517024876968,3.8692059273888866,1.4478444308568963,6.13653269982306,2.239828352784149,-2.2673267724341732,-0.8501295863011589,valid,egm_isolation,0.06060606060606061,0.75,0.06060606060606061,150.0,2.0,3
223.915518304928,44.23161723369493,132.0860058650476,40.931006805620235,91.82951241072251,16.765698464017778,2.915789664037299e-08,6.3386731826897805e-09,913.3571102193457,164.47709262721074,656.2344752868013,162.0668559364876,257.12263475002305,28.05437944353484,1.8252143155917396e-07,3.72891485909387e-08,56.243959094001625,17.223102227856334,50.12199158854384,16.67021317656432,6.121967494048167,4.3288847292450745,1.1409611728841605e-08,4.204600123133978e-09,133.66406235551523,39.84507913398525,109.1761923400228,38.893101691651985,24.48786997619267,8.657769458490149,3.929977373267664e-08,7.282581038778407e-09,384.3278368179325,178.2316147308918,-0.7163966112190361,0.8651795829535042,-0.8735242627767232,3.9811478763558172,1.450757953419956,6.833228723738987,2.37980395025883,-2.85208084738317,-1.0232991136268068,valid,egm_isolation,0.06818181818181818,0.75,0.06818181818181818,150.0,2.0,3
248.06277366790238,45.7459549956739,147.0503099818788,42.23144431559518,101.01246365179476,17.584012894814563,3.422883518652481e-08,6.826959949469653e-09,1005.2218459869733,171.1624240586653,732.7942923028279,168.7088589736141,272.42755348514345,28.877262914957132,1.9900198183416737e-07,3.756825211598112e-08,60.28485750418415,17.506230510419368,51.10190625170229,16.68410147971119,9.182951241072251,5.301779370988272,1.1409611728841605e-08,4.204600123133978e-09,147.5194407833721,40.66027080160598,119.97058701832009,39.60973400774135,27.54885372321675,9.182951241072251,4.183524300575255e-08,7.500019253557343e-09,410.7909806572981,178.72494986593995,-0.6559960794732163,0.7825321440123338,-0.8820598356814656,4.114843825428056,1.4155033225928153,6.8141652425534325,2.207652537406582,-2.6993214171253763,-1.0293026937492362,valid,egm_isolation,0.07575757575757576,0.75,0.07575757575757576,150.0,2.0,3
285.41275597570046,56.33221564870138,181.3393085388496,53.42987356252348,104.07344739881884,17.848448979800747,3.8032039096138685e-08,7.171390065928415e-09,1042.4029191998027,171.67048814234536,748.548479275079,169.03039027072842,293.85443971431204,29.991393164646045,2.1041159356300898e-07,3.776026915989904e-08,61.00911707036163,17.518749752456507,51.82616581787977,16.69723714841944,9.182951241072251,5.301779370988272,1.1409611728841605e-08,4.204600123133978e-09,160.14767461249374,41.44900358616803,129.53783709281126,40.30289919212654,30.609837470240837,9.679680521352758,4.944165082498029e-08,8.11746237784931e-09,397.1089925959256,166.86295408638645,-0.3913498408239846,0.6459200163466472,-0.634222577543186,4.67819843461322,1.6300704506362782,6.509010647342118,1.9967745627820395,-1.8308122127288975,-0.7102662844778852,valid,egm_isolation,0.08333333333333334,0.75,0.08333333333333334,150.0,2.0,3
323.3679458222056,65.22556060983713,216.23351463452744,62.66128792471028,107.13443114584292,18.10902406216569,4.183524300575255e-08,7.500019253557343e-09,1259.1220520176844,212.70944889926616,956.0846608392111,210.51773588601628,303.0373909553843,30.456403734765114,2.2308893992838854e-07,3.7972482643551273e-08,61.14316067401673,17.51901826683765,51.96020942153486,16.69751887362774,9.182951241072251,5.301779370988272,1.1409611728841605e-08,4.204600123133978e-09,177.4316776140362,41.935484069855875,134.57790510245417,40.341171564290214,42.853772458337176,11.453152447847641,5.324485473459416e-08,8.409200246267956e-09,433.89491081847655,177.0457591975742,-0.3417993849552452,0.6107486684220509,-0.5857952428151729,5.2887018312029035,1.8531751979466653,7.096376864319735,2.0616037829141143,-1.8076750331168316,-0.6520988633586385,valid,egm_isolation,0.09090909090909091,0.75,0.09090909090909091,150.0,2.0,3
343.5260541943112,66.13030662974361,233.3306392570735,63.528820868644104,110.195414892867,18.365902482144502,4.4370712278828464e-08,7.711328745494311e-09,1360.5035760949345,218.14353926555137,1045.222249894147,215.92019986293073,315.2813259434806,31.065592131057098,2.573069897474828e-07,4.3250218091617536e-08,65.03895041825402,17.796985203886653,52.79501541621261,16.71090052478256,12.243934988096335,6.121967494048167,1.3945081001917517e-08,4.570882235719305e-09,301.5543505924781,123.5070401286223,258.70057807582515,122.97485214603626,42.853772458337176,11.453152447847641,5.831579328074598e-08,8.783123203994417e-09,293.4320942664022,151.99997232374375,0.1458228839305853,0.4720358949651963,0.3022031975016027,5.281851136667424,1.767128752741155,4.5116363714265395,1.9843766297068806,0.7702147652408842,0.289863996781208,valid,egm_isolation,0.09848484848484848,0.75,0.09848484848484848,150.0,2.0,3
383.7461419034678,67.95934017099353,264.3677757238901,65.21546348830572,119.37836613393927,19.11583737329543,4.563844691536642e-08,7.814841145523362e-09,1422.2303840743298,218.99581956713234,1091.6441391257442,216.6731406195264,330.586244678601,31.810676225929633,2.6998433611286237e-07,4.3435617597304413e-08,68.16850846622897,18.05835072584667,52.86358971589574,16.710952200277486,15.304918735120419,6.844567736367871,1.5212815638455474e-08,4.743428667271421e-09,305.40016869091755,123.54677145969254,259.48541241076,122.97666614289197,45.91475620536126,11.855139075235854,7.47963435557394e-08,9.901324034156213e-09,317.45668115795746,161.1039059674888,0.1727430024877894,0.4446470454687777,0.37911928883578144,5.629375653621314,1.7938062364293883,4.656940401083106,2.0157781456977797,0.9724352525382081,0.36038119957180303,valid,egm_isolation,0.10606060606060606,0.75,0.10606060606060606,150.0,2.0,3
399.6187231788887,68.75377070372222,280.24035699550774,66.04290838157972,119.37836613393927,19.11583737329543,4.944165082498029e-08,8.11746237784931e-09,1730.4989882390403,275.98254617351836,1387.668808285878,274.0747492646287,342.8301796666974,32.39440704734549,2.864648863878558e-07,4.3675460392216535e-08,68.93443219321827,18.070676857996602,53.62951344034957,16.724271422349194,15.304918735120419,6.844567736367871,1.7748284911531385e-08,5.070938546151825e-09,305.5216679897985,123.54680940743756,259.6069117058377,122.97670426655823,45.91475620536126,11.855139075235854,7.859954746535328e-08,1.0299124874121565e-08,390.4500978607518,198.1996202039062,0.022943432793144147,0.5236850132144206,0.04370465538654192,5.797084424497558,1.8177312327566384,5.6640794076079155,2.4621318311008844,0.1330050168896424,0.0434595656962743,valid,egm_isolation,0.11363636363636365,0.75,0.11363636363636365,150.0,2.0,3
417.6739805553373,69.35520795570105,289.1126631258132,66.45766146651282,128.56131737501153,19.83744194650397,5.451258937113211e-08,8.504222474189575e-09,1795.524306745177,278.25796985792556,1443.5111755369974,276.3150218808353,352.0131309077696,32.82539371352222,3.004099673897733e-07,4.3877380307711325e-08,79.35820800191439,19.747997286447532,60.992305500753865,18.269254714636432,18.365902482144502,7.497848291161511,1.9016019548069342e-08,5.227003811700007e-09,306.3459149940338,123.54861855451183,260.43115870373435,122.97852180049604,45.91475620536126,11.855139075235854,8.493822064804306e-08,1.0682121920112113e-08,465.12646140540807,231.90657972655384,-0.11361129268090431,0.5852164339168467,-0.19603976995011912,5.263147833999246,1.5745297792181274,5.861100862990601,2.532278694560141,-0.5979530289913555,-0.2005291968415633,valid,egm_isolation,0.12121212121212122,0.75,0.12121212121212122,150.0,2.0,3
443.55193925664014,70.58436774498826,311.92963807628877,67.67022421626277,131.6223011220356,20.072212744998016,5.831579328074598e-08,8.783123203994417e-09,1810.1750785478312,278.37667154961974,1455.1009635470107,276.4176100922255,355.07411465479373,32.9678038993696,3.4602684357027856e-07,5.247513350556324e-08,112.11373335801811,38.21450579300371,93.74783085685759,37.47173233260294,18.365902482144502,7.497848291161511,1.9016019548069342e-08,5.227003811700007e-09,311.58678169070356,123.59190171753579,262.61104164577364,122.98391856728382,48.97573995238534,12.243934988096335,9.25446284672708e-08,1.1124326288284061e-08,651.328933103121,355.05816895281805,-0.4684389255398129,0.8338990158120217,-0.573959837243918,3.9562676754347716,1.4882391508296924,5.80953745446333,2.471501911467498,-1.8532697790285582,-0.6423830401376933,valid,egm_isolation,0.12878787878787878,0.75,0.12878787878787878,150.0,2.0,3
477.6026797772028,77.80353930123097,345.9803785930482,75.16978783605639,131.6223011220356,20.072212744998016,6.211899719035985e-08,9.053436173220597e-09,1816.7015671158947,278.3974407243955,1458.5664683515695,276.42157890882265,358.1350984018178,33.10960155977168,3.62507393845272e-07,5.267383222093775e-08,112.1769511679432,38.21452820307827,93.81104866551495,37.47175518689498,18.365902482144502,7.497848291161511,2.0283754184607296e-08,5.378542549446311e-09,322.433490856324,123.84840733513818,270.3967670631022,123.2036705376834,52.03672369940942,12.620759307279226,9.381236310380874e-08,1.1196329151864278e-08,632.0436578714309,338.64308304483984,-0.32336706771886914,0.7410967108381988,-0.44447812852742813,4.257582995478017,1.6077044092167108,5.6343451242954625,2.3300615696092803,-1.3767621288174459,-0.48633658543144836,valid,egm_isolation,0.13636363636363635,0.75,0.13636363636363635,150.0,2.0,3
603.1655225944398,139.82018359614764,471.5432214102853,138.37192640264848,131.6223011220356,20.072212744998016,6.211899719035985e-08,9.053436173220597e-09,1842.547958699891,278.7061827118706,1481.3518761847386,276.7155957745718,361.19608214884187,33.250794531054154,3.6631059775488587e-07,5.271957941946743e-08,112.20871405754228,38.21453941828211,93.84281155511403,37.471766624408886,18.365902482144502,7.497848291161511,2.0283754184607296e-08,5.378542549446311e-09,438.4997972021582,169.64471724433673,386.46307340259773,169.1746036597062,52.03672369940942,12.620759307279226,1.0015103628649854e-07,1.1549612202159689e-08,471.493803085496,253.2663706160731,0.21830113721118327,0.4573267115633797,0.45514161147947013,5.375389314996763,2.214515408704078,4.201935714580126,1.7454601963550298,1.1734536004166367,0.4161625260785266,valid,egm_isolation,0.14393939393939395,0.75,0.14393939393939395,150.0,2.0,3
613.1412659143505,139.92225977919614,472.3360134891236,138.37353862909538,140.80525236310785,20.760601845300574,6.211899719035985e-08,9.053436173220597e-09,1895.2721765715853,280.8314939111883,1531.0151102967313,278.8392781046886,364.25706589586594,33.39139048386465,3.7898794412026543e-07,5.287178420719613e-08,145.71272429811108,50.310648642402064,127.34682179187963,49.74880539090319,18.365902482144502,7.497848291161511,2.4086958094221165e-08,5.8094899330525135e-09,558.1882956035524,205.49946478837398,503.09058805316465,205.0887048116408,55.0977074464335,12.986654187735223,1.039542401961124e-07,1.1892405036983315e-08,494.7528894994959,260.25448136153113,0.19308499198517848,0.4626829395396009,0.4006595455770898,4.207877306994382,1.741528195893682,3.395399350898757,1.3474791286295964,0.8124779560956248,0.36897971562922677,valid,egm_isolation,0.15151515151515152,0.75,0.15151515151515152,150.0,2.0,3
618.2876556492586,139.96044896494203,474.4214194757399,138.3783041664751,143.86623611013192,20.985047307038485,6.338673182689781e-08,9.14176447143861e-09,1972.0355893036126,284.72960138252665,1604.7175392703248,282.7482826181391,367.31804964289006,33.531396928035555,3.9039755584910704e-07,5.300839485619628e-08,145.7228213390811,50.31064889593954,127.35691883284963,49.74880564730403,18.365902482144502,7.497848291161511,2.4086958094221165e-08,5.8094899330525135e-09,562.102492216705,205.5233648383163,503.94380091548993,205.08981126806933,58.15869119345759,13.342518821098452,1.0775744410572627e-07,1.2093417667876196e-08,511.24233361984653,267.47851524191003,0.17313190883134266,0.4713681454753202,0.3545914268034526,4.2429020380450275,1.7516518373484684,3.5083203092138975,1.3791505794873054,0.73458172883113,0.3294936520603476,valid,egm_isolation,0.1590909090909091,0.75,0.1590909090909091,150.0,2.0,3
652.615871099434,143.7365319373201,508.74963492337986,142.19640784101966,143.86623611013192,20.985047307038485,6.592220109997371e-08,9.315908966312052e-09,2153.54009346657,310.88997470055176,1786.2220434282115,309.0764012171816,367.31804964289006,33.531396928035555,3.9546849439525884e-07,5.3068997820433055e-08,145.73047111244378,50.310649089955646,127.36456860621232,49.74880584351127,18.365902482144502,7.497848291161511,2.4086958094221165e-08,5.8094899330525135e-09,692.8509993967937,236.19670515559795,634.69230808924,235.8195511781606,58.15869119345759,13.342518821098452,1.1409611728841605e-07,1.2549932615374725e-08,452.96378680791406,229.29156351721298,0.3059258794230282,0.3831578140008507,0.7377599301534048,4.47823894424855,1.8338536132433896,3.108229756962859,1.1507043497084102,1.3700091872856905,0.6328044672872275,valid,egm_isolation,0.16666666666666669,0.75,0.16666666666666669,150.0,2.0,3
805.7476509797631,187.5678363333657,658.8204310566848,186.36510240600862,146.92721985715602,21.207117483953088,6.592220109997371e-08,9.315908966312052e-09,2288.848427278697,331.98171732476993,1918.4693934768338,330.26979340602503,370.3790333899141,33.67082121726492,4.119490446702523e-07,5.326548126205134e-08,146.39396014010666,50.314989727383235,128.02805763133975,49.75319549807235,18.365902482144502,7.497848291161511,2.662242736729708e-08,6.079841733104123e-09,693.0460797326238,236.19674131095212,634.8873884174636,235.8195873913392,58.15869119345759,13.342518821098452,1.217025251076438e-07,1.292840729952899e-08,483.47951922483173,244.29616811562462,0.39996161498338056,0.3338206205324173,1.046334417933975,5.503967856383013,2.2847549441835033,3.3025919837274476,1.2232466988825115,2.2013758726555652,0.8494243544420469,valid,egm_isolation,0.17424242424242425,0.75,0.17424242424242425,150.0,2.0,3
940.2471913133115,220.77257642928654,790.258987639406,219.73033256641523,149.98820360418011,21.426886229168588,6.972540500958759e-08,9.571186613719709e-09,2340.0950061911453,333.7666378513547,1966.6549886067723,332.0498075886399,373.4400171369382,33.809670553623604,4.474348291258845e-07,5.71619678811384e-08,146.70533725765264,50.31525249792772,128.33943474888574,49.75346123570649,18.365902482144502,7.497848291161511,2.662242736729708e-08,6.079841733104123e-09,708.4203152914487,236.42644982119592,650.2616239724854,236.0496629240616,58.15869119345759,13.342518821098452,1.2550572901725764e-07,1.3113549047780638e-08,484.60556492791017,241.98809294888878,0.48459770004627567,0.28439904317623593,1.3909964653165425,6.409086464673016,2.6638944600824193,3.3032579044947563,1.1988775065800454,3.1058285601782596,1.0631885619067856,valid,egm_isolation,0.18181818181818182,0.75,0.18181818181818182,150.0,2.0,3
955.6215808561392,221.0183161485586,805.6333771796982,219.97723659430415,149.98820360418011,21.426886229168588,7.226087428266349e-08,9.901324034156213e-09,2470.294723525645,353.4321873160096,2090.7327384408854,351.7847039952636,379.5619846309864,34.085672443765205,4.537735023085742e-07,5.7232214072038916e-08,147.5243817497939,50.319694478084315,129.15847924102698,49.75795336798405,18.365902482144502,7.497848291161511,2.662242736729708e-08,6.079841733104123e-09,709.3636143193512,236.42741502981443,651.2049229978525,236.0506296733579,58.15869119345759,13.342518821098452,1.2804119829033357e-07,1.323553817741857e-08,513.7403363683596,255.78937305028506,0.4624019102748801,0.2951370089551758,1.3071504720956426,6.477719611642937,2.669548805232332,3.4824096889941885,1.2630900696161318,2.9953099226487483,1.0142301781068186,valid,egm_isolation,0.1893939393939394,0.75,0.1893939393939394,150.0,2.0,3
991.6206259789133,223.44763994921428,838.5714385554483,222.3968676126002,153.04918735120418,21.64442364622537,7.226087428266349e-08,9.901324034156213e-09,2680.1551267516043,375.05956921429265,2297.532157917285,373.4949501288707,382.62296837801046,34.222838681839356,4.5630897158165023e-07,5.7260288418807715e-08,150.59316925545107,50.412709649123634,129.16628299966007,49.75795357196701,21.426886229168588,8.098601761836372,2.662242736729708e-08,6.079841733104123e-09,744.218561741141,238.68306876953795,686.059870415839,238.3098497938191,58.15869119345759,13.342518821098452,1.3184440219994742e-07,1.3416442306809158e-08,542.3313464387315,262.6289195784414,0.4530858553861261,0.2921172624778196,1.3029568105276566,6.584764972286545,2.6571881409724694,3.601301102301495,1.2601572031450539,2.98346386998505,1.0144876104314726,valid,egm_isolation,0.19696969696969696,0.75,0.19696969696969696,150.0,2.0,3
999.0710151515331,223.56860407296878,846.0218277242648,222.51840295166284,153.04918735120418,21.64442364622537,7.606407819227737e-08,1.014187709230365e-08,2683.3213004424415,375.07207126098933,2297.6373478547594,373.4949615872561,385.6839521250345,34.35945734354292,4.6264764476433993e-07,5.733041413899288e-08,184.1211386231827,60.102017228231716,162.6942523673917,59.55388420922554,21.426886229168588,8.098601761836372,2.662242736729708e-08,6.079841733104123e-09,744.4035868230233,238.68309200323208,686.2448954901149,238.3098730638997,58.15869119345759,13.342518821098452,1.3945081001917518e-07,1.3771123077803302e-08,663.6939717577691,317.5346076374346,0.3356888932894285,0.35087717142859554,0.8636079053459462,5.426161399078704,2.14748638361075,3.604659284212157,1.2608377732127385,1.8215021148665467,0.7314497051295209,valid,egm_isolation,0.20454545454545456,0.75,0.20454545454545456,150.0,2.0,3
1019.2239210178832,223.83423422631134,863.1137498410553,222.76425591912718,156.11017109822828,21.859796350305405,7.859954746535328e-08,1.0299124874121565e-08,2750.360734056883,377.9162422368464,2364.6767814603268,376.35105133037166,385.6839521250345,34.35945734354292,4.7152178722010564e-07,5.742844628848304e-08,184.88446110109757,60.10572185162235,163.45757483896787,59.55762292778124,21.426886229168588,8.098601761836372,3.2961100549986856e-08,6.708221153404579e-09,747.5911183906812,238.7027386083426,686.3714433056778,238.30989276387965,61.219674940481674,13.689135472735742,1.4452174856532698e-07,1.40025867345544e-08,680.1832574527606,323.72686887183335,0.3326459049612257,0.34980377459545414,0.8614397123467746,5.512761402163249,2.1627938305610064,3.678963896705339,1.2788316831831164,1.8337975054579099,0.7298447172510909,valid,egm_isolation,0.21212121212121213,0.75,0.21212121212121213,150.0,2.0,3
1060.644127870027,226.3339730948589,904.5339566906637,225.27586794955977,156.11017109822828,21.859796350305405,8.113501673842919e-08,1.0454007623400014e-08,2834.318880858211,380.89283565999995,2445.573944505756,379.3275765439068,388.74493587205865,34.49553493486209,4.803959296758713e-07,5.7526311378967515e-08,300.9167112699248,130.58942922911467,279.4898250065274,130.33806687184344,21.426886229168588,8.098601761836372,3.422883518652481e-08,6.826959949469653e-09,747.8785363797966,238.70279224365652,686.6588612922577,238.30994648760955,61.219674940481674,13.689135472735742,1.470572178384029e-07,1.4116895461682603e-08,1140.4176946254543,633.1761339561066,-0.0752123777045064,0.6395474859846392,-0.11863777283466005,3.5247099551032255,1.7045471532183436,3.7898117715452835,1.3124525799027762,-0.265101816442058,-0.12322971074311842,valid,egm_isolation,0.2196969696969697,0.75,0.2196969696969697,150.0,2.0,3
1104.0489887799226,228.82500994780156,944.8778338535353,227.7579084458652,159.17115484525235,22.07306770651445,8.113501673842919e-08,1.0454007623400014e-08,2875.181946253601,382.3215490690482,2480.3150424020273,380.73755489722214,394.8669033661068,34.76609229466813,4.854668682220232e-07,5.758215960959297e-08,308.3278835480723,130.79627332486982,286.9009972846749,130.54530924233637,21.426886229168588,8.098601761836372,3.422883518652481e-08,6.826959949469653e-09,747.9179490452939,238.70279408001903,686.6982739552195,238.30994832699926,61.219674940481674,13.689135472735742,1.495926871114788e-07,1.423028600181426e-08,1185.288794627275,648.666145425985,-0.07358351547165487,0.6282571501672286,-0.11810798266375348,3.580762712976581,1.6906060030148633,3.8442478214672184,1.3291462209685025,-0.26348510849063755,-0.12252102293859439,valid,egm_isolation,0.2272727272727273,0.75,0.2272727272727273,150.0,2.0,3
1111.4969724706896,228.94311987221369,952.3258175417668,227.87657145666913,159.17115484525235,22.07306770651445,8.36704860115051e-08,1.060662894644013e-08,3034.475768369687,399.8656686194944,2636.5478807609475,398.33968186156693,397.9278871131309,34.90058444984737,4.956087453143269e-07,5.7693693885675786e-08,308.42022120642866,130.79630591846697,286.99333494303124,130.5453418985924,21.426886229168588,8.098601761836372,3.422883518652481e-08,6.826959949469653e-09,749.3345095170248,238.7046417209671,688.1148344256827,238.31179901369623,61.219674940481674,13.689135472735742,1.508604217480168e-07,1.4286643790691672e-08,1248.9664840464193,682.5917997419044,-0.12367960955409152,0.6562871489152055,-0.19093972696898834,3.603839489262132,1.699066029608783,4.049560950189688,1.396024461244047,-0.4457214609275564,-0.20269051965139676,valid,egm_isolation,0.23484848484848486,0.75,0.23484848484848486,150.0,2.0,3
1126.96094443119,229.18011743046355,967.7897895022672,228.11467709786822,159.17115484525235,22.07306770651445,8.36704860115051e-08,1.060662894644013e-08,3038.85852767262,399.878476674239,2637.869656305447,398.3407783429527,400.988870860155,35.03456031464465,5.070183570431685e-07,5.781891277213855e-08,315.7808739723019,131.00281695712783,294.353987706369,130.75224931222377,21.426886229168588,8.098601761836372,3.676430445960073e-08,7.0584477308413024e-09,753.8122077210501,238.72611436317453,689.5315488814163,238.31364968765226,64.28065868750576,14.02718972176742,1.5212815638455474e-07,1.434278013185683e-08,1273.013877883163,685.1992221411605,-0.12959893080029516,0.6499547878832497,-0.20214643606017654,3.568806844616052,1.6488476311720233,4.031320395911068,1.3825088288997998,-0.46251355129501626,-0.21494759885596137,valid,egm_isolation,0.24242424242424243,0.75,0.24242424242424243,150.0,2.0,3
1149.9310275848754,229.53469222833635,990.7598726521494,228.4709054089398,159.17115484525235,22.07306770651445,8.747368992111896e-08,1.0831529482649056e-08,3095.6821317203103,401.41831733501857,2694.6932603467985,399.8865402531538,400.988870860155,35.03456031464465,5.133570302258582e-07,5.788836178106577e-08,316.71392197269637,131.00455880250777,295.2870357054957,130.7539944955522,21.426886229168588,8.098601761836372,3.8032039096138685e-08,7.171390065928415e-09,754.4730954971033,238.7270291600576,690.192436653666,238.31456606782672,64.28065868750576,14.02718972176742,1.559313602941686e-07,1.4509886120739237e-08,1299.510393371875,697.425191920333,-0.13007681521660586,0.6470829958155402,-0.2037238268910452,3.630819322442068,1.6675644670109637,4.103104736532247,1.4030771627571796,-0.4722854140901789,-0.21671317086329508,valid,egm_isolation,0.25,0.75,0.25,150.0,2.0,3
1172.2691888282043,229.88778498935307,1013.0980338942104,228.82563966770562,159.17115484525235,22.07306770651445,8.874142455765693e-08,1.090546569579556e-08,3252.0375020601114,406.9183070778735,2851.0486306777257,405.40731150126305,400.988870860155,35.03456031464465,5.222311726816239e-07,5.798545065321388e-08,316.72432698420715,131.00455890580977,295.2974407170065,130.75399459905216,21.426886229168588,8.098601761836372,3.8032039096138685e-08,7.171390065928415e-09,759.04557862836,238.748517657437,691.7039360353633,238.31643462135276,67.34164243452985,14.357286407605137,1.5846682956724452e-07,1.462022904930621e-08,1356.9664565185408,725.2792907845461,-0.15755533750312,0.6590264687571906,-0.24275421651626705,3.701228762534105,1.6942629965356628,4.2843771093914205,1.4503159709411224,-0.5831483468573153,-0.2614740683164239,valid,egm_isolation,0.25757575757575757,0.75,0.25757575757575757,150.0,2.0,3
1172.3056922715505,229.88778687803196,1013.1345373337535,228.82564156515124,159.17115484525235,22.07306770651445,9.25446284672708e-08,1.1124326288284061e-08,3307.1618159255854,408.3878465068982,2900.0509770174685,406.8592797455925,407.1108383542031,35.300986663825206,5.539137532276422e-07,6.154486259710574e-08,316.76098441155625,131.00456222304473,295.33409814182016,130.75399792264395,21.426886229168588,8.098601761836372,4.056750836921459e-08,7.3920996810820134e-09,766.4301905239315,238.86171716974042,699.0885479296671,238.42983927412914,67.34164243452985,14.357286407605137,1.5973456420378247e-07,1.4784199362164027e-08,1366.8300719009685,727.6649251416633,-0.16593315285579857,0.661482835813097,-0.2549083128319288,3.700915674477181,1.693949963560101,4.315020280796625,1.446513854177692,-0.6141046063194437,-0.27568917658220077,valid,egm_isolation,0.26515151515151514,0.75,0.26515151515151514,150.0,2.0,3
1176.785991730989,229.91008299387434,1014.5538530423648,228.82756897448846,162.23213859227644,22.28429804763697,9.634783237688466e-08,1.1338963298919434e-08,3348.618988174351,409.76326947454373,2941.508149262431,408.23985272267083,407.1108383542031,35.300986663825206,5.577169571372562e-07,6.158402037397898e-08,316.76358566443395,131.0045622488702,295.33669939469786,130.75399794851893,21.426886229168588,8.098601761836372,4.056750836921459e-08,7.3920996810820134e-09,781.1968130634644,239.08795539260788,713.8551704653969,238.65648690288654,67.34164243452985,14.357286407605137,1.6353776811339635e-07,1.494637093431865e-08,1357.8147529282653,718.0830186725218,-0.15383320541655388,0.6505146642348466,-0.24009417934163865,3.7150292678452845,1.6992421028500768,4.2865241283342375,1.4128801196723895,-0.5714948604889529,-0.25860676847532404,valid,egm_isolation,0.2727272727272727,0.75,0.2727272727272727,150.0,2.0,3
1209.5392238072916,232.22620720585445,1047.307085116132,231.15454002407247,162.23213859227644,22.28429804763697,9.888330164996057e-08,1.1479825386807847e-08,4051.2218856487343,720.7381780072802,3641.0500629796484,719.8666487317737,410.17182210122724,35.43344861764249,5.678588342295598e-07,6.168831959368064e-08,327.9433421418843,131.2481415913082,303.4554721238564,130.96227586284428,24.48786997619267,8.657769458490149,4.183524300575255e-08,7.500019253557343e-09,781.384089638126,239.0879910682895,714.0424470349875,238.65652264306644,67.34164243452985,14.357286407605137,1.6860870665954815e-07,1.5159901336781762e-08,1700.279366519069,908.412781204307,-0.40572486865458113,0.7980625639008024,-0.5233857268700775,3.6882566845463995,1.6371667521142754,5.184674143448368,1.8350707552070014,-1.4964174589019685,-0.6084908733840867,valid,egm_isolation,0.28030303030303033,0.75,0.28030303030303033,150.0,2.0,3
1217.7402371538365,232.34355926860283,1055.5080984626768,231.27243587191026,162.23213859227644,22.28429804763697,9.888330164996057e-08,1.1479825386807847e-08,4075.3923990421827,720.8516033953161,3665.2205763642223,719.9802114201883,410.17182210122724,35.43344861764249,5.767329766853255e-07,6.177943696775512e-08,327.9433421418843,131.2481415913082,303.4554721238564,130.96227586284428,24.48786997619267,8.657769458490149,4.183524300575255e-08,7.500019253557343e-09,782.166476707989,239.088924089683,714.824834102315,238.65745735126777,67.34164243452985,14.357286407605137,1.7114417593262408e-07,1.526554652668267e-08,1708.7127148514803,912.0370385163573,-0.4031832592188702,0.7953717101449159,-0.5216635753225092,3.7132640937317234,1.6463501254784596,5.210390013382885,1.8401129175223647,-1.497125919651162,-0.6063433236977279,valid,egm_isolation,0.2878787878787879,0.75,0.2878787878787879,150.0,2.0,3
1250.5594004886543,234.63567986978242,1088.3272617962268,233.57506786572728,162.23213859227644,22.28429804763697,1.0015103628649854e-07,1.1549612202159689e-08,4084.169612284857,720.8897145915671,3673.997789598023,720.0183687399732,410.17182210122724,35.43344861764249,5.856071191410912e-07,6.187042015223086e-08,328.7307777309646,131.24984126931142,304.2429077116689,130.96397925087294,24.48786997619267,8.657769458490149,4.310297764229051e-08,7.606407819227737e-09,782.2614156217585,239.0889419345275,714.919773013549,238.6574752283738,67.34164243452985,14.357286407605137,1.7367964520569998e-07,1.537046560699023e-08,1716.2961463009797,914.610858873727,-0.3724227298841938,0.7753682036008434,-0.4932459521080712,3.804205402124289,1.6782257680831787,5.220977963023613,1.8427157233271454,-1.4167725608993242,-0.5684377499445434,valid,egm_isolation,0.29545454545454547,0.75,0.29545454545454547,150.0,2.0,3
1260.2036886747765,234.75370797983268,1097.971549982349,233.69363164366428,162.23213859227644,22.28429804763697,1.0015103628649854e-07,1.1549612202159689e-08,4359.930468893084,740.0662196651849,3946.6976624478157,739.2111407352293,413.2328058482513,35.56541722570756,5.970167308699328e-07,6.198720230653806e-08,329.52066058891984,131.25154094811958,305.03279056708874,130.9656826396119,24.48786997619267,8.657769458490149,4.563844691536642e-08,7.814841145523362e-09,783.0146410561679,239.0898731737974,715.6729984441552,238.65840815121624,67.34164243452985,14.357286407605137,1.7748284911531386e-07,1.552651494385342e-08,1834.8152038300782,972.1051281191201,-0.455967174449045,0.8176791554616297,-0.5745834521718787,3.824354097926784,1.6816393109196088,5.568134030051086,1.9452509553974942,-1.7437799321243017,-0.678153708898653,valid,egm_isolation,0.30303030303030304,0.75,0.30303030303030304,150.0,2.0,3
1268.3148116343757,234.86977904875894,1106.082672938145,233.81022896985692,162.23213859227644,22.28429804763697,1.039542401961124e-07,1.1756487372778913e-08,4401.379837384485,740.8261019329325,3988.1470309341457,739.9719010899705,413.2328058482513,35.56541722570756,6.020876694160846e-07,6.203903492339632e-08,329.5206605914553,131.25154094811958,305.03279056708874,130.9656826396119,24.48786997619267,8.657769458490149,4.817391618844233e-08,8.017857840291318e-09,783.0488512133743,239.08987497888575,715.7072086013616,238.65840995956796,67.34164243452985,14.357286407605137,1.7748284911531386e-07,1.552651494385342e-08,1852.1776633494355,980.4467629872415,-0.4603453703758946,0.818968676483059,-0.5791219704057292,3.8489690126193685,1.690673990080236,5.620824078298973,1.9597111981594757,-1.7718550656796048,-0.6845862636982623,valid,egm_isolation,0.3106060606060606,0.75,0.3106060606060606,150.0,2.0,3
1273.3928228418931,234.89251566150207,1108.0997003973707,233.81303289768417,165.2931223393005,22.493544873484534,1.0522197483265035e-07,1.1824641493719294e-08,4476.117479010635,742.2884573714357,4053.7017213141526,741.4169853597424,422.41575708932356,35.95841719176879,6.071586079622364e-07,6.209082427107166e-08,329.6789712966172,131.25157998219802,305.19110127225065,130.96572175888988,24.48786997619267,8.657769458490149,4.817391618844233e-08,8.017857840291318e-09,826.9375325651474,241.45022638397234,756.5349062061106,241.0035487837927,70.40262618155393,14.679962346325988,1.7748284911531386e-07,1.552651494385342e-08,1784.5142441479122,929.4093361782755,-0.4013855050363204,0.7742941909832338,-0.5331776656212169,3.862523647879871,1.6947864298771997,5.412884652998865,1.8175822609818477,-1.5503610051189938,-0.6238533142084113,valid,egm_isolation,0.3181818181818182,0.75,0.3181818181818182,150.0,2.0,3
1273.4058291062815,234.89251573351925,1108.1127066617591,233.81303297003382,165.2931223393005,22.493544873484534,1.0522197483265035e-07,1.1824641493719294e-08,4487.890052711091,742.3317737863892,4062.4133112587106,741.4540343031455,425.47674083634763,36.08846614137041,6.160327504180021e-07,6.218135183816645e-08,337.03931608941417,131.4573758107702,312.5514460650476,131.17196607148077,24.48786997619267,8.657769458490149,4.817391618844233e-08,8.017857840291318e-09,827.0959972568473,241.45024760437977,756.6933708965428,241.00357004353015,70.40262618155393,14.679962346325988,1.787505837518518e-07,1.5578184021585494e-08,1828.8027013392834,940.9149451476744,-0.43615072236853036,0.7849499675409695,-0.5726972336793763,3.778211527015014,1.6301281129375769,5.42608121378372,1.8206107846177708,-1.6478696867687064,-0.6743185390261702,valid,egm_isolation,0.32575757575757575,0.75,0.32575757575757575,150.0,2.0,3
1314.1675954525151,237.27486201911128,1148.8744730067249,236.2062670320431,165.2931223393005,22.493544873484534,1.0648970946918832e-07,1.1892405036983315e-08,4649.15411765935,752.0854216635083,4220.616392453607,751.2128423215626,428.5377245833717,36.21804812433138,6.223714236006918e-07,6.22459337785629e-08,337.1341010153779,131.45740826323308,312.64623099101135,131.17199859455513,24.48786997619267,8.657769458490149,4.817391618844233e-08,8.017857840291318e-09,829.1786480116543,241.45297871826747,758.7760216450112,241.00630621922443,70.40262618155393,14.679962346325988,1.850892569345416e-07,1.5834000535359715e-08,1890.2903465948839,969.4188070347315,-0.4383936669386441,0.782048356095015,-0.5772575473935176,3.898055970886704,1.6749908050095856,5.606939021895804,1.8677394734251798,-1.7088830510090998,-0.6811573116040733,valid,egm_isolation,0.33333333333333337,0.75,0.33333333333333337,150.0,2.0,3
1325.3346536348502,237.4094342166387,1156.9805474420357,236.3216246402125,168.3541060863246,22.700863033704422,1.0648970946918832e-07,1.1892405036983315e-08,4667.681674627359,752.1638286940295,4236.082965666985,751.2851047134006,431.5987083303958,36.347168135027104,6.299778314199196e-07,6.232334376954838e-08,337.23164118075744,131.4574407443813,312.7437711551231,131.17203114637724,24.48786997619267,8.657769458490149,4.944165082498029e-08,8.11746237784931e-09,829.2078096534467,241.45298047927506,758.8051832817325,241.00630798349582,70.40262618155393,14.679962346325988,1.9016019548069342e-07,1.6035715680582636e-08,1898.3057483525085,972.981918149044,-0.4323218238851849,0.7776841828456952,-0.5720972962850317,3.9300424153392703,1.6859960452289102,5.629085520284882,1.873359461874845,-1.6990431049456114,-0.6741354385186614,valid,egm_isolation,0.34090909090909094,0.75,0.34090909090909094,150.0,2.0,3
1332.8381635738895,237.52329163809546,1164.4840573785395,236.43600590460147,168.3541060863246,22.700863033704422,1.0902517874226422e-07,1.2026786760436976e-08,4670.391352757308,752.1649912135988,4238.79264378806,751.2862685926831,431.5987083303958,36.347168135027104,6.388519738756853e-07,6.24135340801821e-08,337.2634040716242,131.4574440046287,312.7755340447222,131.17203441371842,24.48786997619267,8.657769458490149,5.0709385461518244e-08,8.215859453792828e-09,844.5743954401767,241.67769307891174,774.1717690633916,241.23143666913546,70.40262618155393,14.679962346325988,1.9523113402684525e-07,1.623492475569862e-08,1865.02467335239,950.5162020178684,-0.39928816890378394,0.7554924266504429,-0.5431893366730449,3.9519205092611713,1.6937299798340901,5.529875613057373,1.8157931497508537,-1.577955103796202,-0.6354757901667533,valid,egm_isolation,0.3484848484848485,0.75,0.3484848484848485,150.0,2.0,3
1332.964865377258,237.52331140495028,1164.6107591793727,236.43602576235708,168.3541060863246,22.700863033704422,1.1156064801534013e-07,1.2159683466208245e-08,4706.05646659276,752.321194841159,4268.335790128197,751.4301859339922,437.72067582444396,36.60404177730952,6.401197085122232e-07,6.242640777336727e-08,337.3319783725751,131.4574505736395,312.84410834440536,131.17204099702235,24.48786997619267,8.657769458490149,5.19771200980562e-08,8.313091944225988e-09,844.5743954452477,241.67769307891174,774.1717690633916,241.23143666913546,70.40262618155393,14.679962346325988,2.0030207257299708e-07,1.6431718907585656e-08,1879.6489057330198,957.1526444873517,-0.41012636908553346,0.760757783274501,-0.5543429475053253,3.951492745538136,1.6932341625256724,5.5721041177335175,1.8264235343258852,-1.6206113721953814,-0.6507028704698226,valid,egm_isolation,0.3560606060606061,0.75,0.3560606060606061,150.0,2.0,3
1337.4845774971227,237.5448926919572,1166.0694875509457,236.43789298684527,171.4150898333487,22.906304895695282,1.128283826518781e-07,1.2225590092386388e-08,4714.915766467551,752.3577175742244,4277.195089994114,751.4667519718097,437.72067582444396,36.60404177730952,6.48993850967989e-07,6.251644939731844e-08,337.3371808783305,131.45745062511256,312.84931085016075,131.17204104860738,24.48786997619267,8.657769458490149,5.19771200980562e-08,8.313091944225988e-09,844.6035570819691,241.67769483828195,774.2009307001131,241.23143843176032,70.40262618155393,14.679962346325988,2.0030207257299708e-07,1.6431718907585656e-08,1883.1514257814054,958.7442164913101,-0.40797991802298483,0.7591921263447934,-0.5524432305040792,3.96483000781204,1.6979626723216952,5.5824010293742665,1.828954322270788,-1.6175710215622265,-0.6481623286292353,valid,egm_isolation,0.36363636363636365,0.75,0.36363636363636365,150.0,2.0,3
1373.9596810914313,239.80773025310666,1199.4836073969625,238.69159822598002,174.47607358037277,23.109920499086517,1.1409611728841605e-07,1.2291143324188121e-08,4763.152035101373,753.1408069929358,4325.431358624132,752.2507688819836,437.72067582444396,36.60404177730952,6.527970548776028e-07,6.255499898947733e-08,344.7191915210243,131.6629278261005,320.2313214915868,131.37796463541588,24.48786997619267,8.657769458490149,5.324485473459416e-08,8.409200246267956e-09,880.0610690000303,243.88568632405426,809.6584426169065,243.44347742189652,70.40262618155393,14.679962346325988,2.0156980720953503e-07,1.657778150368565e-08,1865.7227054680798,928.5208192852749,-0.3579166340499942,0.7161544068055803,-0.5127935321988413,3.9857359697005266,1.673741062769492,5.412297172187728,1.7268437473401714,-1.4265612024872012,-0.593196869647512,valid,egm_isolation,0.3712121212121212,0.75,0.3712121212121212,150.0,2.0,3
1375.2892603958317,239.80955163366895,1200.813186700095,238.69342812332985,174.47607358037277,23.109920499086517,1.1536385192495401e-07,1.2356348786126598e-08,4770.905843646367,753.1767219635902,4333.185167166591,752.286726344008,437.72067582444396,36.60404177730952,6.553325241506788e-07,6.258068552509525e-08,344.8191789527434,131.66296027929135,320.3313089233059,131.37799715899877,24.48786997619267,8.657769458490149,5.324485473459416e-08,8.409200246267956e-09,880.0636702567111,243.8856863379266,809.6610438697842,243.44347743579402,70.40262618155393,14.679962346325988,2.0537301111914888e-07,1.6722568370617478e-08,1869.2963832799926,929.9916811776817,-0.35920234172553434,0.7165460851130223,-0.5143694620811543,3.9884360973561495,1.6741960408022996,5.42109168334913,1.7289760951374435,-1.4326555859929804,-0.5952735992666848,valid,egm_isolation,0.3787878787878788,0.75,0.3787878787878788,150.0,2.0,3
1376.232363648906,239.81051565694804,1201.7562899531692,238.69439665433543,174.47607358037277,23.109920499086517,1.1536385192495401e-07,1.2356348786126598e-08,4934.270630069347,762.8201361882213,4496.549953587035,761.941404767966,437.72067582444396,36.60404177730952,6.578679934237546e-07,6.260636152187909e-08,344.8269827126443,131.66296035638044,320.339112681939,131.37799723625506,24.48786997619267,8.657769458490149,5.451258937113211e-08,8.504222474189575e-09,880.1851695568599,243.88570556136682,809.782543164862,243.44349669415317,70.40262618155393,14.679962346325988,2.104439496653007e-07,1.691368964314671e-08,1933.081483423604,959.6827099762845,-0.4046185328023264,0.7390328590455816,-0.5629335404021886,3.9910808395054334,1.6750779403890328,5.605946113081599,1.7787364864653277,-1.6148652735761653,-0.660932005691677,valid,egm_isolation,0.38636363636363635,0.75,0.38636363636363635,150.0,2.0,3
1379.0026165412735,239.81417785531073,1204.5265428430014,238.6980759766289,174.47607358037277,23.109920499086517,1.1789932119802991e-07,1.2485738165673997e-08,4949.008090991164,762.8910078172086,4511.287414486043,762.0123581241455,437.72067582444396,36.60404177730952,6.806764315140073e-07,6.583133045813215e-08,344.8346324860069,131.66296043051727,320.34676245530164,131.37799731055267,24.48786997619267,8.657769458490149,5.451258937113211e-08,8.504222474189575e-09,912.9991303871899,246.0703356725165,842.5965039926565,245.63205980387698,70.40262618155393,14.679962346325988,2.1297941893837663e-07,1.700844494837915e-08,1869.2124991438627,919.8826901113857,-0.355481473872836,0.70748835165004,-0.5156691160196184,3.9990258710375683,1.6778053839059106,5.420605481729605,1.6830315588234368,-1.4215796106920364,-0.5981887157898412,valid,egm_isolation,0.3939393939393939,0.75,0.3939393939393939,150.0,2.0,3
1379.7558419731472,239.81510627837702,1205.2797682736075,238.6990087407888,174.47607358037277,23.109920499086517,1.1916705583456788e-07,1.2549932615374725e-08,4964.408886933832,762.962159101703,4526.688210424909,762.0835914430236,437.72067582444396,36.60404177730952,6.844796354236211e-07,6.586794002558325e-08,345.5323316696085,131.66462240062313,321.0444616376355,131.37966288547975,24.48786997619267,8.657769458490149,5.5780324007670067e-08,8.598194636037794e-09,913.6600181594396,246.07122316644922,843.2573917649062,245.63294888133981,70.40262618155393,14.679962346325988,2.1297941893837663e-07,1.700844494837915e-08,1877.4639843813661,922.3554135089364,-0.36072189532929366,0.7090956995696462,-0.522242068225075,3.9931309330915052,1.6723922246603282,5.433540691574303,1.6848822950872466,-1.4404097584827982,-0.6067519671005891,valid,egm_isolation,0.40151515151515155,0.75,0.40151515151515155,150.0,2.0,3
1413.3447358671995,242.03738985457124,1238.8686621676597,240.93158709920044,174.47607358037277,23.109920499086517,1.1916705583456788e-07,1.2549932615374725e-08,4979.777919991973,763.0333031898024,4542.057243474175,762.1548175418862,437.72067582444396,36.60404177730952,6.933537778793868e-07,6.595328332217114e-08,345.62711659683987,131.66465480200424,321.13924656359916,131.3796953571387,24.48786997619267,8.657769458490149,5.7048058644208024e-08,8.691150793069184e-09,919.367154249608,246.09381054688993,845.9035441067829,245.63650517278464,73.46360992857801,14.995696582323022,2.1424715357491459e-07,1.7055625191435296e-08,1872.0989496130546,917.6111979913909,-0.32458762685692033,0.6877341216910234,-0.4834103286529762,4.089218316500928,1.7079308299962326,5.416527985553816,1.6706236534168646,-1.3273096690528874,-0.555558572315758,valid,egm_isolation,0.4090909090909091,0.75,0.4090909090909091,150.0,2.0,3
1428.8087078289677,242.2615780024393,1254.3326341281602,241.15680324377723,174.47607358037277,23.109920499086517,1.2043479047110584e-07,1.2613800369401931e-08,5002.626349862774,763.1398699519212,4564.905673343709,762.2615071193089,437.72067582444396,36.60404177730952,6.946215125159248e-07,6.596546620833704e-08,345.7881825401498,131.6646937422568,321.3003125069091,131.3797343818517,24.48786997619267,8.657769458490149,5.7048058644208024e-08,8.691150793069184e-09,919.3722027713607,246.09381057280615,845.9085926272678,245.6365051987491,73.46360992857801,14.995696582323022,2.1551488821145254e-07,1.7102675281352922e-08,1881.5546828934414,921.5867131786339,-0.316869551944716,0.6825572044287387,-0.4751258139443754,4.132034522790748,1.722281900505464,5.44135045064755,1.6764415659123129,-1.3093159278568027,-0.5447586318793768,valid,egm_isolation,0.4166666666666667,0.75,0.4166666666666667,150.0,2.0,3
1428.9378568986758,242.2615973950439,1254.4617831966007,241.15682272522218,174.47607358037277,23.109920499086517,1.217025251076438e-07,1.267734636537956e-08,5035.3530215565015,763.8408376864692,4597.632345033633,762.9632818446323,437.72067582444396,36.60404177730952,6.984247164255386e-07,6.600200137427114e-08,346.44907031239956,131.6663523869701,321.96120027915885,131.38139662407846,24.48786997619267,8.657769458490149,5.7048058644208024e-08,8.691150793069184e-09,919.4065669189083,246.09381232810034,845.9429567697446,245.63650695731118,73.46360992857801,14.995696582323022,2.2058582675760436e-07,1.7289595316666968e-08,1897.4123481182903,927.7765422438438,-0.32784805088471636,0.6871979197838293,-0.4885618251248704,4.1245250149182855,1.7164078010725472,5.476742501884501,1.6849917324206025,-1.3522174869662154,-0.5621929231520228,valid,egm_isolation,0.42424242424242425,0.75,0.42424242424242425,150.0,2.0,3
1438.3077333664098,242.37585924089254,1263.8316596605314,241.2716077728311,174.47607358037277,23.109920499086517,1.2550572901725764e-07,1.2866101359535309e-08,5083.56257581994,764.6121660277381,4645.841899294536,763.7354964666722,437.72067582444396,36.60404177730952,7.009601856986146e-07,6.602634692020032e-08,347.109958085917,131.66801101078914,322.6220880514086,131.38305884527475,24.48786997619267,8.657769458490149,5.831579328074598e-08,8.783123203994417e-09,926.8594033604031,246.203650258134,853.3957932061684,245.74654928287492,73.46360992857801,14.995696582323022,2.256567653037562e-07,1.747451603475256e-08,1903.8002810593057,926.9607791068632,-0.32363904948448985,0.6819875969413548,-0.48583728110442626,4.143666005140648,1.7199247897371244,5.484718132425561,1.6742610393705182,-1.3410521272849127,-0.5587090958841098,valid,egm_isolation,0.4318181818181818,0.75,0.4318181818181818,150.0,2.0,3
1439.7827710981217,242.3776823923105,1265.3066973897078,241.27343926838205,174.47607358037277,23.109920499086517,1.2804119829033357e-07,1.2990414404906121e-08,5199.57605973914,766.7857353387623,4758.794399459106,765.9054369979833,440.781659571468,36.731804964289005,7.085665935178423e-07,6.609932975665271e-08,361.8233058902298,132.07798423670548,337.33543583418066,131.79391847894595,24.48786997619267,8.657769458490149,7.985649673446066e-08,2.213015293637717e-08,927.5543473071243,246.20453902285468,854.0907371503541,245.7474397007368,73.46360992857801,14.995696582323022,2.281922345768321e-07,1.7566246407988833e-08,2028.2669200186288,963.0596453226856,-0.4087312063552966,0.7096881262590946,-0.5925779456132607,3.9792427620318187,1.5995844107738937,5.605683456537666,1.7021618394079534,-1.6264406945058476,-0.6963058560953694,valid,egm_isolation,0.4393939393939394,0.75,0.4393939393939394,150.0,2.0,3
1447.2571193991719,242.48920529994305,1272.7810456894902,241.38547234977466,174.47607358037277,23.109920499086517,1.2930893292687152e-07,1.305212693471338e-08,5239.955108921628,767.4961620776917,4793.051481141207,766.6044573735876,446.9036270655162,36.98600733971778,7.149052667005321e-07,6.616008728698976e-08,361.8283544107148,132.07798428499373,337.34048435466565,131.7939185273383,24.48786997619267,8.657769458490149,7.985649673446066e-08,2.213015293637717e-08,927.5911587184761,246.20454078952235,854.1275485604382,245.74744147069055,73.46360992857801,14.995696582323022,2.2945996921337005e-07,1.761193243158906e-08,2043.9655083242935,969.8601839098217,-0.41230295634879655,0.7106885777876537,-0.5968785859552143,3.9998444062136067,1.6065227290213129,5.648992079830673,1.7125217376954696,-1.6491476736170667,-0.7023282016954874,valid,egm_isolation,0.44696969696969696,0.75,0.44696969696969696,150.0,2.0,3
1455.9635068405105,242.60245975246522,1281.4874331282933,241.49924441387475,174.47607358037277,23.109920499086517,1.3184440219994742e-07,1.3174684805991621e-08,5240.752641558018,767.496452755024,4793.84901376999,766.6047483890321,446.9036270655162,36.98600733971778,7.225116745197598e-07,6.623292275352321e-08,369.18640592117487,132.28249443825163,344.69853586512573,131.99886879367455,24.48786997619267,8.657769458490149,7.985649673446066e-08,2.213015293637717e-08,930.7444801251244,246.22358549319006,854.2198862187946,245.74745881826252,76.52459367560209,15.304918735120419,2.3072770384990802e-07,1.7657500250135537e-08,2078.7817423301844,974.6263589171384,-0.4277704987546085,0.7104217513110754,-0.6201103917536098,3.9437083367348413,1.5583846571956355,5.630710418882612,1.7025882967608996,-1.6870020821477705,-0.7309020880529961,valid,egm_isolation,0.4545454545454546,0.75,0.4545454545454546,150.0,2.0,3
1460.3488673861796,242.62356985978835,1282.8118099256706,241.50105300916175,177.53705732739687,23.31175769807255,1.331121368364854e-07,1.323553817741857e-08,5263.032829307007,767.602120945604,4816.129201496171,766.7105394744852,446.9036270655162,36.98600733971778,7.453201126100125e-07,6.928930381634491e-08,369.18900717405256,132.28249446382762,344.70113711800343,131.9988688193055,24.48786997619267,8.657769458490149,7.985649673446066e-08,2.213015293637717e-08,930.9418537369526,246.2236201867854,854.4172598293551,245.74749357907544,76.52459367560209,15.304918735120419,2.3199543848644597e-07,1.7702950776416188e-08,2087.1914364753966,978.1087681591144,-0.429241657995858,0.7106243179363219,-0.6220210123298163,3.955558911584018,1.562248925161636,5.653449577092633,1.707546597536841,-1.6978906655086154,-0.7336277838742582,valid,egm_isolation,0.46212121212121215,0.75,0.46212121212121215,150.0,2.0,3
1461.7050070756911,242.62537184049137,1284.1679496126467,241.50286336555735,177.53705732739687,23.31175769807255,1.356476061095613e-07,1.3356413181062515e-08,5272.247389453676,767.6204308127022,4816.1608104005,766.7105400329687,456.0865783065885,37.36406834690642,7.465878472465505e-07,6.930090024279935e-08,369.2181688120417,132.28249767816467,344.7302987547248,131.99887204054917,24.48786997619267,8.657769458490149,8.112423137099863e-08,2.2166434537293566e-08,938.3316681420828,246.33338465801373,861.8070742294143,245.8574706198376,76.52459367560209,15.304918735120419,2.370663770325978e-07,1.7883597809918634e-08,2074.5431415657995,969.6778228217065,-0.4192625266545138,0.7039758634552419,-0.6131011649821877,3.9589194967807853,1.5632200092309212,5.618746087822914,1.6867144688753997,-1.6598265910421288,-0.7217549838790149,valid,egm_isolation,0.4696969696969697,0.75,0.4696969696969697,150.0,2.0,3
1469.7505067473157,242.73766308308598,1292.2134492792002,241.61567629618762,177.53705732739687,23.31175769807255,1.4071854465571313e-07,1.359493940766095e-08,5346.38401697077,769.049278620913,4890.29743791379,768.141080364743,456.0865783065885,37.36406834690642,7.503910511561643e-07,6.933567788511526e-08,369.88425909004684,132.28414862769532,345.3963890327299,132.00052653742642,24.48786997619267,8.657769458490149,8.112423137099863e-08,2.2166434537293566e-08,938.4266070545846,246.3334019780562,861.9020131406484,245.85748797340705,76.52459367560209,15.304918735120419,2.3833411166913575e-07,1.7928475164821037e-08,2107.296698603811,982.7766147021509,-0.43377851474087237,0.7093595089631258,-0.6297934619058491,3.9735416434401736,1.5652947138591182,5.697178635792657,1.7053089723575852,-1.7236369923524832,-0.7446210051407269,valid,egm_isolation,0.4772727272727273,0.75,0.4772727272727273,150.0,2.0,3
1474.2573665931334,242.75878074591463,1293.6593253716553,241.6175034238411,180.59804107442093,23.51186229274896,1.470572178384029e-07,1.388733714724903e-08,5348.466821707045,769.0501360846587,4892.38024264753,768.1419388422947,456.0865783065885,37.36406834690642,7.529265204292402e-07,6.935885329217761e-08,369.9158679943755,132.2841518646295,345.4279979370586,132.00052978131563,24.48786997619267,8.657769458490149,8.112423137099863e-08,2.2166434537293566e-08,945.8742409877885,246.44313309727434,869.3496470713169,245.96743140772162,76.52459367560209,15.304918735120419,2.408695809422117e-07,1.8017894548280627e-08,2091.6974594050953,973.1254845631214,-0.41881431750197495,0.7002043660974763,-0.6156251244818259,3.9853855812845236,1.5690311239255732,5.654522123492414,1.6827227459366183,-1.66913654220789,-0.7254774428692519,valid,egm_isolation,0.48484848484848486,0.75,0.48484848484848486,150.0,2.0,3
1481.7974921674286,242.87014447432986,1301.1994509459505,241.72939293455536,180.59804107442093,23.51186229274896,1.470572178384029e-07,1.388733714724903e-08,5475.600506772767,777.7807433113514,5016.452943961158,776.8767221644799,459.14756205361255,37.48924145580756,7.579974589753921e-07,6.940518089048201e-08,369.94502963109693,132.2841550789263,345.45715957378,132.00053300251878,24.48786997619267,8.657769458490149,8.112423137099863e-08,2.2166434537293566e-08,946.6592293092614,246.44403828629962,870.134635391522,245.9683383473785,76.52459367560209,15.304918735120419,2.4213731557874963e-07,1.8062438236894784e-08,2139.8103235143553,994.0576482245289,-0.4440639391179222,0.711374828791876,-0.6430321844259461,4.00545317136725,1.5755536681165259,5.7841304845969645,1.7153489691422206,-1.7786773132297142,-0.7636698457786115,valid,egm_isolation,0.49242424242424243,0.75,0.49242424242424243,150.0,2.0,3
1522.6225885218355,245.17500066721337,1342.0245472978218,244.04502306684086,180.59804107442093,23.51186229274896,1.495926871114788e-07,1.40025867345544e-08,5486.3553348041005,777.816907412958,5027.207771991223,776.9129283468812,459.14756205361255,37.48924145580756,7.5926519361193e-07,6.941675795907792e-08,370.64533006630836,132.28580927024126,346.15746000899145,132.00219074805648,24.48786997619267,8.657769458490149,8.112423137099863e-08,2.2166434537293566e-08,946.69083821359,246.4440400237938,870.1662442958507,245.968340088233,76.52459367560209,15.304918735120419,2.4213731557874963e-07,1.8062438236894784e-08,2148.000067019478,996.5639309234228,-0.41072389389990605,0.6928036594624065,-0.6093634628141503,4.10803122286591,1.6084940332961717,5.795297802983789,1.717862472538071,-1.6872665801178792,-0.7169605972807187,valid,egm_isolation,0.5,0.75,0.5,150.0,2.0,3
1590.4126463102023,249.5052178827175,1409.8146050811176,248.39493972750157,180.59804107442093,23.51186229274896,1.5466362565763064e-07,1.423028600181426e-08,5504.430792427737,777.8924516228619,5042.2222458653,776.9825309782681,462.2085458006366,37.6139980117959,7.618006628850059e-07,6.943990630585962e-08,370.64533006630836,132.28580927024126,346.15746000899145,132.00219074805648,24.48786997619267,8.657769458490149,8.112423137099863e-08,2.2166434537293566e-08,947.354327241253,246.44492618567602,870.8297333209781,245.9692279639359,76.52459367560209,15.304918735120419,2.4467278485182553e-07,1.815119768166814e-08,2153.5675820763686,998.630875494907,-0.3540935977041557,0.6628679906863607,-0.5471092240494132,4.290928597496905,1.672878895108154,5.810318942076232,1.7201348817256263,-1.5193903445793264,-0.633222911521881,valid,egm_isolation,0.5075757575757576,0.75,0.5075757575757576,150.0,2.0,3
1707.132498620393,275.12577595500414,1526.5344573900409,274.1192895919036,180.59804107442093,23.51186229274896,1.559313602941686e-07,1.4286643790691672e-08,5505.852709390495,777.8930185981003,5043.644162826789,776.9830986174879,462.2085458006366,37.6139980117959,7.630683975215439e-07,6.945147758597538e-08,370.6769389706371,132.2858125071348,346.18906891332017,132.00219399190476,24.48786997619267,8.657769458490149,8.112423137099863e-08,2.2166434537293566e-08,948.1126011936119,246.44582965493575,871.5880072720693,245.97013318047573,76.52459367560209,15.304918735120419,2.459405194883635e-07,1.8195415037521755e-08,2152.5846467716037,997.8507529463673,-0.26093589601931866,0.6188365003779621,-0.43035333435144946,4.6054456566979,1.8033954191477306,5.807171745696646,1.718045523667717,-1.201726088998746,-0.4824724885277614,valid,egm_isolation,0.5151515151515151,0.75,0.5151515151515151,150.0,2.0,3
1715.3652748590728,275.22483840016514,1534.767233626185,274.218715633933,180.59804107442093,23.51186229274896,1.5846682956724452e-07,1.4398697615390951e-08,5509.706331233621,777.8993277929634,5044.436800920357,776.9833857379534,465.26952954766074,37.738342146031414,7.656038667946198e-07,6.947461436447559e-08,370.830201155314,132.2858511878145,346.3423310979971,132.00223275569334,24.48786997619267,8.657769458490149,8.112423137099863e-08,2.2166434537293566e-08,948.1495665889663,246.44583142145092,871.6249726674237,245.9701349504073,76.52459367560209,15.304918735120419,2.459405194883635e-07,1.8195415037521755e-08,2154.897897035908,998.6021939454689,-0.2562326687025569,0.6160568217622364,-0.424326689642465,4.625743182499394,1.8093615641263814,5.811009702883872,1.7188582626088942,-1.185266520384478,-0.47493321749435313,valid,egm_isolation,0.5227272727272727,0.75,0.5227272727272727,150.0,2.0,3
1723.4081732790871,275.32383420970217,1542.8101320398607,274.3180745329377,180.59804107442093,23.51186229274896,1.648055027499343e-07,1.4675089388581426e-08,5550.650325634032,778.622018328411,5085.380795314429,777.7069274205272,465.26952954766074,37.738342146031414,7.719425399773096e-07,6.953242262884265e-08,370.83524967579893,132.2858512360269,346.347379618482,132.00223280400934,24.48786997619267,8.657769458490149,8.112423137099863e-08,2.2166434537293566e-08,948.3002275207655,246.4458521705234,871.7756335992228,245.97015573960763,76.52459367560209,15.304918735120419,2.459405194883635e-07,1.8195415037521755e-08,2170.596125185974,1005.2176581397858,-0.25947883898916024,0.6170027794132596,-0.42906397343689456,4.647368810774513,1.8164842927094866,5.853262674148716,1.7286042453733592,-1.2058938633742038,-0.4809097692379211,valid,egm_isolation,0.5303030303030303,0.75,0.5303030303030303,150.0,2.0,3
1756.8170906193484,277.2616372562427,1576.219049380122,276.2629324131978,180.59804107442093,23.51186229274896,1.648055027499343e-07,1.4675089388581426e-08,5551.5274976323935,778.6223103066931,5086.25796730772,777.7072197423663,465.26952954766074,37.738342146031414,7.770134785234614e-07,6.95786346594319e-08,371.49873870092637,132.28750211813005,347.01086864360946,132.00388723313378,24.48786997619267,8.657769458490149,8.112423137099863e-08,2.2166434537293566e-08,955.7532179424597,246.55553327208895,879.2286240209171,246.08004886539567,76.52459367560209,15.304918735120419,2.459405194883635e-07,1.8195415037521755e-08,2157.864001414336,995.9439694558848,-0.22828040149222506,0.5991288454064027,-0.38792819003868206,4.728998802964085,1.8419336055204303,5.808536548360979,1.7055702714171992,-1.0795377453968937,-0.43004047846599835,valid,egm_isolation,0.5378787878787878,0.75,0.5378787878787878,150.0,2.0,3
1757.509741281197,277.262426455204,1576.9117000419706,276.26372446514614,180.59804107442093,23.51186229274896,1.648055027499343e-07,1.4675089388581426e-08,5570.6501650930695,778.6983208626147,5102.319651018835,777.7772964189846,468.3305132946848,37.86227792183768,7.795489477965373e-07,6.96017291688077e-08,378.85158770563106,132.4916888153376,354.36371764831415,132.20851195420016,24.48786997619267,8.657769458490149,8.112423137099863e-08,2.2166434537293566e-08,956.4432673526986,246.55642074408186,879.9186734298883,246.08093805218658,76.52459367560209,15.304918735120419,2.4720825412490143e-07,1.8239525199312365e-08,2206.5602128598543,1007.0635007988969,-0.2555038308073938,0.606272368942265,-0.4299050648884023,4.639045468767542,1.7797941361923557,5.824339357327331,1.7079624394771913,-1.185293888559789,-0.4805103968690779,valid,egm_isolation,0.5454545454545454,0.75,0.5454545454545454,150.0,2.0,3
1772.2178865582136,277.4573515097203,1591.6198453189872,276.4593536820834,180.59804107442093,23.51186229274896,1.648055027499343e-07,1.4675089388581426e-08,5701.3301397592295,787.3500474731678,5232.999625679924,786.4391554129087,468.3305132946848,37.86227792183768,7.846198863426891e-07,6.964789521387396e-08,378.8833505952301,132.49169205013507,354.3954805379132,132.20851519592625,24.48786997619267,8.657769458490149,8.112423137099863e-08,2.2166434537293566e-08,964.4887670205198,246.66692244489084,887.9641730964418,246.19165317074655,76.52459367560209,15.304918735120419,2.484759887614394e-07,1.828352894287722e-08,2239.6726017604215,1018.4034640001065,-0.26376819619513125,0.6077566405039466,-0.4428656148280655,4.6774762833311065,1.7921137941041572,5.911245765330859,1.7181188434531123,-1.2337694819997527,-0.4969545278589211,valid,egm_isolation,0.5530303030303031,0.75,0.5530303030303031,150.0,2.0,3
1773.7373436863495,277.4589564933927,1593.1393024445877,276.46096445959455,180.59804107442093,23.51186229274896,1.673409720230102e-07,1.4784199362164027e-08,5717.370465594791,787.4192654560352,5249.039951512951,786.5084535603488,468.3305132946848,37.86227792183768,7.87155355615765e-07,6.967096676478749e-08,378.8857978628374,132.49169207273692,354.3979278055205,132.2085152185765,24.48786997619267,8.657769458490149,8.112423137099863e-08,2.2166434537293566e-08,967.5813596718726,246.68591590588127,887.9957820007704,246.19165491002195,79.58557742262617,15.608015856866164,2.484759887614394e-07,1.828352894287722e-08,2238.8096348496415,1016.7485090863521,-0.2621990752005787,0.6062742751624941,-0.4412758428502925,4.681456401088093,1.7933743361136725,5.908929940045221,1.7122439722282092,-1.2274735389571276,-0.49504677543900694,valid,egm_isolation,0.5606060606060607,0.75,0.5606060606060607,150.0,2.0,3
1781.0901926910542,277.5563671164623,1600.4921514492924,276.5587265996414,180.59804107442093,23.51186229274896,1.673409720230102e-07,1.4784199362164027e-08,5838.4072999283335,795.9149916540388,5367.0158020918625,795.0080202291789,471.3914970417089,37.985809336251116,7.947617634349928e-07,6.974013562212359e-08,378.9149594995588,132.49169528199872,354.4270894422419,132.2085184347122,24.48786997619267,8.657769458490149,8.112423137099863e-08,2.2166434537293566e-08,967.5839609260181,246.6859159195961,887.9983832536482,246.19165492376433,79.58557742262617,15.608015856866164,2.4974372339797734e-07,1.841490928381302e-08,2286.3750898444496,1037.3356806389068,-0.2836941662061252,0.6158136154425196,-0.47054622593902673,4.700501123110523,1.7994217590236097,6.034005869982316,1.7444845934795137,-1.3335047468717933,-0.5320778142005564,valid,egm_isolation,0.5681818181818182,0.75,0.5681818181818182,150.0,2.0,3
1813.81655641424,279.47790812990087,1633.218515168675,278.4871513448908,180.59804107442093,23.51186229274896,1.7114417593262408e-07,1.494637093431865e-08,5846.729658588487,795.9492455778206,5375.338160748213,795.0423132292844,471.3914970417089,37.985809336251116,7.985649673446066e-07,6.977469433769113e-08,379.09963481627165,132.49175963502145,354.61176475895473,132.20858292557233,24.48786997619267,8.657769458490149,8.112423137099863e-08,2.2166434537293566e-08,967.6155698303467,246.68591765538667,888.0299921579767,246.1916566630397,79.58557742262617,15.608015856866164,2.4974372339797734e-07,1.841490928381302e-08,2290.6752924913976,1038.8461164243945,-0.2629035082907538,0.6048946625806416,-0.4432666413157831,4.784537862436336,1.8274503744826276,6.042409652020794,1.7463339250928098,-1.257871789584458,-0.4976353197212652,valid,egm_isolation,0.5757575757575758,0.75,0.5757575757575758,150.0,2.0,3
1813.8242061901383,279.47790816482694,1633.2261649420377,278.48715137994117,180.59804107442093,23.51186229274896,1.7367964520569998e-07,1.505351474983837e-08,5905.916547198333,796.7295669796612,5431.464065607232,795.8176371299953,474.452480788733,38.10894032152518,8.023681712542205e-07,6.980923594514024e-08,379.7631238413991,132.49340795148387,355.27525378408217,132.21023477250907,24.48786997619267,8.657769458490149,8.112423137099863e-08,2.2166434537293566e-08,970.6765535786384,246.70490791830582,888.0299921579767,246.1916566630397,82.64656116965025,15.905338112964817,2.510114580345153e-07,1.8458494928886834e-08,2310.6041954365046,1044.9332994096587,-0.2738854115801177,0.6086142813674663,-0.4592745380222178,4.776198878508404,1.8216148862134833,6.084330074137174,1.750713711439631,-1.3081311956287704,-0.5177610533739029,valid,egm_isolation,0.5833333333333334,0.75,0.5833333333333334,150.0,2.0,3
1822.50143199222,279.57617762022386,1641.9033907441194,278.58577031905594,180.59804107442093,23.51186229274896,1.7367964520569998e-07,1.505351474983837e-08,5947.410530855915,797.4354567019499,5472.958049262278,796.5243350162114,474.452480788733,38.10894032152518,8.049036405272964e-07,6.983225419146668e-08,496.482822165052,176.05636027693444,471.9949521077351,175.84335364740224,24.48786997619267,8.657769458490149,8.112423137099863e-08,2.2166434537293566e-08,971.5856424480669,246.70583116426073,888.9390810261375,246.19258183373637,82.64656116965025,15.905338112964817,2.522791926710533e-07,1.850197789827939e-08,3039.1424450174777,1386.7276506126643,-0.6675665608094026,0.8027424969435519,-0.8600422058972931,3.6708247508840155,1.4182811999015381,6.12134460516569,1.757727165870139,-2.450519854281674,-1.084988625108066,valid,egm_isolation,0.5909090909090909,0.75,0.5909090909090909,150.0,2.0,3
1837.868017773879,279.7702711911229,1657.2699765257785,278.78055343563915,180.59804107442093,23.51186229274896,1.7367964520569998e-07,1.505351474983837e-08,5955.466435537783,797.4696292968243,5481.013953940343,796.558546698474,474.452480788733,38.10894032152518,8.087068444369103e-07,6.98667673417602e-08,496.482822165052,176.05636027693444,471.9949521077351,175.84335364740224,24.48786997619267,8.657769458490149,8.112423137099863e-08,2.2166434537293566e-08,972.9365796292877,246.70760330023228,890.2900182073583,246.19435766413707,82.64656116965025,15.905338112964817,2.522791926710533e-07,1.850197789827939e-08,3039.033422252094,1385.9281815200698,-0.653564561144673,0.7949971122422373,-0.8495501011865608,3.701775642023912,1.4285152605700004,6.121125014959309,1.7552635572856914,-2.4193493729353968,-1.0690438154010844,valid,egm_isolation,0.5984848484848485,0.75,0.5984848484848485,150.0,2.0,3
1845.5273911479376,279.86691390456286,1664.929349899837,278.87753912782364,180.59804107442093,23.51186229274896,1.7367964520569998e-07,1.505351474983837e-08,5977.530031077454,797.5713151994798,5503.077549474943,796.6603488919217,474.452480788733,38.10894032152518,8.137777829830621e-07,6.991275837229112e-08,496.5144310693807,176.0563627090822,472.0265610120638,175.84335608249617,24.48786997619267,8.657769458490149,8.112423137099863e-08,2.2166434537293566e-08,980.2894286377957,246.8171507708303,897.642867212063,246.30413340856268,82.64656116965025,15.905338112964817,2.5608239658066714e-07,1.8631817932624103e-08,3027.605762009264,1377.2326302459574,-0.640509794940546,0.7866290628393653,-0.8411089482515386,3.7169662665656777,1.4334520148036145,6.097719567764587,1.7375419685411604,-2.3807533011989093,-1.056929815754945,valid,egm_isolation,0.6060606060606061,0.75,0.6060606060606061,150.0,2.0,3
1856.699497853293,279.98101510655295,1673.040472855633,278.9752525406565,183.65902482144503,23.71027815047171,1.762151144787759e-07,1.5159901336781762e-08,6093.562435232819,805.9534130809838,5619.1099536277725,805.0519316941344,474.452480788733,38.10894032152518,8.16313252256138e-07,6.993574254585217e-08,497.2676565012546,176.0576273532123,472.77978644266994,175.84462225853312,24.48786997619267,8.657769458490149,8.239196600753658e-08,2.2202656850133928e-08,1096.450827877599,272.6895974141267,1013.8042664480631,272.2253418721166,82.64656116965025,15.905338112964817,2.59885600490281e-07,1.87607593876284e-08,2763.5817629667263,1250.3418510263025,-0.48843782537883285,0.7098409841822836,-0.7077798185273332,3.733803060743824,1.4368620996221246,5.557533708126368,1.5654720003317513,-1.8237306473825434,-0.8582594225734091,valid,egm_isolation,0.6136363636363636,0.75,0.6136363636363636,150.0,2.0,3
1856.6994978558284,279.98101510655295,1673.040472855633,278.9752525406565,183.65902482144503,23.71027815047171,1.787505837518518e-07,1.526554652668267e-08,6094.35002481224,805.9536898728807,5619.897543200856,805.0522087959773,474.452480788733,38.10894032152518,8.226519254388278e-07,6.999316995952611e-08,497.3648886973611,176.0576516015818,472.877018636241,175.8446465362753,24.48786997619267,8.657769458490149,8.492743528061248e-08,2.2274924768047034e-08,1136.6440441086716,274.7436159222646,1053.9974826791356,274.2828370670559,82.64656116965025,15.905338112964817,2.59885600490281e-07,1.87607593876284e-08,2666.72379755478,1196.2195337199546,-0.4362710824419307,0.6797017120387635,-0.6593346005823212,3.733073122066728,1.4363436509910015,5.361704973865657,1.477293540179415,-1.628631851798929,-0.7904229854036984,valid,egm_isolation,0.6212121212121212,0.75,0.6212121212121212,150.0,2.0,3
1857.4553245431157,279.98181034801706,1673.796299539117,278.9760506491198,183.65902482144503,23.71027815047171,1.825537876614657e-07,1.5422657490988622e-08,6103.8361980667605,805.9880490138705,5629.383716454108,805.086606409991,474.452480788733,38.10894032152518,8.239196600753657e-07,7.000464978908034e-08,497.45982760859516,176.05767583514677,472.9719575474751,175.844670799195,24.48786997619267,8.657769458490149,8.492743528061248e-08,2.2274924768047034e-08,1136.7127723961605,274.7436190667747,1054.0662109640891,274.28284021684857,82.64656116965025,15.905338112964817,2.624210697633569e-07,1.884623026013009e-08,2671.223000724022,1197.917086149683,-0.4381088823124568,0.6803798728454165,-0.6614914952935811,3.733880047103169,1.4363330617082843,5.369726061228321,1.4789198017911656,-1.635846014125152,-0.7934779321965942,valid,egm_isolation,0.6287878787878788,0.75,0.6287878787878788,150.0,2.0,3
1865.500824209669,280.07912479164537,1681.8417992056702,279.07371580656127,183.65902482144503,23.71027815047171,1.825537876614657e-07,1.5422657490988622e-08,6119.273651434242,806.0553966292313,5644.8211698177865,805.154029427089,474.452480788733,38.10894032152518,8.277228639849796e-07,7.003907798806193e-08,497.4598276098629,176.05767583514677,472.9719575474751,175.844670799195,24.48786997619267,8.657769458490149,8.619516991715043e-08,2.231097094549749e-08,1136.7127723961605,274.7436190667747,1054.0662109640891,274.28284021684857,82.64656116965025,15.905338112964817,2.624210697633569e-07,1.884623026013009e-08,2677.9788963954256,1200.6930725566679,-0.43552812287283116,0.6787569513214786,-0.6589832897189623,3.750053211679042,1.4416773525450133,5.383306847634847,1.4818296101667652,-1.6332536359558048,-0.7899935442860453,valid,egm_isolation,0.6363636363636364,0.75,0.6363636363636364,150.0,2.0,3
1872.9119964878164,280.175627479162,1689.2529714838176,279.1705660404933,183.65902482144503,23.71027815047171,1.825537876614657e-07,1.5422657490988622e-08,6122.368845341009,806.0612091645172,5644.855379974993,805.1540299631087,477.51346453575707,38.23167474659086,8.302583332580555e-07,7.006202072189451e-08,498.12316265098775,176.05891627267917,473.6352925873322,175.8459127392897,24.48786997619267,8.657769458490149,8.746290455368841e-08,2.2346958979680237e-08,1144.0973842929998,274.8419936319095,1061.450822858393,274.3813799860968,82.64656116965025,15.905338112964817,2.6495653903643285e-07,1.893131525370594e-08,2665.5892881371383,1191.9850493135514,-0.4232325347564607,0.671101719363577,-0.6473635960502283,3.75993757551901,1.4430584117222047,5.351265486131982,1.4659194329074323,-1.5913279106129723,-0.7736078243075765,valid,egm_isolation,0.6439393939393939,0.75,0.6439393939393939,150.0,2.0,3
1875.0186063685187,280.1779826002001,1691.3595813632521,279.1729296402953,183.65902482144503,23.71027815047171,1.8382152229800364e-07,1.5474673346892513e-08,6130.5092839226,806.0950213660137,5652.995818552781,805.1878802597224,477.51346453575707,38.23167474659086,8.340615371676694e-07,7.009642074286825e-08,530.8687449513918,179.07290981763367,506.38087488773624,178.86349560085756,24.48786997619267,8.657769458490149,8.746290455368841e-08,2.2346958979680237e-08,1144.2846608663936,274.84202466656257,1061.6380994279834,274.38141107284883,82.64656116965025,15.905338112964817,2.687597429460467e-07,1.905823052020395e-08,2844.131255770491,1235.6896916443407,-0.5168549507244204,0.6969160931694723,-0.7648543637751009,3.531981538186434,1.3030737417964975,5.357503682065347,1.4670079468954635,-1.8255221438789127,-0.9303585207781485,valid,egm_isolation,0.6515151515151515,0.75,0.6515151515151515,150.0,2.0,3
1897.8647847440054,280.4680646689369,1714.2057597374712,279.4640549501246,183.65902482144503,23.71027815047171,1.850892569345416e-07,1.552651494385342e-08,6132.018182053955,806.0955737844271,5654.5047166816,805.1884333005012,477.51346453575707,38.23167474659086,8.365970064407453e-07,7.01193447144122e-08,530.8713462055373,179.07290983652686,506.383476140614,178.86349561977286,24.48786997619267,8.657769458490149,8.873063919022636e-08,2.2382889151049943e-08,1144.292310641024,274.8420247020778,1061.6457492013462,274.3814111084237,82.64656116965025,15.905338112964817,2.7002747758258465e-07,1.910034820808017e-08,2844.82620130534,1235.9576724914145,-0.4989614772208686,0.6878795864891313,-0.7471799566044729,3.574999476444166,1.3165669479530437,5.358786496274579,1.4672686435940552,-1.783787019830413,-0.9048549863177017,valid,egm_isolation,0.6590909090909091,0.75,0.6590909090909091,150.0,2.0,3
1901.708155559625,280.4855630329844,1714.9881468047988,279.4648531720187,186.7200085684691,23.907047318150386,1.8635699157107954e-07,1.5578184021585494e-08,6135.181908474649,806.1013907999746,5654.607459351468,805.1884386118722,480.57444828278113,38.35401641847512,8.404002103503591e-07,7.015371662645251e-08,530.9636838638937,179.07293364315007,506.4758137989704,178.86351945426898,24.48786997619267,8.657769458490149,8.873063919022636e-08,2.2382889151049943e-08,1144.2949118951694,274.84202471438766,1061.6483504542239,274.3814111207542,82.64656116965025,15.905338112964817,2.712952122191226e-07,1.9142373227439417e-08,2846.782550054058,1236.6196426372435,-0.4969607937640259,0.6867284445729782,-0.7453091272014379,3.5816162448637554,1.318395662757117,5.361539096869376,1.4678477332516964,-1.7799228520056207,-0.9021385715937204,valid,egm_isolation,0.6666666666666667,0.75,0.6666666666666667,150.0,2.0,3
1909.0636058197429,280.58192291233365,1722.3435970623814,279.56156487205186,186.7200085684691,23.907047318150386,1.8889246084415547e-07,1.568101143510002e-08,6135.877006406642,806.1016622520125,5655.302557280925,805.1887103716923,480.57444828278113,38.35401641847512,8.429356796234351e-07,7.01766218816634e-08,530.9661311340365,179.07293365987263,506.4782610665777,178.86351947101113,24.48786997619267,8.657769458490149,9.126610846330226e-08,2.2454577015957018e-08,1144.297513149315,274.84202472669745,1061.6509517071015,274.38141113308467,82.64656116965025,15.905338112964817,2.7256294685566055e-07,1.9184306187278895e-08,2847.1117325419827,1236.7455621555032,-0.49136556993838165,0.6839052868943076,-0.7396839699847355,3.5954526925142445,1.3227388915821963,5.362134353957995,1.4679699422686436,-1.7666816614437502,-0.894069904093768,valid,egm_isolation,0.6742424242424243,0.75,0.6742424242424243,150.0,2.0,3
1949.798965767403,282.57933544562724,1763.0789570087736,281.566215852364,186.7200085684691,23.907047318150386,1.9016019548069342e-07,1.573217310915487e-08,6150.772428257052,806.1687389918264,5670.197979127532,805.2558631591843,480.57444828278113,38.35401641847512,8.467388835330489e-07,7.021096575356297e-08,530.9661311340365,179.07293365987263,506.4782610665777,178.86351947101113,24.48786997619267,8.657769458490149,9.126610846330226e-08,2.2454577015957018e-08,1144.334170576664,274.8420263078709,1061.6876091319152,274.3814127169125,82.64656116965025,15.905338112964817,2.7509841612873645e-07,1.9267898331282095e-08,2853.931940240664,1239.4311076474194,-0.46370574112875884,0.6701324614988647,-0.7112236366179789,3.6721720114294785,1.3479791240480177,5.374979255541669,1.4706583577826209,-1.7028072441121909,-0.853552614797512,valid,egm_isolation,0.6818181818181819,0.75,0.6818181818181819,150.0,2.0,3
1965.1681528019399,282.77136767586336,1778.4481440433105,281.7589385730398,186.7200085684691,23.907047318150386,1.9016019548069342e-07,1.573217310915487e-08,6150.904178579637,806.1687448236904,5670.329729448849,805.2558689976595,480.57444828278113,38.35401641847512,8.48006618169587e-07,7.02224099782731e-08,530.9687323881819,179.07293367876582,506.48086231945535,178.86351948992643,24.48786997619267,8.657769458490149,9.253384309984021e-08,2.2490335259266885e-08,1144.3633322133855,274.84202785494335,1061.7167707686367,274.38141426658206,82.64656116965025,15.905338112964817,2.7509841612873645e-07,1.9267898331282095e-08,2853.934325582369,1239.416406769124,-0.4522596051199106,0.6644098357844432,-0.6991199548890608,3.701099580691015,1.357083338329232,5.3749574155638005,1.4706162857087728,-1.6738578348727855,-0.8364702970297111,valid,egm_isolation,0.6893939393939394,0.75,0.6893939393939394,150.0,2.0,3
1965.35527538626,282.7713978388793,1778.6352666276307,281.75896884443887,186.7200085684691,23.907047318150386,1.9016019548069342e-07,1.573217310915487e-08,6158.293992984768,806.2022763486785,5677.719543848909,805.2894385339736,480.57444828278113,38.35401641847512,8.530775567157388e-07,7.026816823848037e-08,530.9687323881819,179.07293367876582,506.48086231945535,178.86351948992643,24.48786997619267,8.657769458490149,9.253384309984021e-08,2.2490335259266885e-08,1144.3683807338705,274.84202787814877,1061.7218192891216,274.3814142898264,82.64656116965025,15.905338112964817,2.7509841612873645e-07,1.9267898331282095e-08,2857.350491484178,1240.7674566779403,-0.4538595272158159,0.6650715307248585,-0.7009336939654686,3.7014519980235354,1.3571926824012506,5.381391251858535,1.4719803900896855,-1.6799392538349993,-0.8390578309126758,valid,egm_isolation,0.696969696969697,0.75,0.696969696969697,150.0,2.0,3
1976.435198415994,282.8843124528467,1786.6542059103406,281.8556682043985,189.7809923154932,24.102210126289812,1.9016019548069342e-07,1.573217310915487e-08,6166.437032836974,806.2360826382483,5685.8625836795745,805.3232831431361,480.57444828278113,38.35401641847512,8.746182601694534e-07,7.314516992503523e-08,531.7245590716658,179.07417703839053,507.2366890029392,178.8647643052719,24.48786997619267,8.657769458490149,9.253384309984021e-08,2.2490335259266885e-08,1144.3809250437153,274.84202793545506,1061.7343635976988,274.38141434722894,82.64656116965025,15.905338112964817,2.763661507652744e-07,1.9309558700635846e-08,2865.1701025191237,1242.952919790429,-0.44966559228220726,0.6622306316379616,-0.6971905654959717,3.717028233314328,1.3601810865152983,5.388447935377302,1.4734666714905686,-1.6714197020629742,-0.8335043346716685,valid,egm_isolation,0.7045454545454546,0.75,0.7045454545454546,150.0,2.0,3
1977.2200327509286,282.88510103432566,1787.4390402452752,281.85645966383106,189.7809923154932,24.102210126289812,1.9016019548069342e-07,1.573217310915487e-08,6174.038082937589,806.2696224608588,5693.463633780189,805.3568609801168,480.57444828278113,38.35401641847512,8.746182601694534e-07,7.316713870023643e-08,539.1989073714482,179.22509491448744,514.7110373027217,179.0158587251718,24.48786997619267,8.657769458490149,9.253384309984021e-08,2.2490335259266885e-08,1145.0494625893277,274.8428225583545,1062.4029011433113,274.3822103040855,82.64656116965025,15.905338112964817,2.763661507652744e-07,1.9309558700635846e-08,2907.328195990445,1250.9989290773262,-0.4704120673638159,0.6667641952874614,-0.7251829105721873,3.6669585299972494,1.3269815458798746,5.391940073030635,1.473359910797527,-1.7249815430333855,-0.8699533275167991,valid,egm_isolation,0.7121212121212122,0.75,0.7121212121212122,150.0,2.0,3
1992.6261851846232,283.07692737891455,1802.8451926751666,282.0489856058969,189.7809923154932,24.102210126289812,1.939633993903073e-07,1.588466946657845e-08,6190.165543928289,806.3372216208353,5709.591094765818,805.4245367480304,480.57444828278113,38.35401641847512,8.796891987156052e-07,7.321105647383015e-08,539.9812944387758,179.2263395720583,515.4934243700493,179.01710483750534,24.48786997619267,8.657769458490149,9.253384309984021e-08,2.2490335259266885e-08,1145.0520638409378,274.8428225706643,1062.405502396189,274.382210316416,82.64656116965025,15.905338112964817,2.7509841612873645e-07,1.935112938104594e-08,2919.1455207621298,1254.7107674976808,-0.46497398381405963,0.6631786625156079,-0.7203276262238776,3.690176318525329,1.3322882583346536,5.406012302326352,1.476352610431734,-1.715835983801023,-0.8628275316207024,valid,egm_isolation,0.7196969696969697,0.75,0.7196969696969697,150.0,2.0,3
1995.87184424836,283.0935066162294,1803.0298679918794,282.0490158355489,192.84197606251726,24.295805285509118,1.939633993903073e-07,1.588466946657845e-08,6216.004285738922,806.4438704780483,5732.368852825624,805.5254906175763,483.6354320298052,38.47596908367878,8.83492402625219e-07,7.324397752266312e-08,539.9837417063831,179.22633958876654,515.4958716376566,179.01710485423314,24.48786997619267,8.657769458490149,9.253384309984021e-08,2.2490335259266885e-08,1153.073450391255,274.9419544181377,1070.426888946506,274.4815085188391,82.64656116965025,15.905338112964817,2.7509841612873645e-07,1.935112938104594e-08,2910.9518145069524,1248.1542113629318,-0.45848633663310623,0.658696166429201,-0.714986774485121,3.6961702549437465,1.3341234796806525,5.39081381470516,1.4633506354165446,-1.6946435597614133,-0.8557844844223375,valid,egm_isolation,0.7272727272727273,0.75,0.7272727272727273,150.0,2.0,3
2028.7755414816334,284.97774426886207,1835.9335652251527,283.9401848525453,192.84197606251726,24.295805285509118,1.939633993903073e-07,1.588466946657845e-08,6224.17113071655,806.4776671587273,5740.5356978019845,805.5593258282439,483.6354320298052,38.47596908367878,8.84760137261757e-07,7.325494791786463e-08,539.9837417063831,179.22633958876654,515.4958716376566,179.01710485423314,24.48786997619267,8.657769458490149,9.253384309984021e-08,2.2490335259266885e-08,1161.0920817046915,275.0410505222394,1078.445520258675,274.58077079775506,82.64656116965025,15.905338112964817,2.763661507652744e-07,1.9392610949293483e-08,2894.6465738106594,1238.5106826840145,-0.4267948891461264,0.6425292026417728,-0.6813192742822584,3.7571048622141348,1.354100824758938,5.360618015393189,1.4473832135482678,-1.6035131531790539,-0.8090190524210495,valid,egm_isolation,0.7348484848484849,0.75,0.7348484848484849,150.0,2.0,3
2028.8704803928674,284.97775924022324,1836.0285041363868,283.94019987861395,192.84197606251726,24.295805285509118,1.939633993903073e-07,1.588466946657845e-08,6233.032877853877,806.5117374335226,5749.397444935508,805.5934349416654,483.6354320298052,38.47596908367878,8.88563341171371e-07,7.328784925057558e-08,540.64707674624,179.22755809591473,516.1592066775136,179.01832478555968,24.48786997619267,8.657769458490149,9.253384309984021e-08,2.2490335259266885e-08,1172.9226289146893,275.15794657008774,1087.2150837191134,274.680807772731,85.70754491667435,16.197203523672744,2.7890162003835036e-07,1.9475309025738552e-08,2873.0548133367156,1224.5816319221908,-0.4160858670388765,0.6355074546239206,-0.671424381384972,3.7526707674129254,1.351093679083259,5.3141040373833786,1.4237025771635785,-1.5614332699704532,-0.7955339001920301,valid,egm_isolation,0.7424242424242424,0.75,0.7424242424242424,150.0,2.0,3
2036.8868184226994,285.07336674876984,1844.0448421662188,284.0361566332837,192.84197606251726,24.295805285509118,1.939633993903073e-07,1.588466946657845e-08,6236.191247779743,806.5175514386142,5749.494831114351,805.5934402414844,486.6964157768293,38.597536429515166,8.88563341171371e-07,7.328784925057558e-08,540.7130497930456,179.22756289518853,516.2251797243191,179.01832959044276,24.48786997619267,8.657769458490149,9.253384309984021e-08,2.2490335259266885e-08,1173.5835166882068,275.1587402451806,1087.875971491363,274.68160282648614,85.70754491667435,16.197203523672744,2.801693546748883e-07,1.951652665708454e-08,2873.2424584449413,1224.3070787007734,-0.4106048664352835,0.6326593636559059,-0.6653278404618873,3.7670383934737743,1.355383896317449,5.3138026898826585,1.4228445110592447,-1.5467642964088841,-0.7871240724954868,valid,egm_isolation,0.75,0.75,0.75,150.0,2.0,3
